15	1	1	0
187	333	401	307	179	51	4	428	215	26	
10	9	6	1	8	4	
26	215	51	187	428	307	
600	986	1123	1063	2814	8209	


15	1	2	0
283	166	284	22	474	3	413	372	125	123	
10	9	7	4	3	8	1	
123	125	413	22	284	372	283	
390	891	1173	1359	3696	4722	6891	


15	1	3	0
271	357	44	56	7	360	336	41	30	217	
10	8	9	1	
217	41	30	271	
709	1363	1014	12014	


15	1	4	0
64	263	378	135	107	191	209	177	163	289	
10	9	8	7	6	5	4	3	
289	163	177	209	191	107	135	378	
372	832	605	818	704	987	1518	13504	


15	1	5	0
268	293	11	112	63	434	423	95	174	24	
9	10	2	9	10	-101	
174	24	293	174	24	64	
390	700	2132	10664	2654	4446	


15	1	6	0
40	257	258	282	89	425	254	161	460	164	
10	2	7	9	
164	257	254	460	
427	1745	1705	13863	


15	1	7	0
322	222	99	334	72	275	127	108	345	212	
4	10	-99	5	1	
334	212	0	72	322	
777	1745	5414	7109	6164	


15	1	8	0
441	132	150	84	377	320	180	255	278	337	
10	8	9	2	4	5	8	
337	255	278	132	84	377	255	
386	850	809	1073	1595	1032	12727	


15	1	9	0
406	35	90	273	353	328	287	34	438	111	
10	9	8	7	1	
111	438	34	287	406	
186	850	1041	995	16064	


15	1	10	0
31	366	218	200	62	97	185	272	58	43	
-99	9	10	8	3	
159	58	43	272	218	
504	832	918	927	6087	


15	1	11	0
461	383	267	347	178	310	443	387	119	458	
9	10	8	1	6	3	9	
119	458	387	461	310	267	119	
590	769	800	1468	1100	1086	5082	


15	1	12	0
60	103	29	259	309	157	291	202	422	253	
10	1	9	5	4	
253	60	422	309	259	
359	1150	1009	1295	13637	


15	1	13	0
116	256	294	380	145	346	162	342	391	306	
10	9	3	8	1	2	-99	
306	391	294	342	116	256	0	
386	700	1095	909	914	927	5737	


15	1	14	0
297	134	59	117	61	188	156	242	147	445	
10	9	7	1	2	8	3	
445	147	156	297	134	242	59	
550	900	1359	1118	1082	7818	1027	


15	1	15	0
385	219	476	210	169	446	65	77	100	113	
7	8	9	3	
65	77	100	476	
786	1054	1419	1654	


15	1	16	0
370	195	404	239	376	9	138	408	15	412	
10	9	8	3	4	10	
412	15	408	404	239	412	
359	1150	772	3896	2513	4491	


15	1	17	0
144	78	149	120	109	280	93	321	299	400	
10	9	5	8	7	6	
400	299	109	321	93	280	
345	936	882	1555	9809	8636	


15	1	18	0
206	264	348	37	240	374	199	5	313	311	
9	10	7	8	1	
313	311	199	5	206	
454	791	1582	1286	19159	


15	1	19	0
203	196	21	226	421	405	288	407	389	159	
10	9	8	3	1	6	
159	389	407	21	203	405	
445	491	782	1027	4273	11277	


15	1	20	0
73	241	442	104	14	42	450	433	327	301	
10	9	5	6	10	
301	327	14	42	301	
463	750	814	945	2582	


15	1	21	0
148	8	227	435	121	369	68	363	281	213	
10	8	7	9	4	9	10	
213	363	68	281	435	281	213	
422	768	746	1209	818	11227	4896	


15	1	22	0
153	98	233	83	81	54	154	361	129	468	
10	7	6	8	3	
468	154	54	361	233	
468	1763	1596	1150	1186	


15	1	23	0
181	48	304	45	367	402	350	469	324	155	
10	6	8	9	4	
155	402	469	324	45	
586	668	1023	845	13596	


15	1	24	0
269	10	142	454	76	28	214	136	479	330	
10	9	8	5	1	7	6	
330	479	136	76	269	214	28	
277	732	713	909	2291	2464	4591	


15	1	25	0
471	198	261	165	262	326	236	429	246	352	
10	1	8	7	9	
352	471	429	236	246	
363	877	578	922	1573	


15	1	26	0
167	305	285	351	436	66	92	427	465	451	
10	9	7	8	
451	465	92	427	
131	978	859	991	


15	1	27	0
447	308	418	216	379	341	444	411	32	439	
10	9	6	8	10	1	2	
439	32	341	411	439	447	308	
363	868	905	2645	3278	15327	2164	


15	1	28	0
25	182	183	424	204	354	409	416	373	244	
10	9	3	4	5	7	2	1	1	
244	373	183	424	204	409	182	25	25	
204	905	854	787	2400	850	7145	818	0	


15	1	29	0
201	122	151	205	277	266	46	114	173	431	
10	9	7	10	
431	173	46	431	
340	878	891	25091	


15	1	30	0
356	314	88	362	339	33	265	71	302	2	
10	8	7	-99	1	10	
2	71	265	470	356	2	
363	1027	910	2190	1978	9132	


15	1	31	0
457	318	355	211	207	467	96	398	220	118	
10	9	7	9	3	
118	220	96	220	355	
368	895	946	4050	8359	


15	1	32	0
232	399	452	459	249	480	368	449	472	105	
10	9	7	8	3	1	
105	472	368	449	452	232	
272	932	1377	1050	1109	1387	


15	1	33	0
52	87	243	410	141	477	223	160	168	47	
-99	8	9	5	
47	160	168	141	
290	755	791	1436	


16	1	1	0
55	219	291	136	446	97	138	248	176	422	
1	2	7	9	10	3	8	10	10	
55	219	138	176	422	291	248	422	422	
1040	478	677	727	1059	1705	5032	1591	14931	


16	1	2	0
358	442	286	279	457	386	126	351	155	164	
8	9	10	4	6	9	1	
351	155	164	279	386	155	358	
686	641	554	1023	1014	3263	7400	


16	1	3	0
297	161	43	145	24	106	411	306	275	303	
10	9	6	4	5	-106	6	
303	275	106	145	24	386	106	
663	705	791	1177	986	9387	10681	


16	1	4	0
149	313	331	68	57	421	270	194	243	124	
10	9	-106	3	6	7	
124	243	106	331	421	270	
527	841	941	1013	1368	1632	


16	1	5	0
44	143	5	235	13	357	198	423	142	200	
10	9	1	2	3	
200	142	44	143	5	
450	959	1163	1014	16586	


16	1	6	0
242	121	430	144	133	165	61	74	281	347	
10	9	8	-99	-110	4	8	8	
347	281	74	0	200	144	74	74	
659	859	1191	1045	3427	15482	3714	0	


16	1	7	0
118	87	380	355	79	160	96	302	175	29	
10	9	2	1	-202	
29	175	87	118	143	
663	564	804	991	5441	


16	1	8	0
173	91	3	90	20	315	227	269	158	41	
10	8	9	1	
41	269	158	173	
695	682	632	1377	


16	1	9	0
338	368	232	317	72	185	100	259	284	98	
8	9	10	4	-110	2	9	-401	
259	284	98	317	41	368	284	44	
568	595	623	1268	3109	4446	4541	7254	


16	1	10	0
159	119	225	27	283	456	238	188	277	131	
10	6	8	7	9	10	
131	456	188	238	277	131	
290	887	950	991	1241	12268	


16	1	11	0
268	316	184	94	406	169	10	241	153	285	
10	9	2	1	3	10	
285	153	316	268	184	285	
245	614	1731	891	1814	8450	


16	1	12	0
453	47	12	471	1	9	479	11	305	16	
10	9	-99	8	1	3	2	6	4	5	
16	305	0	11	453	12	47	9	471	1	
354	500	877	1105	1650	1094	2720	2970	2860	2945	


16	1	13	0
33	415	468	38	328	440	108	280	323	237	
10	9	-99	-106	-104	5	2	8	
237	323	256	9	471	328	415	280	
909	822	4028	1468	2727	996	2013	8432	


16	1	14	0
224	226	207	4	113	80	23	273	370	202	
10	8	-99	2	5	6	7	
202	273	0	226	113	80	23	
381	864	1241	4554	5937	982	4736	


16	1	15	0
459	82	469	390	58	215	465	451	210	18	
9	10	5	8	-102	1	2	5	
210	18	58	451	226	459	82	58	
227	977	936	3523	1337	1536	959	16268	


16	1	16	0
340	197	101	320	93	414	300	348	128	117	
5	6	7	9	10	-99	
93	414	300	128	117	0	
286	654	1946	1236	514	1968	


16	1	17	0
258	178	191	445	433	416	321	69	146	369	
10	-99	9	1	7	3	-107	-110	
369	0	146	258	321	191	300	117	
222	591	714	736	1322	1199	2444	15615	


16	1	18	0
233	381	350	250	339	312	49	67	229	152	
-99	9	7	8	1	3	-99	
0	229	49	67	233	350	50	
327	636	1168	1755	1527	732	7505	


16	1	19	0
216	193	314	420	240	394	105	267	83	349	
10	6	7	9	2	
349	394	105	83	193	
281	737	768	964	1204	


17	1	1	0
251	362	137	108	145	233	469	213	280	75	
7	6	
469	233	
9895	323	


17	1	2	0
193	8	164	229	38	114	351	195	312	437	
10	1	4	-99	3	9	
437	193	229	0	164	312	
827	1041	754	3400	3678	4695	


17	1	3	0
364	173	178	220	204	472	68	78	44	396	
10	9	8	6	5	2	1	
396	44	78	472	204	173	364	
872	571	397	3384	2495	6922	1231	


17	1	4	0
49	166	111	146	127	237	144	416	350	397	
10	7	9	1	-201	5	4	-103	
397	144	350	49	193	127	146	178	
750	745	550	2250	500	13200	564	6181	


17	1	5	0
261	190	325	246	419	372	243	236	354	336	
10	8	9	1	2	3	6	5	
336	236	354	261	190	325	372	419	
859	431	673	1723	700	486	5518	782	


17	1	6	0
215	52	86	265	370	305	256	433	260	172	
8	9	10	-209	4	-105	3	
433	260	172	350	265	419	86	
227	354	346	2823	2095	3891	3486	


17	1	7	0
381	349	302	402	47	60	450	352	238	110	
9	10	8	4	6	10	
238	110	352	402	60	110	
645	464	577	1600	7036	17414	


17	1	8	0
89	285	298	155	206	29	36	124	181	344	
8	9	10	2	4	-409	
124	181	344	285	155	350	
527	523	590	1100	723	20337	


17	1	9	0
227	187	230	216	451	255	367	214	405	322	
10	1	7	2	9	10	
322	227	367	187	405	322	
595	568	1964	2132	2854	6900	


17	1	10	0
30	19	342	126	244	9	287	101	141	13	
9	10	1	2	5	4	-503	
141	13	30	19	244	126	325	
686	550	2404	441	2641	655	5823	


17	1	11	0
168	94	388	281	232	1	85	395	328	148	
8	9	10	2	8	
395	328	148	94	395	
1140	2000	728	2968	17104	


17	1	12	0
149	42	371	455	48	88	143	288	103	11	
10	-99	9	2	-99	
11	20	103	42	0	
559	481	573	6214	19427	


17	1	13	0
191	129	169	387	459	346	217	83	150	201	
10	7	8	6	5	
201	217	83	346	459	
577	582	668	2554	20123	


17	1	14	0
466	162	456	41	373	112	361	343	235	426	
9	10	1	-99	2	
235	426	466	0	162	
227	477	1559	5032	2277	


17	1	15	0
105	45	403	253	434	369	436	389	72	115	
9	10	6	7	
72	115	369	436	
354	464	818	582	


17	1	16	0
477	394	122	184	224	80	138	67	97	56	
9	10	8	5	-99	2	1	-709	
97	56	67	224	0	394	477	405	
940	560	859	2577	527	3105	6009	3568	


17	1	17	0
273	202	263	304	3	113	198	174	331	24	
9	8	
331	174	
2786	600	


17	1	18	0
121	12	319	257	63	291	92	422	345	242	
7	8	9	10	
92	422	345	242	
463	441	468	414	


17	1	19	0
276	335	125	309	378	66	123	264	294	359	
9	10	8	7	
294	359	264	123	
145	336	364	2005	


17	1	20	0
401	90	93	334	177	303	130	17	476	380	
-99	9	8	6	5	9	-105	
398	476	17	303	177	476	378	
309	450	318	2168	873	12745	7741	


17	1	21	0
134	154	379	329	153	106	411	410	356	28	
8	10	9	3	-502	1	6	
410	28	356	379	394	134	106	
609	577	495	2405	968	8718	7659	


17	1	22	0
39	468	152	31	296	241	390	385	165	391	
9	10	1	2	
165	391	39	468	
540	455	2982	573	


17	1	23	0
192	406	23	259	228	167	116	314	267	429	
10	9	3	-99	6	5	
429	267	23	0	167	228	
572	637	613	599	1939	15323	


17	1	24	0
407	358	323	442	157	470	418	475	430	197	
6	10	7	
470	197	418	
700	445	532	


17	1	25	0
218	248	119	219	117	186	50	431	142	292	
9	10	3	-99	5	2	
142	292	119	0	117	248	
595	673	872	1187	1700	2141	


17	1	26	0
99	315	268	479	196	76	57	185	353	326	
10	5	9	6	2	
326	196	353	76	315	
359	386	364	1259	20968	


17	1	27	0
474	480	203	277	199	73	156	348	209	374	
9	10	6	8	4	
209	374	73	348	277	
313	468	405	454	2710	


17	1	28	0
14	300	427	5	163	43	147	293	40	70	
10	8	9	-99	
70	293	40	240	
331	423	468	10750	


17	1	29	0
414	443	84	269	289	71	297	310	250	205	
10	7	9	8	2	4	
205	297	250	310	443	269	
713	418	414	536	6019	3750	


17	1	30	0
377	225	393	339	221	10	55	102	283	182	
9	10	-1510	
283	182	115	
459	509	650	


17	1	31	0
320	46	284	398	438	95	447	7	355	478	
10	8	9	5	-1009	6	-99	
478	7	355	438	356	95	15	
450	459	745	9800	536	2396	14836	


17	1	32	0
20	463	21	159	279	399	22	139	424	239	
8	9	10	-99	3	8	
139	424	239	0	21	139	
336	423	654	1341	2609	2132	


17	1	33	0
58	176	170	421	100	208	212	183	444	15	
-99	7	8	9	1	3	
15	212	183	444	58	170	
404	473	532	636	1568	5214	


18	1	1	0
5	340	319	4	134	374	180	50	326	450	
1	2	6	10	
5	340	374	450	
1090	605	1786	550	


18	1	2	0
41	15	124	115	60	272	74	257	377	130	
9	10	5	6	3	2	
377	130	60	272	124	15	
727	336	814	459	1809	4532	


18	1	3	0
411	382	305	258	263	207	391	226	373	210	
3	5	9	10	-110	8	9	5	
305	263	373	210	130	226	373	263	
1009	563	1155	2241	2309	4695	3482	10096	


18	1	4	0
339	189	360	135	418	221	332	70	303	361	
1	2	4	5	6	9	3	
339	189	135	418	221	303	360	
1122	2491	1546	436	1441	754	8737	


18	1	5	0
239	385	268	462	19	16	425	337	300	121	
10	9	1	4	3	
121	300	239	462	268	
772	396	1572	2705	2273	


18	1	6	0
222	349	13	84	464	129	175	133	94	113	
9	10	6	1	7	3	
94	113	129	222	175	13	
613	482	1086	1941	10714	10714	


18	1	7	0
147	407	75	314	237	193	470	440	26	81	
10	9	7	5	6	1	3	8	
81	26	470	237	193	147	75	440	
368	509	1236	1091	1200	3332	3664	14272	


18	1	8	0
128	9	295	126	166	306	463	251	194	111	
9	10	7	3	1	5	-99	
194	111	463	295	128	166	0	
636	627	1382	2482	518	3264	14136	


18	1	9	0
358	415	309	224	202	212	225	48	317	293	
10	9	4	1	2	5	
293	317	224	358	415	202	
559	686	2827	1855	1086	13641	


18	1	10	0
283	35	32	66	310	205	6	217	288	304	
9	8	10	-99	7	-109	
288	217	304	0	6	317	
1018	1395	337	1150	418	14641	


18	1	11	0
2	119	117	392	218	62	114	472	247	445	
8	9	10	6	1	4	2	
472	247	445	62	2	392	119	
1168	386	496	2518	2341	3181	6914	


18	1	12	0
91	416	33	186	335	27	365	10	65	346	
9	10	7	8	-202	
65	346	365	10	35	
1663	505	1313	537	15995	


18	1	13	0
235	449	252	432	255	338	213	77	228	279	
10	5	4	-99	6	7	8	
279	255	432	289	338	213	77	
1286	1254	532	1114	1645	791	378	


18	1	14	0
57	388	246	185	18	434	132	287	271	478	
6	10	4	7	9	
434	478	185	132	271	
1213	759	437	1891	395	


18	1	15	0
53	350	413	232	366	429	107	438	354	164	
9	10	8	5	
354	164	438	366	
822	532	591	1423	


18	1	16	0
477	40	220	209	17	264	200	120	437	299	
9	10	5	6	4	
437	299	17	264	209	
800	490	1305	818	1450	


18	1	17	0
93	112	325	320	356	275	137	139	169	435	
10	7	8	9	5	
435	137	139	169	356	
550	722	423	459	1468	


18	1	18	0
459	83	467	278	30	454	311	238	294	174	
10	8	9	1	
174	238	294	459	
700	663	632	13750	


18	1	19	0
414	195	98	51	284	73	206	101	315	400	
9	10	5	3	
315	400	284	98	
536	450	1232	1413	


18	1	20	0
313	406	267	140	427	270	455	29	274	159	
-1606	-408	8	7	2	
221	120	29	455	406	
777	432	1350	5645	727	


18	1	21	0
92	343	8	367	328	1	54	99	177	31	
9	-110	2	1	9	
177	159	343	92	177	
963	764	3636	505	12732	


18	1	22	0
173	243	469	398	345	249	405	355	123	412	
4	9	10	5	3	1	7	
398	123	412	345	469	173	405	
1672	887	413	1491	1818	673	5636	


18	1	23	0
286	55	281	153	150	421	410	227	290	393	
9	10	1	2	4	3	6	5	
290	393	286	55	153	281	421	150	
1786	418	2218	1118	2214	686	5819	1581	


18	1	24	0
36	148	364	269	408	331	167	347	109	149	
9	10	5	6	8	-809	
109	149	408	331	347	437	
1186	304	1091	978	1268	6509	


18	1	25	0
25	379	67	473	363	466	369	460	387	443	
-99	9	10	2	3	8	7	
0	387	443	379	67	460	369	
1640	760	463	7091	3941	4877	4332	


18	1	26	0
116	262	22	312	172	69	439	371	362	316	
9	10	3	5	7	8	4	6	
362	316	22	172	439	371	312	69	
1700	654	1773	1023	1063	1141	1141	6914	


18	1	27	0
386	436	302	105	155	334	298	348	104	86	
9	10	5	6	7	
104	86	155	334	298	
772	459	969	445	1377	


18	1	28	0
233	76	333	80	158	380	178	7	214	14	
9	10	1	8	7	
214	14	233	7	178	
1540	541	1623	1441	1427	


18	1	29	0
375	456	341	297	260	145	256	457	58	292	
9	10	1	-2404	3	10	
58	292	375	462	341	292	
1100	463	1259	505	532	13141	


18	1	30	0
59	428	441	196	61	23	106	394	37	409	
9	10	7	8	10	
37	409	106	394	409	
1109	345	868	455	25450	


18	1	31	0
161	468	110	324	100	171	236	417	38	90	
10	8	9	4	-1509	1	2	
90	417	38	324	437	161	468	
895	436	714	1036	1214	11200	1045	


18	1	32	0
352	157	422	442	307	318	266	151	211	187	
9	10	5	6	
211	187	307	318	
2081	469	2522	559	


18	1	33	0
261	383	88	231	474	401	244	78	336	446	
8	9	-99	6	7	
78	336	446	401	244	
1327	532	368	1963	555	


19	1	1	0
148	305	299	355	433	312	167	89	264	271	
10	9	8	4	5	3	
271	264	89	355	433	299	
3381	532	923	773	7331	14510	


19	1	2	0
140	478	266	227	187	71	347	92	74	42	
10	9	8	3	4	6	
42	74	92	266	227	71	
831	528	804	1150	977	6514	


19	1	3	0
192	77	273	85	386	403	72	197	108	54	
10	8	1	4	6	
54	197	192	85	403	
850	1131	1278	1313	5064	


19	1	4	0
158	81	380	14	332	101	57	284	361	451	
10	4	2	-110	9	
451	14	81	54	361	
1081	1932	3037	9618	10595	


19	1	5	0
223	294	40	147	3	225	8	307	183	113	
8	7	9	10	
307	8	183	113	
1495	900	991	936	


19	1	6	0
33	220	411	297	171	316	88	311	384	99	
10	8	9	-108	
99	311	384	307	
1059	945	1400	4427	


19	1	7	0
301	125	173	251	263	239	352	454	65	232	
10	9	5	6	1	2	4	
232	65	263	239	301	125	251	
945	886	1523	1018	6800	1373	2964	


19	1	8	0
31	132	379	480	469	370	170	281	78	206	
10	9	7	6	5	-99	2	3	4	
206	78	170	370	469	159	132	379	480	
1218	954	1550	1132	1527	3628	1081	1291	1246	


19	1	9	0
186	320	450	34	262	348	136	13	62	404	
10	9	5	8	7	1	3	
404	62	262	13	136	186	450	
786	1045	1064	1227	996	4309	15823	


19	1	10	0
274	91	322	198	401	443	126	11	367	94	
10	9	8	3	4	1	2	
94	367	11	322	198	274	91	
1050	954	1468	1096	1263	1300	1196	


19	1	11	0
16	304	328	366	9	15	378	236	437	1	
10	9	7	4	
1	437	378	366	
909	1113	1391	2387	


19	1	12	0
37	303	427	381	253	265	248	164	215	98	
10	9	8	5	2	
98	215	164	253	303	
663	1064	1250	1404	20300	


19	1	13	0
172	257	181	310	375	449	123	117	460	342	
10	7	8	9	4	6	5	2	
342	123	117	460	310	449	375	257	
640	1282	1341	1437	1654	1327	1528	5613	


19	1	14	0
28	115	229	160	250	154	84	203	444	38	
7	8	9	10	5	-103	6	
84	203	444	38	250	181	154	
945	1086	1173	1341	1291	8118	7327	


19	1	15	0
260	184	466	169	23	317	52	285	61	336	
7	8	9	10	1	3	
52	285	61	336	260	466	
1354	1305	2113	1555	5777	3200	


19	1	16	0
191	35	127	292	68	166	175	209	135	79	
10	9	8	6	4	
79	135	209	166	292	
704	1332	1309	1427	8232	


19	1	17	0
267	90	139	168	435	390	394	193	83	64	
9	10	8	7	
83	64	193	394	
654	1177	1696	1032	


19	1	18	0
100	315	222	204	313	112	353	452	109	326	
9	10	8	7	6	
109	326	452	353	112	
1418	1245	1168	1537	12095	


19	1	19	0
107	258	150	217	156	106	414	230	143	119	
6	7	9	10	1	
106	414	143	119	107	
1736	1109	1677	1355	12686	


19	1	20	0
419	199	39	254	82	116	161	448	69	152	
9	10	8	6	7	4	-208	
69	152	448	116	161	254	452	
568	1322	1650	1550	1937	7827	12927	


19	1	21	0
364	196	442	18	291	302	259	256	268	421	
10	-99	9	7	
421	275	268	259	
4427	1673	1150	4950	


19	1	22	0
473	235	208	87	49	177	330	238	6	308	
10	9	8	6	7	4	2	9	
308	6	238	177	330	87	235	6	
704	1082	1595	1182	1146	1309	4072	7341	


19	1	23	0
288	231	67	247	362	471	145	383	182	216	
10	9	8	6	1	
216	182	383	471	288	
1018	2259	1104	1728	17800	


19	1	24	0
29	474	306	398	270	32	30	470	46	10	
8	9	10	2	4	
470	46	10	474	398	
650	1145	1505	1386	1464	


19	1	25	0
60	137	436	417	120	447	319	73	241	280	
9	10	8	7	
241	280	73	319	
613	946	1222	1269	


19	1	26	0
36	407	440	26	228	249	287	418	467	441	
9	10	1	7	6	5	4	
467	441	36	287	249	228	26	
750	950	1377	1059	9309	3727	1187	


19	1	27	0
345	309	409	395	56	226	96	324	224	211	
9	10	8	2	4	5	
224	211	324	309	395	56	
613	1068	1419	1213	1159	2482	


19	1	28	0
80	463	50	17	477	2	333	252	391	128	
10	9	8	7	4	
128	391	252	333	17	
940	969	1163	1168	1355	


19	1	29	0
178	131	246	242	286	327	201	377	244	376	
7	8	9	10	
201	377	244	376	
863	1164	1036	1437	


19	1	30	0
210	426	104	151	314	279	44	331	75	373	
5	7	9	6	10	
314	44	75	279	373	
1395	1641	1164	1477	1436	


19	1	31	0
438	406	374	218	95	464	465	129	387	372	
9	10	8	1	
387	372	129	438	
772	1168	1355	2405	


19	1	32	0
138	43	41	102	392	422	200	76	410	338	
1	10	9	8	
138	338	410	76	
1113	1396	1327	1532	


19	1	33	0
275	412	350	431	335	397	165	45	343	219	
8	-99	9	6	7	1	2	
45	219	343	397	165	275	412	
427	800	1086	1009	1291	1173	6914	


20	1	1	0
120	267	234	380	237	146	469	138	31	249	
9	10	4	8	5	1	
31	249	380	138	237	120	
1572	750	1009	1164	805	2154	


20	1	2	0
27	163	180	357	102	344	49	157	388	154	
10	9	-99	5	2	6	
154	388	172	102	163	344	
700	668	913	728	1077	8927	


20	1	3	0
94	29	476	109	56	68	236	261	125	408	
10	9	8	1	7	5	4	8	
408	125	261	94	236	56	109	261	
800	1836	964	781	823	1896	1781	4419	


20	1	4	0
387	199	66	436	468	379	479	458	74	373	
10	8	9	5	3	8	
373	458	74	468	66	458	
745	841	795	5146	2327	14591	


20	1	5	0
198	209	366	135	25	317	40	464	337	130	
10	8	9	2	6	
130	464	337	209	317	
1209	963	937	1104	8359	


20	1	6	0
80	26	435	75	99	423	51	104	374	223	
3	9	10	4	1	
435	374	223	75	80	
1027	950	732	1713	11946	


20	1	7	0
257	225	419	268	450	406	345	477	152	360	
10	9	7	8	6	3	2	1	4	
360	152	345	477	406	419	225	257	268	
877	732	836	714	1141	1536	1300	1895	1132	


20	1	8	0
413	227	207	329	336	183	351	286	69	123	
10	8	9	4	6	8	
123	286	69	329	183	286	
1000	722	578	913	887	1495	


20	1	9	0
381	205	129	284	311	412	364	93	110	176	
10	9	8	7	3	-99	6	
176	110	93	364	129	206	412	
654	727	764	8386	6459	1137	8841	


20	1	10	0
142	308	294	362	9	409	103	475	188	243	
10	9	8	7	1	6	
243	188	475	103	142	409	
622	728	668	736	868	1732	


20	1	11	0
170	273	184	179	405	239	443	167	428	43	
1	2	3	9	4	
170	273	184	428	179	
695	823	1518	1718	3332	


20	1	12	0
134	204	291	441	431	48	42	21	407	119	
10	9	8	2	6	1	
119	407	21	204	48	134	
1381	596	1218	1295	1676	14434	


20	1	13	0
203	139	39	266	32	189	307	216	361	339	
10	9	8	7	6	5	4	8	
339	361	216	307	189	32	266	216	
481	741	809	1082	1332	1227	6246	13250	


20	1	14	0
397	84	416	177	181	149	375	384	22	30	
10	9	8	6	1	5	4	
30	22	384	149	397	181	177	
936	723	631	1050	1196	1268	12023	


20	1	15	0
150	319	451	60	279	44	79	370	334	13	
10	9	8	5	6	
13	334	370	279	44	
645	700	536	555	1204	


20	1	16	0
394	338	323	352	194	440	156	169	285	112	
6	8	9	4	2	-99	3	
440	169	285	352	338	0	323	
2686	864	1250	1736	686	2728	11904	


20	1	17	0
61	367	8	11	303	12	275	391	289	232	
10	5	8	3	7	9	6	
232	303	391	8	275	289	12	
740	864	714	1332	1509	1186	7950	


20	1	18	0
256	208	332	91	348	36	230	52	442	371	
10	9	8	6	3	1	
371	442	52	36	332	256	
1059	704	659	868	1064	2105	


20	1	19	0
168	396	470	314	2	50	73	24	132	113	
10	8	9	5	6	-404	
113	24	132	2	50	60	
568	654	814	577	4441	9736	


20	1	20	0
164	340	255	305	220	78	82	433	178	421	
10	9	8	5	-101	
421	178	433	220	168	
581	896	795	1050	24159	


20	1	21	0
386	418	271	118	202	399	369	85	185	410	
1	2	3	4	6	10	5	7	
386	418	271	118	399	410	202	369	
740	905	1182	2018	559	991	1945	2882	


20	1	22	0
19	310	312	320	224	460	426	182	35	95	
10	9	8	7	2	3	
95	35	182	426	310	312	
754	718	850	791	2609	1723	


20	1	23	0
245	71	153	265	57	233	454	111	86	417	
9	10	7	8	5	10	
86	417	454	111	57	417	
881	514	759	882	945	6578	


20	1	24	0
429	197	165	28	133	193	248	253	115	259	
10	9	8	2	1	7	
259	115	253	197	429	248	
713	637	627	804	1364	5450	


20	1	25	0
97	140	242	47	453	400	53	277	141	174	
10	7	-1501	-101	4	
174	53	142	429	47	
1090	569	5613	5764	3064	


20	1	26	0
347	116	264	251	276	107	106	402	378	54	
10	8	9	5	6	4	1	
54	402	378	276	107	251	347	
2786	750	704	1278	1482	2054	2050	


20	1	27	0
349	46	15	20	228	290	299	41	424	151	
10	8	9	6	-99	3	8	
151	41	424	290	0	15	41	
672	578	500	831	2591	4814	827	


20	1	28	0
124	452	101	422	353	217	343	304	393	262	
10	9	8	6	5	
262	393	304	217	353	
736	477	1164	732	3831	


20	1	29	0
438	301	359	87	462	17	127	160	238	297	
10	9	7	8	4	-109	
297	238	127	160	87	393	
922	591	727	873	755	4022	


20	1	30	0
389	315	385	295	434	241	306	480	37	382	
8	9	10	1	7	-102	
480	37	382	389	306	301	
536	618	518	659	959	2191	


20	1	31	0
159	81	34	89	70	355	219	330	58	23	
10	9	8	-103	-303	2	
23	58	330	385	101	81	
668	513	750	632	964	2332	


20	1	32	0
45	5	210	318	128	473	158	77	190	201	
9	10	3	4	7	6	2	1	
190	201	210	318	158	473	5	45	
618	554	618	810	1072	1973	2200	5845	


20	1	33	0
316	187	235	240	231	403	117	457	166	6	
9	-99	8	7	4	2	
166	6	457	117	240	187	
695	455	881	696	1163	11373	


21	1	1	0
224	23	136	159	338	179	358	286	381	261	
10	9	8	6	7	1	
261	381	286	179	358	224	
722	496	791	2527	1400	11804	


21	1	2	0
211	54	144	174	123	272	6	294	40	373	
10	8	9	4	5	10	1	2	
373	294	40	174	123	373	211	54	
700	568	677	773	1113	10059	4450	837	


21	1	3	0
73	466	18	93	17	33	165	327	137	371	
-99	9	8	3	7	-99	-99	
480	137	327	18	165	480	0	
450	413	341	2109	491	16023	1573	


21	1	4	0
403	44	269	130	425	478	375	188	9	299	
10	9	7	-106	8	
299	9	375	33	188	
613	423	8241	882	3795	


21	1	5	0
287	20	442	242	384	416	176	82	313	449	
10	9	8	7	6	10	
449	313	82	176	416	449	
427	486	446	707	15344	7360	


21	1	6	0
470	146	204	318	206	61	12	125	334	345	
10	9	7	8	10	3	2	-99	
345	334	12	125	345	204	146	0	
531	419	322	1205	3173	13368	1513	3778	


21	1	7	0
158	208	10	128	349	97	139	100	187	394	
10	9	8	3	9	
394	187	100	10	187	
351	618	520	392	4214	


21	1	8	0
367	2	215	200	185	96	433	232	233	217	
10	9	8	5	4	6	10	
217	233	232	185	200	96	217	
331	487	404	2124	11663	709	8119	


21	1	9	0
201	68	45	415	175	477	380	240	157	71	
10	7	8	-99	-99	-99	-99	1	3	
71	380	240	432	226	209	0	201	45	
481	550	628	1100	4150	4586	4814	2863	3155	


21	1	10	0
58	305	336	284	227	296	135	145	239	193	
10	9	-99	7	-110	5	
193	239	304	135	71	227	
440	471	1429	1665	3060	10419	


21	1	11	0
38	62	66	106	462	177	113	324	160	60	
10	9	8	6	4	7	-506	
60	160	324	177	106	113	61	
204	563	349	495	1097	5437	5072	


21	1	12	0
374	382	331	35	378	347	48	411	370	150	
10	9	8	-99	
150	370	411	67	
363	641	513	1049	


21	1	13	0
21	252	401	310	161	307	129	63	1	14	
3	4	8	9	10	5	-108	
401	310	63	1	14	161	411	
436	595	541	491	687	4086	3086	


21	1	14	0
320	243	59	170	437	80	297	102	153	74	
10	9	7	8	-309	
74	153	297	102	160	
354	586	469	509	4841	


21	1	15	0
248	262	207	406	357	110	337	149	410	469	
10	9	5	4	-99	2	8	10	-99	-802	
469	410	357	406	257	262	149	469	0	208	
236	327	637	1390	1287	332	1418	2936	9509	5178	


21	1	16	0
398	138	56	285	319	196	218	52	427	5	
10	7	9	4	3	6	1	2	
5	218	427	285	56	196	398	138	
668	386	514	3045	541	3050	3059	600	


21	1	17	0
281	436	171	260	92	236	183	111	116	46	
10	9	8	6	7	9	10	
46	116	111	236	183	116	46	
545	482	541	1222	1182	4514	11014	


21	1	18	0
103	311	225	288	323	351	346	315	459	117	
10	9	7	8	2	3	5	-99	
117	459	346	315	311	225	323	0	
345	559	491	523	2891	581	7260	4168	


21	1	19	0
306	182	81	316	22	264	244	4	11	245	
10	9	5	6	4	
245	11	22	264	316	
404	723	1400	609	2432	


21	1	20	0
29	89	115	392	202	447	238	98	28	400	
10	9	8	7	-99	1	2	
400	28	98	238	0	29	89	
313	600	527	2128	1963	6128	600	


21	1	21	0
167	37	450	455	108	377	467	198	237	147	
-99	9	-602	-99	
0	237	262	0	
295	714	1304	13182	


21	1	22	0
426	70	353	231	7	339	258	390	16	421	
10	9	5	6	3	
421	16	7	339	353	
140	846	654	2455	21086	


21	1	23	0
8	476	30	453	292	395	263	87	328	119	
10	8	9	2	3	4	5	
119	87	328	476	30	453	292	
513	405	363	864	655	422	873	


21	1	24	0
314	366	95	283	458	154	241	330	190	256	
10	6	5	3	4	-99	1	
256	154	458	95	283	0	314	
454	868	1296	3577	559	11391	2005	


21	1	25	0
31	168	365	132	221	131	329	435	274	223	
10	9	8	5	6	4	
223	274	435	221	131	132	
377	504	450	1305	795	15373	


21	1	26	0
255	148	105	454	434	229	79	192	468	440	
10	9	8	2	-99	3	
440	468	192	148	0	105	
295	509	477	2041	3700	5773	


21	1	27	0
344	209	156	356	271	205	460	408	107	76	
10	9	8	7	5	-2304	
76	107	408	460	271	130	
568	527	645	1119	1031	16950	


21	1	28	0
302	393	419	109	26	121	101	423	25	24	
10	9	8	4	3	9	5	
24	25	423	109	419	25	26	
500	395	341	1095	1564	11736	12732	


21	1	29	0
270	332	247	216	279	186	222	184	309	57	
10	9	4	8	1	
57	309	216	184	270	
550	359	391	545	1968	


21	1	30	0
219	277	322	471	461	235	429	452	253	19	
-99	9	3	8	9	
0	253	322	452	253	
459	345	1214	422	23669	


21	1	31	0
169	142	203	472	155	360	389	162	265	251	
10	9	5	4	-2501	-2505	
251	265	155	472	470	206	
1281	600	1669	2986	9136	9378	


21	1	32	0
246	312	164	67	88	65	304	250	213	257	
10	9	7	8	-1403	5	-509	3	
257	213	304	250	225	88	107	164	
813	437	359	372	1669	4554	8082	5777	


21	1	33	0
120	333	126	444	293	404	259	133	451	363	
-99	9	8	6	5	-99	
363	451	133	404	293	0	
404	377	1173	432	1627	3668	


22	1	1	0
44	440	445	326	163	392	13	3	158	407	
10	9	8	2	
407	158	3	440	
919	1491	490	1520	


22	1	2	0
441	38	54	260	318	83	429	151	237	388	
10	9	8	5	-99	
388	237	151	318	0	
872	1982	1641	1605	3913	


22	1	3	0
81	25	366	152	288	346	66	265	76	140	
-99	9	7	8	3	
0	76	66	265	366	
795	1436	1846	1668	1371	


22	1	4	0
177	315	242	348	358	405	146	432	194	339	
10	8	9	7	5	3	
339	432	194	146	358	242	
631	1341	1559	1482	1537	1736	


22	1	5	0
232	118	123	161	458	312	178	180	235	78	
10	9	8	7	1	2	
78	235	180	178	232	118	
459	1209	1395	1287	1527	1682	


22	1	6	0
220	206	64	299	37	42	86	345	215	384	
9	10	8	-99	7	2	
215	384	345	205	86	206	
995	1045	1810	1650	1513	1341	


22	1	7	0
74	89	9	130	68	71	254	332	84	256	
10	9	8	6	-99	
256	84	332	71	245	
677	1359	1691	1836	18041	


22	1	8	0
249	90	128	62	186	295	310	363	171	23	
9	10	8	7	3	6	
171	23	363	310	128	295	
813	1223	1268	1900	13268	864	


22	1	9	0
141	170	103	228	139	126	468	97	418	53	
10	9	8	-99	2	5	
53	418	97	0	170	139	
609	1031	1578	2286	1341	4155	


22	1	10	0
438	380	120	213	20	341	303	370	278	383	
10	9	8	7	3	5	
383	278	370	303	120	20	
654	1318	1587	1422	1505	1545	


22	1	11	0
477	208	434	379	342	201	109	442	479	155	
7	10	8	9	4	6	
109	155	442	479	379	201	
1304	1446	1236	1450	1564	1645	


22	1	12	0
219	124	329	21	230	50	200	266	229	401	
10	9	8	7	5	4	
401	229	266	200	230	21	
650	1395	1386	1541	1396	17545	


22	1	13	0
291	252	268	297	275	197	143	305	148	24	
10	9	7	8	2	-704	3	4	
24	148	143	305	252	299	268	297	
522	1273	1832	1736	1514	2200	1273	1831	


22	1	14	0
98	351	19	374	289	48	17	456	46	93	
10	9	7	6	2	3	
93	46	17	48	351	19	
600	1259	1304	2059	2009	3409	


22	1	15	0
169	354	225	269	367	193	22	226	336	320	
10	8	6	7	5	1	
320	226	193	22	367	169	
595	2395	1178	1413	1323	7236	


22	1	16	0
472	308	135	195	372	142	413	253	57	27	
10	9	8	6	3	
27	57	253	142	135	
400	1222	1455	1386	1609	


22	1	17	0
192	147	436	292	321	51	300	138	399	393	
10	-99	7	8	
393	0	300	138	
945	1145	2105	1941	


22	1	18	0
202	117	385	159	425	247	65	470	214	395	
8	9	10	7	
470	214	395	65	
781	1346	1468	1745	


22	1	19	0
196	70	227	116	426	209	2	182	56	157	
4	5	6	9	8	4	
116	426	209	56	182	116	
1536	1354	1782	1778	1895	3418	


22	1	20	0
107	127	183	190	471	419	212	121	224	327	
9	10	8	7	6	
224	327	121	212	419	
1022	1464	1582	2563	2478	


22	1	21	0
39	302	10	313	333	16	378	433	365	77	
4	5	8	9	10	
313	333	433	365	77	
1504	1364	2441	1936	2555	


22	1	22	0
26	337	79	154	85	391	397	294	360	174	
7	9	4	1	-99	
397	360	154	26	0	
3863	1573	1377	1864	4782	


22	1	23	0
28	443	271	350	239	437	307	191	251	424	
10	9	7	8	-99	6	
424	251	307	191	455	437	
586	1609	2345	1623	2791	1769	


22	1	24	0
277	111	29	6	362	211	316	296	454	246	
9	10	8	2	5	10	9	
454	246	296	111	362	246	454	
695	1245	1650	1437	1736	9368	6791	


22	1	25	0
309	73	319	287	284	430	357	466	314	282	
4	10	3	6	5	
287	282	319	430	284	
622	1455	1645	1700	3078	


22	1	26	0
460	478	144	451	259	361	88	364	261	330	
10	9	8	7	4	1	
330	261	364	88	451	460	
1004	1055	1472	1682	15369	1607	


22	1	27	0
382	248	94	199	210	33	286	47	153	108	
10	9	4	3	2	5	
108	153	199	94	248	210	
1122	1323	3109	4432	1173	8845	


22	1	28	0
467	274	14	129	293	122	255	30	371	394	
10	-99	-99	8	2	1	
394	480	0	30	274	467	
750	1372	1764	1868	1646	2386	


22	1	29	0
245	179	125	421	409	411	461	304	72	373	
10	9	8	4	3	1	10	
373	72	304	421	125	245	373	
645	1268	1591	1441	1995	1764	16982	


22	1	30	0
356	368	283	43	185	34	41	453	100	198	
10	9	7	8	4	2	3	1	
198	100	41	453	43	368	283	356	
1368	1691	1500	1968	1736	1496	1500	5150	


22	1	31	0
270	381	188	223	389	104	175	262	455	15	
10	8	9	5	3	
15	262	455	389	188	
690	1041	1146	1132	1550	


22	1	32	0
243	298	301	457	134	264	464	375	5	114	
10	9	8	4	3	5	
114	5	375	457	301	134	
900	1354	1527	1755	15177	1487	


22	1	33	0
112	99	12	340	189	335	338	324	58	216	
-99	9	6	7	1	2	
216	58	335	338	112	99	
704	1127	1391	1582	1632	2427	


23	1	1	0
129	139	180	163	311	412	70	161	294	56	
1	8	10	7	
129	161	56	70	
1045	1536	1519	1650	


23	1	2	0
16	476	211	461	131	214	125	346	44	258	
10	9	2	6	1	7	3	
258	44	476	214	16	125	211	
572	1128	1159	981	1419	1409	10763	


23	1	3	0
54	61	57	156	4	389	282	24	26	444	
10	9	5	7	6	1	3	4	
444	26	4	282	389	54	57	156	
877	945	1950	4014	4814	4327	1609	1195	


23	1	4	0
135	29	338	160	71	445	8	406	295	19	
10	9	8	6	1	2	
19	295	406	445	135	29	
559	1091	1013	1159	1637	1195	


23	1	5	0
203	419	376	264	285	257	351	456	283	472	
1	4	10	3	
203	264	472	376	
718	768	1323	1081	


23	1	6	0
5	394	130	278	191	166	359	84	227	267	
10	9	4	1	-99	2	3	9	
267	227	278	5	0	394	130	227	
554	809	1173	1691	1559	3500	7509	4423	


23	1	7	0
248	48	149	192	315	89	286	51	86	239	
10	4	2	9	7	
239	192	48	86	286	
540	1087	1204	1496	1513	


23	1	8	0
201	246	398	114	181	189	277	329	290	243	
10	9	8	5	4	1	6	3	2	
243	290	329	181	114	201	189	398	246	
450	854	1146	1259	1241	1304	2664	3945	1137	


23	1	9	0
137	244	332	429	466	111	18	186	117	247	
10	9	8	-606	5	2	9	
247	117	186	389	466	244	117	
504	1018	1318	7332	2432	4605	6022	


23	1	10	0
182	7	107	414	109	40	312	326	60	183	
10	9	8	3	4	-102	2	10	
183	60	326	107	414	244	7	183	
509	877	1054	1741	1223	3668	3137	8513	


23	1	11	0
378	212	194	145	356	316	162	190	36	336	
10	7	9	-99	2	
336	162	36	0	212	
563	855	1086	1132	1364	


23	1	12	0
52	232	374	377	158	231	266	347	308	206	
10	8	9	6	7	2	
206	347	308	231	266	232	
650	886	1077	1237	1236	1273	


23	1	13	0
228	350	151	371	342	318	348	80	146	21	
10	-99	7	-99	-407	1	
21	0	348	319	18	228	
790	910	1163	968	6541	13823	


23	1	14	0
47	373	1	391	302	259	119	463	153	317	
10	6	1	3	1	
317	259	47	1	47	
659	641	1213	5577	8360	


23	1	15	0
215	442	407	234	184	297	142	334	188	428	
10	9	1	2	3	6	2	1	
428	188	215	442	407	297	442	215	
386	850	982	927	1295	887	2109	20500	


23	1	16	0
330	226	31	299	384	118	28	147	327	304	
10	9	3	6	-99	-107	8	
304	327	31	118	0	142	147	
427	654	750	941	1128	1986	18941	


23	1	17	0
103	97	345	443	105	363	335	477	328	305	
9	10	3	1	4	5	-205	
328	305	345	103	443	105	184	
427	577	1441	1564	991	1231	3978	


23	1	18	0
455	365	223	480	9	221	474	213	470	138	
10	9	-99	8	5	1	6	-107	
138	470	473	213	9	455	221	335	
435	780	815	1325	1080	3725	3625	2190	


23	1	19	0
382	438	132	251	204	437	415	141	12	93	
10	8	9	6	5	4	3	-207	-99	
93	141	12	437	204	251	132	335	436	
400	836	804	973	941	873	3836	4523	14064	


23	1	20	0
49	32	242	17	64	43	397	219	413	366	
10	9	8	7	-102	-104	
366	413	219	397	438	251	
313	950	827	1060	3554	2641	


23	1	21	0
209	387	72	358	143	79	33	169	293	197	
10	7	9	1	6	-99	-1705	
197	33	293	209	79	0	71	
359	781	1137	1350	1541	1972	2623	


23	1	22	0
392	262	207	469	341	152	205	427	340	13	
9	10	-1010	8	4	-1704	2	1	5	
340	13	206	427	469	264	262	392	341	
236	664	1209	1191	6445	2341	1854	8241	1628	


23	1	23	0
218	381	27	220	393	2	421	400	314	253	
10	9	7	8	1	6	2	3	
253	314	421	400	218	2	381	27	
395	727	696	1141	1186	1191	3036	1291	


23	1	24	0
276	434	268	116	307	289	405	323	126	360	
10	9	-707	7	6	3	5	-99	
360	126	335	405	289	268	307	0	
304	623	686	1023	909	1586	1196	3109	


23	1	25	0
385	41	14	368	343	473	62	229	3	157	
10	9	8	7	1	6	
157	3	229	62	385	473	
227	682	854	2705	1022	787	


23	1	26	0
458	136	260	403	133	370	34	85	256	102	
-99	4	9	5	-108	4	-1506	
115	403	256	133	229	403	316	
522	678	995	864	2713	1009	2937	


23	1	27	0
193	411	45	167	451	23	240	91	67	101	
10	1	-1704	-99	-99	-1606	
101	193	414	0	0	316	
222	746	882	3195	786	16864	


23	1	28	0
361	467	306	210	208	333	100	99	15	87	
10	9	-99	-1107	9	
87	15	0	335	15	
404	610	1432	1436	912	


23	1	29	0
422	386	22	310	272	150	76	230	380	454	
9	7	5	3	4	10	2	6	-99	
380	76	272	22	310	454	386	150	0	
418	986	964	1291	768	932	2663	2268	13337	


23	1	30	0
195	322	271	196	69	261	53	439	20	325	
10	9	7	3	2	10	8	9	-104	10	
325	20	53	271	322	325	439	20	310	325	
250	709	618	954	1073	1236	1260	3450	5240	5646	


23	1	31	0
478	450	88	396	388	66	475	446	367	176	
10	9	6	8	7	-1407	
176	367	66	446	475	335	
345	545	750	691	882	3387	


23	1	32	0
58	164	399	379	113	245	254	108	74	123	
10	8	9	7	-99	-2901	9	8	
123	108	74	254	0	54	74	108	
422	646	577	682	559	1927	1700	22137	


23	1	33	0
159	423	425	81	440	217	120	390	409	364	
-99	8	9	7	2	5	-108	
364	390	409	120	423	440	108	
263	691	800	1159	1318	964	1905	


24	1	1	0
258	152	432	308	262	170	69	437	279	66	
-99	
490	
45000	


24	1	2	0
297	172	34	224	176	101	174	169	107	315	
1	2	4	10	5	
297	172	224	315	176	
336	900	1145	1419	6345	


24	1	3	0
104	236	90	290	314	216	323	261	229	11	
9	10	3	1	
229	11	90	104	
395	809	1846	15454	


24	1	4	0
360	186	154	273	151	165	336	325	128	281	
1	2	4	10	9	
360	186	273	281	128	
204	773	1886	823	832	


24	1	5	0
122	473	72	45	156	148	303	1	173	220	
1	-99	8	10	9	-110	
122	0	1	220	173	281	
77	1195	1268	650	605	14186	


24	1	6	0
208	27	74	397	185	403	240	102	88	198	
7	-99	9	10	1	
240	115	88	198	208	
1063	773	695	678	1654	


24	1	7	0
92	447	16	392	320	423	114	195	17	374	
1	3	10	9	-110	3	
92	16	374	17	198	16	
468	1000	2386	677	5278	16959	


24	1	8	0
475	59	194	329	371	142	330	304	210	23	
7	8	9	10	6	1	
330	304	210	23	142	475	
881	559	619	727	2659	586	


24	1	9	0
355	284	243	187	33	108	227	193	305	461	
4	5	6	7	8	9	10	
187	33	108	227	193	305	461	
240	600	537	909	814	777	791	


24	1	10	0
207	266	347	268	333	244	278	215	124	213	
7	2	9	10	1	2	3	7	
278	266	124	213	207	266	347	278	
1445	750	736	750	5932	868	778	6009	


24	1	11	0
200	119	54	31	269	36	21	171	443	241	
7	8	9	10	3	
21	171	443	241	54	
381	455	627	714	4200	


24	1	12	0
426	366	289	372	410	125	337	311	96	394	
7	9	10	8	4	
337	96	394	311	372	
695	2009	782	1541	4377	


24	1	13	0
141	189	430	214	130	362	112	407	359	449	
7	8	9	10	6	4	-109	
112	407	359	449	362	214	96	
536	477	959	514	3782	3054	7523	


24	1	14	0
248	411	2	238	343	275	462	149	10	100	
7	8	9	10	-99	3	
462	149	10	100	257	2	
77	391	727	686	1305	1182	


24	1	15	0
19	274	310	40	146	225	416	83	350	356	
7	5	9	10	3	2	1	
416	146	350	356	310	274	19	
109	727	441	768	814	1731	2655	


24	1	16	0
48	197	49	133	223	242	120	346	451	7	
7	8	9	10	
120	346	451	7	
168	677	777	528	


24	1	17	0
434	285	20	190	51	465	121	260	406	457	
9	10	6	8	
406	457	465	260	
1650	759	2700	600	


24	1	18	0
287	433	47	376	30	52	445	103	292	379	
7	8	9	10	-109	-106	
445	103	292	379	406	465	
1163	641	986	373	691	1100	


24	1	19	0
364	64	313	97	402	221	322	367	348	309	
7	8	9	10	5	1	
322	367	348	309	402	364	
250	568	572	664	532	759	


24	1	20	0
464	24	414	203	110	306	393	168	255	75	
5	6	8	10	
110	306	168	75	
686	791	2841	7127	


24	1	21	0
79	32	267	380	318	22	12	39	28	3	
6	7	8	9	10	-99	1	
22	12	39	28	3	319	79	
936	586	637	772	650	1141	16655	


24	1	22	0
86	155	43	327	469	477	26	219	307	188	
5	6	7	8	9	10	
469	477	26	219	307	188	
136	545	719	1004	896	845	


24	1	23	0
118	405	93	180	435	153	283	321	264	293	
3	8	9	10	
93	321	264	293	
1440	837	695	796	


24	1	24	0
140	298	196	384	136	299	235	257	425	387	
6	9	10	5	1	2	4	8	
299	425	387	136	140	298	384	257	
1559	609	922	1305	1059	1959	2464	4791	


24	1	25	0
470	456	71	441	390	217	467	365	446	147	
7	8	9	10	1	6	3	
467	365	446	147	470	217	71	
318	554	550	582	11141	6545	9023	


24	1	26	0
5	163	442	41	259	378	206	167	137	94	
-99	10	7	8	6	5	
0	94	206	167	378	259	
522	409	587	622	3887	3918	


24	1	27	0
373	339	302	73	65	417	363	109	328	276	
9	10	8	3	5	10	-99	
328	276	109	302	65	276	0	
1618	472	5350	1969	7936	4586	669	


24	1	28	0
429	454	280	448	184	277	209	301	162	192	
-110	3	9	10	7	
276	280	162	192	209	
1218	722	719	836	732	


24	1	29	0
212	413	296	358	312	150	234	399	89	231	
7	8	9	10	6	-403	-99	-101	
234	399	89	231	150	71	0	429	
340	496	677	691	1482	2568	4673	5368	


24	1	30	0
106	468	205	57	466	422	246	340	368	144	
5	6	7	8	9	10	1	
466	422	246	340	368	144	106	
322	559	882	596	586	723	768	


24	1	31	0
439	428	334	166	286	254	479	332	253	295	
5	6	7	8	10	3	7	
286	254	479	332	295	334	479	
9	604	668	1141	764	4636	7600	


24	1	32	0
85	138	116	455	161	396	179	421	80	354	
8	9	10	7	6	4	8	5	6	
421	80	354	179	396	455	421	161	396	
763	782	695	864	614	1282	463	3327	2965	


24	1	33	0
370	342	245	272	14	38	377	424	91	8	
5	-99	9	8	-99	
14	335	91	424	8	
759	945	700	473	723	


25	1	1	0
413	193	54	238	191	352	469	342	119	258	
1	2	8	7	6	3	
413	193	342	469	352	54	
1559	868	1732	704	632	1127	


25	1	2	0
38	145	266	340	379	176	421	113	37	204	
6	6	7	9	10	8	
176	176	421	37	204	113	
572	1105	445	814	668	555	


25	1	3	0
396	234	199	272	104	126	82	78	28	457	
6	10	-108	9	5	1	-99	
126	457	113	28	104	396	233	
368	754	1482	855	19986	4205	868	


25	1	4	0
460	382	84	254	60	232	125	1	265	91	
9	10	7	1	
265	91	125	460	
540	741	1228	10991	


25	1	5	0
87	302	470	186	237	276	449	117	51	136	
9	10	-109	2	7	1	8	-99	
51	136	265	302	449	87	117	251	
145	791	595	2041	796	2768	10304	9741	


25	1	6	0
305	220	262	195	317	39	22	298	334	9	
10	8	7	5	
9	298	22	317	
1600	777	1636	600	


25	1	7	0
290	2	144	320	86	278	133	216	56	218	
10	9	7	5	6	2	
218	56	133	86	278	2	
168	718	841	921	1087	4831	


25	1	8	0
68	61	7	475	458	173	49	98	73	129	
8	9	10	7	6	1	2	3	5	
98	73	129	49	173	68	61	7	458	
277	950	813	1314	836	964	1036	1110	12472	


25	1	9	0
95	190	221	157	372	203	467	358	433	359	
8	9	10	1	-110	8	
358	433	359	95	129	358	
300	763	687	1004	14714	7782	


25	1	10	0
429	29	270	156	185	165	405	122	253	131	
9	10	7	8	
253	131	405	122	
327	904	982	964	


25	1	11	0
287	267	283	6	207	235	120	160	74	35	
9	10	5	1	4	
74	35	207	287	6	
159	845	1350	2691	1855	


25	1	12	0
100	40	303	380	211	368	454	123	325	137	
10	9	8	7	1	
137	325	123	454	100	
222	728	1522	3387	4359	


25	1	13	0
10	151	31	448	282	36	132	58	376	377	
8	9	-99	2	
58	376	375	151	
231	732	1237	25377	


25	1	14	0
349	450	434	153	335	476	92	395	438	23	
9	10	5	6	
438	23	335	476	
354	691	732	1227	


25	1	15	0
149	241	416	388	427	166	383	181	480	289	
-99	
490	
45000	


25	1	16	0
124	443	387	63	348	277	19	422	361	246	
-99	
490	
45000	


25	1	17	0
55	103	229	46	318	106	236	3	30	316	
7	8	9	10	1	2	
236	3	30	316	55	103	
113	391	718	528	800	731	


25	1	18	0
275	307	397	345	32	440	374	344	76	109	
8	9	10	2	6	7	10	
344	76	109	307	440	374	109	
95	664	786	645	928	741	5086	


25	1	19	0
79	418	363	312	390	231	399	227	154	386	
6	8	9	10	2	1	7	
231	227	154	386	418	79	399	
527	595	473	673	1004	828	14581	


25	1	20	0
13	52	389	477	406	111	432	263	212	309	
6	7	8	10	2	
111	432	263	309	52	
22	509	705	814	21604	


25	1	21	0
155	196	296	169	249	89	209	461	255	134	
7	8	9	10	1	2	5	6	
209	461	255	134	155	196	249	89	
50	504	618	687	554	523	3764	631	


25	1	22	0
214	208	465	116	321	269	292	239	400	286	
9	10	8	4	-1709	1	
400	286	239	116	51	214	
54	546	1090	1391	8346	4641	


25	1	23	0
65	205	167	410	293	139	16	423	201	288	
7	8	10	9	
16	423	288	201	
163	491	1218	1141	


25	1	24	0
403	284	455	225	142	5	14	367	11	462	
9	10	5	7	-99	
11	462	142	14	0	
150	568	613	650	714	


25	1	25	0
110	198	118	444	224	248	259	428	271	415	
-99	7	8	10	-99	-509	
257	259	428	415	295	212	
22	573	568	727	5041	14714	


25	1	26	0
233	328	260	354	230	268	179	43	294	57	
9	10	7	2	1	8	10	
294	57	179	328	233	43	57	
18	727	686	614	655	704	5900	


25	1	27	0
408	80	252	34	365	310	75	308	210	473	
9	10	6	7	-1610	
210	473	310	75	35	
136	845	673	1618	7382	


25	1	28	0
20	426	300	264	339	115	401	420	466	364	
-2007	10	5	6	1	5	
49	364	339	115	20	339	
13	364	1109	1968	11105	12431	


25	1	29	0
146	152	53	197	64	471	67	21	222	356	
9	10	7	8	3	
222	356	67	21	53	
13	464	1036	632	605	


25	1	30	0
168	304	228	159	164	127	77	441	41	333	
6	7	9	10	5	-99	
127	77	41	333	164	194	
72	482	855	631	3114	982	


25	1	31	0
437	353	114	323	414	301	385	15	409	223	
4	8	9	10	7	-306	10	
323	15	409	223	385	115	223	
81	682	414	677	564	2577	20032	


25	1	32	0
97	187	69	331	392	90	373	128	177	27	
10	9	9	6	-1407	
27	177	177	90	374	
395	627	741	573	2414	


25	1	33	0
384	391	158	83	243	412	25	200	341	141	
8	9	-99	2	
200	341	141	391	
22	605	691	1341	


26	1	1	0
133	101	467	361	175	197	50	85	215	33	
9	10	6	5	-99	-99	
215	33	197	175	49	88	
1604	1736	1828	1677	1864	2077	


26	1	2	0
451	25	144	300	314	106	53	27	135	134	
10	9	8	1	-99	5	6	7	3	
134	135	27	451	188	314	106	53	144	
268	509	591	2013	1482	3227	5714	559	12123	


26	1	3	0
426	355	65	96	140	229	405	218	113	104	
8	9	-99	-99	4	
218	113	173	476	96	
390	537	745	668	2610	


26	1	4	0
29	59	112	114	450	453	255	301	57	439	
10	9	6	1	-99	
439	57	453	29	0	
590	860	727	2723	12200	


26	1	5	0
475	196	375	374	263	299	115	212	146	298	
7	8	10	3	6	4	5	10	
115	212	298	375	299	374	263	298	
309	572	3059	1655	659	632	1268	20314	


26	1	6	0
290	381	282	4	131	58	73	143	435	41	
9	10	8	7	3	5	1	2	
435	41	143	73	282	131	290	381	
177	659	1704	764	2736	605	7577	4364	


26	1	7	0
307	246	136	45	206	71	86	266	296	162	
7	-99	10	9	1	6	2	5	
86	262	162	296	307	71	246	206	
222	473	682	359	2195	546	2523	3972	


26	1	8	0
225	26	422	185	124	291	181	357	153	242	
6	7	-99	8	10	4	3	2	1	
291	181	0	357	242	185	422	26	225	
1372	537	513	487	400	8809	654	6387	486	


26	1	9	0
354	48	452	264	235	337	265	217	105	312	
6	8	7	9	3	2	4	-205	
337	217	265	105	452	48	264	206	
377	491	327	800	4891	891	1754	13455	


26	1	10	0
459	119	40	90	2	12	369	98	118	370	
6	-99	-710	9	10	5	3	2	
12	0	104	118	370	2	40	119	
2150	2381	1614	536	464	500	6773	2682	


26	1	11	0
262	385	121	141	250	182	129	11	80	77	
6	7	8	-99	10	5	6	7	-201	1	
182	129	11	0	77	250	182	129	354	262	
77	445	428	309	322	15932	723	477	7196	481	


26	1	12	0
271	368	216	99	443	189	167	194	202	56	
7	8	9	10	3	1	5	
167	194	202	56	216	271	443	
336	636	709	823	732	654	7650	


26	1	13	0
120	152	394	352	54	253	100	237	402	297	
7	8	9	10	3	4	5	-405	1	
100	237	402	297	394	352	54	235	120	
209	568	673	522	582	564	504	500	3732	


26	1	14	0
455	74	470	378	69	321	241	200	305	437	
8	9	10	5	
200	305	437	69	
331	414	445	4996	


26	1	15	0
22	386	335	76	324	372	207	156	224	222	
-506	7	-99	9	8	10	4	3	-99	
12	207	0	224	156	222	76	335	283	
371	269	591	673	1523	913	1955	677	3214	


26	1	16	0
373	432	88	256	480	79	204	343	184	356	
6	7	8	-99	10	3	-99	1	-902	
79	204	343	0	356	88	157	373	246	
504	677	514	600	518	8346	2450	413	1632	


26	1	17	0
397	214	429	35	168	310	15	325	38	227	
7	-99	9	10	6	5	7	
15	0	38	227	310	168	15	
154	346	500	427	1768	527	10328	


26	1	18	0
190	154	438	247	213	31	371	410	66	155	
6	8	-205	9	10	2	-506	
31	410	480	66	155	154	253	
63	296	504	373	486	15559	337	


26	1	19	0
195	446	304	441	280	313	8	78	412	21	
9	10	-810	6	7	-105	-99	
412	21	77	313	8	213	0	
218	668	450	545	405	23056	4158	


26	1	20	0
339	407	400	161	36	49	340	328	383	47	
9	10	7	6	8	-99	4	3	2	5	
383	47	340	49	328	0	161	400	407	36	
181	714	1109	868	1168	5105	800	541	582	2041	


26	1	21	0
333	14	461	51	210	157	147	220	67	362	
6	-309	8	9	10	3	1	5	4	2	
157	66	220	67	362	461	333	210	51	14	
72	3132	527	482	527	1464	691	773	895	918	


26	1	22	0
169	75	457	327	16	87	187	130	285	46	
9	10	6	8	-507	1	2	3	
285	46	87	130	15	169	75	457	
27	523	586	636	750	3037	1418	2073	


26	1	23	0
32	148	460	471	164	221	363	344	6	28	
-703	8	9	10	6	4	3	5	-99	
88	344	6	28	221	471	460	164	0	
18	309	536	441	1550	436	414	436	760	


26	1	24	0
286	93	474	398	408	303	267	199	272	414	
9	10	6	7	8	1	2	4	-99	
272	414	303	267	199	286	93	398	0	
950	418	650	1450	395	3682	518	1546	15172	


26	1	25	0
248	176	163	319	317	448	281	346	311	462	
6	7	8	9	10	3	4	-99	2	
448	281	346	311	462	163	319	257	176	
54	541	705	572	614	1677	555	663	491	


26	1	26	0
316	318	151	295	336	393	434	110	330	269	
9	10	8	7	6	-104	1	
330	269	110	434	393	319	316	
240	537	709	736	537	3786	768	


26	1	27	0
465	382	353	201	205	419	192	430	275	284	
9	10	6	-99	8	3	2	-2203	
275	284	419	0	430	353	382	375	
209	431	332	464	474	5449	941	3702	


26	1	28	0
403	84	433	292	180	334	125	174	137	466	
-2508	10	7	-99	8	1	2	4	3	5	
218	466	125	0	174	403	84	292	433	180	
186	332	495	1527	450	2473	737	1572	2055	8641	


26	1	29	0
358	326	44	347	341	366	396	416	257	260	
8	9	10	7	6	3	4	1	2	5	
416	257	260	396	366	44	347	358	326	341	
495	773	462	675	660	3530	2430	1270	5280	2570	


26	1	30	0
364	306	251	24	349	469	380	183	320	7	
9	10	6	7	8	
320	7	469	380	183	
13	387	822	782	482	


26	1	31	0
409	145	276	420	62	186	34	315	171	273	
6	7	8	9	10	5	-99	5	
186	34	315	171	273	62	0	62	
31	364	336	332	341	1568	4332	11918	


26	1	32	0
413	103	236	232	13	449	278	436	172	83	
-608	10	6	8	1	2	3	4	-1402	
110	83	449	436	413	103	236	232	154	
36	364	422	673	3091	1527	3441	736	2828	


26	1	33	0
240	37	406	308	345	279	123	289	294	350	
6	7	9	8	-99	1	-99	3	2	
279	123	294	289	350	240	458	406	37	
22	500	600	373	600	686	632	550	3909	


27	1	1	0
356	234	313	43	271	8	224	236	18	328	
10	9	4	8	2	1	
328	18	43	236	234	356	
572	664	732	804	805	927	


27	1	2	0
21	46	99	36	425	373	420	24	72	421	
10	9	2	5	1	7	
421	72	46	425	21	420	
140	819	609	527	1573	10722	


27	1	3	0
241	184	284	129	213	407	96	131	13	411	
10	9	8	4	3	5	
411	13	131	129	284	213	
40	805	1068	1823	1109	9545	


27	1	4	0
442	188	41	190	62	299	377	48	389	50	
10	9	8	2	4	7	
50	389	48	188	190	377	
254	382	686	600	546	7527	


27	1	5	0
309	51	12	279	330	402	166	320	278	204	
10	9	1	8	2	
204	278	309	320	51	
340	532	546	4450	14313	


27	1	6	0
409	121	28	89	361	233	211	107	466	159	
-99	9	8	6	7	4	
31	466	107	233	211	89	
500	631	1491	1759	2950	9155	


27	1	7	0
346	97	323	404	232	291	126	418	68	147	
9	10	5	6	-101	
68	147	232	291	409	
109	591	790	3441	23555	


27	1	8	0
186	310	396	301	108	245	450	81	317	11	
9	10	1	4	
317	11	186	301	
1600	918	6268	11777	


27	1	9	0
435	167	175	212	171	95	473	432	230	202	
10	9	8	6	1	
202	230	432	95	435	
159	618	673	650	3727	


27	1	10	0
426	221	365	49	379	427	451	105	53	370	
9	10	1	7	5	
53	370	426	451	379	
54	996	1545	1986	18105	


27	1	11	0
165	237	465	351	162	438	138	410	59	265	
10	9	8	7	
265	59	410	138	
13	1168	1137	4600	


27	1	12	0
468	369	264	15	6	436	464	61	318	93	
10	-99	7	1	5	-99	
93	319	464	468	6	476	
104	782	2795	5787	1777	9732	


27	1	13	0
79	338	312	158	354	56	462	477	390	439	
10	9	8	1	2	4	3	
439	390	477	79	338	158	312	
304	418	805	5163	2619	6591	8004	


27	1	14	0
431	179	300	378	321	151	16	218	414	185	
9	8	10	4	5	
414	218	185	378	321	
59	1209	659	3100	10459	


27	1	15	0
128	385	178	368	47	111	225	192	10	303	
8	9	10	5	7	-99	
192	10	303	47	225	0	
104	491	832	1113	796	673	


27	1	16	0
276	217	255	240	148	73	110	160	141	27	
8	9	7	10	1	3	6	
160	141	110	27	276	255	73	
350	577	618	709	1955	504	15709	


27	1	17	0
244	476	164	100	194	288	324	392	67	58	
9	10	1	2	8	4	3	
67	58	244	476	392	100	164	
245	518	587	595	682	4795	987	


27	1	18	0
250	63	272	168	239	65	174	31	333	216	
9	10	8	3	6	7	4	
333	216	31	272	65	174	168	
50	2100	2163	709	3755	3054	9173	


27	1	19	0
282	405	375	269	296	263	455	183	372	102	
-99	9	6	8	
115	372	263	183	
31	641	905	1463	


27	1	20	0
82	316	472	456	254	155	446	34	449	122	
10	6	7	8	1	
122	155	446	34	82	
372	1041	618	5791	6546	


27	1	21	0
251	206	306	289	433	423	170	207	30	302	
10	8	9	7	-99	2	3	
302	207	30	170	0	206	306	
145	500	614	927	7150	2659	10773	


27	1	22	0
90	69	331	434	352	325	367	327	156	394	
-99	8	9	5	
7	327	156	352	
393	357	654	723	


27	1	23	0
298	287	362	80	229	286	382	26	235	359	
10	9	3	1	10	
359	235	362	298	359	
286	514	963	3323	12886	


27	1	24	0
337	143	127	106	262	88	124	135	44	176	
10	9	8	1	2	5	
176	44	135	337	143	262	
18	577	645	15928	5968	3141	


27	1	25	0
363	37	104	54	45	461	314	29	307	448	
-108	8	9	
135	29	307	
27	400	1623	


27	1	26	0
453	203	329	144	19	463	17	32	199	274	
10	7	6	8	1	5	
274	17	463	32	453	19	
27	654	791	1023	1482	4332	


27	1	27	0
198	387	340	479	395	349	399	460	332	334	
8	-103	10	1	2	3	
460	329	334	198	387	340	
590	455	559	591	418	596	


27	1	28	0
350	227	366	113	443	125	76	189	101	273	
9	10	1	2	-1207	
101	273	350	227	110	
240	419	1009	622	8978	


27	1	29	0
149	205	311	222	209	74	66	85	70	75	
9	10	-99	-99	-107	1	2	3	
70	75	0	0	76	149	205	311	
790	928	1677	5668	3296	5891	2090	564	


27	1	30	0
23	87	381	344	193	430	177	406	86	348	
9	10	-99	4	2	1	
86	348	25	344	87	23	
40	519	709	1322	4760	11036	


27	1	31	0
163	454	380	201	374	103	246	471	242	437	
7	10	2	1	3	4	-109	
246	437	454	163	380	201	86	
195	745	655	1523	413	1759	6355	


27	1	32	0
364	441	112	270	157	249	2	388	38	353	
3	10	9	1	10	
112	353	38	364	353	
677	477	868	8959	11214	


27	1	33	0
114	478	292	339	9	336	214	267	371	195	
7	8	-99	-99	1	3	
214	267	480	195	114	292	
27	568	486	673	2668	14523	


28	1	1	0
197	166	205	104	15	343	115	172	28	326	
1	3	2	10	9	
197	205	166	326	28	
868	672	750	578	10750	


28	1	2	0
237	33	84	160	128	202	346	408	265	88	
1	2	3	5	9	2	6	5	
237	33	84	128	265	33	202	128	
768	713	569	1050	709	1141	1877	18573	


28	1	3	0
59	40	335	131	410	71	318	312	279	440	
10	9	8	1	3	2	4	6	
440	279	312	59	335	40	131	71	
2013	841	1832	3209	3620	3280	8665	1120	


28	1	4	0
358	127	3	45	161	8	226	152	254	39	
10	9	5	1	3	6	5	
39	254	161	358	3	8	161	
550	622	868	496	732	686	2368	


28	1	5	0
116	27	449	273	25	453	19	391	336	383	
1	2	3	7	4	6	10	-304	
116	27	449	19	273	453	383	160	
786	700	604	564	1023	2041	668	17936	


28	1	6	0
245	165	46	96	224	349	470	293	153	342	
8	9	10	3	
293	153	342	46	
563	587	663	5009	


28	1	7	0
302	444	16	178	451	134	6	266	20	246	
10	7	6	5	9	
246	6	134	451	20	
840	767	1182	4221	9026	


28	1	8	0
321	225	431	290	143	164	296	407	361	212	
6	7	9	10	1	-101	-103	
164	296	361	212	321	302	16	
572	800	1382	950	2327	4873	12346	


28	1	9	0
443	316	42	5	283	472	339	379	445	9	
9	10	8	7	3	6	5	4	
445	9	379	339	42	472	283	5	
1759	886	759	1082	8691	2373	11159	1368	


28	1	10	0
420	352	313	118	92	424	267	103	409	70	
10	9	8	7	6	10	9	
70	409	103	267	424	70	409	
422	755	782	881	2241	13641	7587	


28	1	11	0
389	434	311	211	233	179	465	371	289	301	
2	10	7	-99	1	4	3	
434	301	465	480	389	211	311	
2345	1509	1923	886	3718	15450	3032	


28	1	12	0
147	201	370	236	162	206	137	13	62	403	
7	10	9	1	6	
137	403	62	147	206	
536	536	946	950	1159	


28	1	13	0
231	183	145	32	365	396	291	151	159	215	
10	8	9	4	6	5	-107	-99	8	
215	151	159	32	396	365	137	0	151	
504	709	768	714	809	1373	2309	4216	12865	


28	1	14	0
10	317	86	101	399	278	194	427	282	124	
3	10	5	2	10	4	
86	124	399	317	124	101	
968	1027	1500	2518	10446	11572	


28	1	15	0
378	119	477	416	105	433	63	83	170	207	
8	7	9	10	
83	63	170	207	
631	659	610	900	


28	1	16	0
430	309	53	284	78	337	454	423	359	216	
10	9	2	7	-101	
216	359	309	454	378	
227	832	1413	1396	5478	


28	1	17	0
109	106	176	382	56	195	257	168	450	393	
-99	8	9	10	1	5	6	
0	168	450	393	109	56	195	
709	1809	604	741	1664	954	1450	


28	1	18	0
126	29	229	468	94	66	22	368	244	232	
6	8	7	3	1	
66	368	22	229	126	
536	727	1277	3428	11500	


28	1	19	0
446	285	142	74	95	120	108	259	192	80	
10	1	9	-203	
80	446	192	176	
918	941	4709	4641	


28	1	20	0
50	149	122	250	417	102	350	140	429	322	
10	9	3	5	4	1	
322	429	122	417	250	50	
568	818	1050	1368	13664	4682	


28	1	21	0
344	68	252	367	324	464	139	81	381	51	
10	9	7	-110	
51	381	139	322	
568	863	1424	5670	


28	1	22	0
276	320	30	38	221	61	397	480	107	2	
10	9	3	4	5	2	
2	107	30	38	221	320	
563	732	868	1103	10802	6677	


28	1	23	0
253	334	258	47	18	208	469	280	406	57	
10	9	8	6	
57	406	280	208	
345	786	1137	2468	


28	1	24	0
54	270	261	364	12	23	31	331	274	144	
10	9	-1109	4	1	10	
144	274	159	364	54	144	
359	704	2546	686	1773	13459	


28	1	25	0
177	422	223	34	304	372	338	332	138	351	
10	9	1	3	2	6	7	
351	138	177	223	422	372	338	
509	672	887	877	864	4231	878	


28	1	26	0
315	117	136	148	411	243	36	263	97	307	
10	9	8	7	1	9	-105	
307	97	263	36	315	97	304	
1154	564	1313	3091	9568	9750	637	


28	1	27	0
238	388	325	436	21	196	4	242	41	390	
8	6	9	10	3	1	
242	196	41	390	325	238	
2040	3046	1132	1083	9439	9365	


28	1	28	0
67	17	275	91	130	44	392	82	184	386	
8	9	10	2	8	7	
82	184	386	17	82	392	
613	773	695	2469	7368	841	


28	1	29	0
181	247	298	330	255	447	328	426	239	432	
7	8	9	10	-306	2	1	
328	426	239	432	243	247	181	
572	987	981	1150	2464	13496	1190	


28	1	30	0
466	341	471	174	121	72	323	353	200	262	
10	9	8	1	2	-99	9	
262	200	353	466	341	227	200	
195	459	709	768	709	4487	4991	


28	1	31	0
401	167	219	384	354	49	58	419	448	210	
1	2	-210	7	9	10	-108	
401	167	432	58	448	210	353	
309	927	859	1723	1213	1264	20977	


28	1	32	0
269	11	305	277	287	439	452	171	26	190	
1	9	10	
269	26	190	
281	1600	914	


28	1	33	0
421	373	360	418	111	182	375	154	209	376	
1	-99	-101	5	1	-99	4	1	-99	
421	376	269	111	421	0	418	421	376	
240	3137	3273	1622	2978	2663	3909	3191	2787	


29	1	1	0
336	51	41	68	235	10	163	145	177	43	
10	1	2	6	
43	336	51	10	
1109	895	1005	1222	


29	1	2	0
97	185	364	264	448	90	401	377	136	85	
-99	7	8	9	-99	
88	401	377	136	0	
822	746	1082	1218	959	


29	1	3	0
458	24	252	19	83	244	260	152	315	234	
10	9	1	5	7	
234	315	458	83	260	
318	1486	1168	1159	6259	


29	1	4	0
57	101	324	220	367	279	253	133	296	378	
7	8	9	10	4	
253	133	296	378	220	
772	1046	2232	2118	1750	


29	1	5	0
34	149	276	295	8	1	47	398	425	6	
8	9	10	7	3	-99	
398	425	6	47	276	0	
18	795	1018	1241	1918	18023	


29	1	6	0
201	436	270	195	164	198	256	89	477	361	
1	2	9	10	-99	
201	436	477	361	93	
2190	1237	1677	1305	6727	


29	1	7	0
124	58	372	60	54	114	169	266	237	332	
4	-99	10	3	2	
60	63	332	372	58	
2018	2304	2505	4668	1227	


29	1	8	0
428	175	46	137	45	112	170	32	52	362	
7	-99	8	10	
170	0	32	362	
318	1209	959	1218	


29	1	9	0
304	141	441	93	11	212	275	406	31	282	
7	8	10	-806	-110	
275	406	282	10	362	
413	1159	1387	1363	4673	


29	1	10	0
286	35	15	181	393	302	122	154	390	21	
7	-99	-104	9	10	4	1	
122	294	93	390	21	181	286	
277	1418	509	623	1432	7977	5327	


29	1	11	0
63	358	278	351	418	157	146	381	140	199	
8	-610	10	4	5	1	
381	6	199	351	418	63	
409	1000	977	1082	2495	4087	


29	1	12	0
449	365	258	347	61	2	269	103	366	135	
7	8	9	10	3	-99	4	
269	103	366	135	258	0	347	
400	1145	1232	1618	1841	3832	16768	


29	1	13	0
469	335	460	208	166	66	388	55	433	76	
5	6	9	10	1	2	-110	
166	66	433	76	469	335	135	
850	959	872	1100	2155	1091	5150	


29	1	14	0
236	224	274	444	312	352	400	127	402	159	
6	7	8	10	9	-203	
352	400	127	159	402	258	
563	914	1195	1159	1419	2822	


29	1	15	0
144	307	416	192	471	117	158	417	429	53	
6	9	8	7	10	
117	429	417	158	53	
409	845	1859	1196	1227	


29	1	16	0
211	37	64	472	121	268	33	202	221	473	
5	7	8	9	10	1	
121	33	202	221	473	211	
513	1196	1177	1368	1346	1400	


29	1	17	0
196	98	219	440	14	427	461	71	116	118	
8	9	10	4	-105	
71	116	118	440	121	
659	1263	1228	845	1232	


29	1	18	0
23	259	267	88	316	59	255	446	182	155	
7	9	8	10	6	-1509	
255	182	446	155	59	315	
1231	705	1095	1264	1818	3109	


29	1	19	0
139	210	468	188	128	456	368	248	284	355	
7	-99	-99	10	
368	257	261	355	
650	950	1509	2436	


29	1	20	0
412	451	174	291	204	299	69	62	86	109	
-99	9	10	6	5	4	-1602	
108	86	109	299	204	291	101	
1240	1650	1225	1410	1365	1365	12025	


29	1	21	0
16	230	320	261	363	215	153	30	160	395	
8	9	10	-99	
30	160	395	0	
472	755	1041	3459	


29	1	22	0
273	246	120	48	25	77	334	125	183	49	
8	9	-99	1	2	
125	183	292	273	246	
1304	800	1123	1077	7664	


29	1	23	0
39	339	380	40	73	415	297	257	410	226	
6	8	7	10	-99	2	3	
415	257	297	226	313	339	380	
550	1531	755	1509	1591	1568	1273	


29	1	24	0
20	203	438	151	242	405	331	106	249	280	
4	9	-2002	10	2	1	-301	
151	249	101	280	203	20	16	
1163	1327	2378	1254	2168	2950	7673	


29	1	25	0
341	383	420	370	424	403	126	42	80	317	
6	8	7	10	
403	42	126	317	
1004	1809	1491	1905	


29	1	26	0
100	110	3	5	191	197	91	329	29	156	
7	9	10	1	7	
91	29	156	100	91	
3104	1073	1309	1182	2741	


29	1	27	0
452	369	238	18	371	345	426	333	65	218	
-99	8	9	10	6	-99	
408	333	65	218	345	480	
931	1091	1391	1482	1500	1686	


29	1	28	0
84	357	134	423	94	9	205	161	105	189	
6	9	10	1	8	
9	105	189	84	161	
1740	1273	1323	1932	3242	


29	1	29	0
281	309	431	131	70	168	475	413	338	129	
8	6	4	7	9	10	
413	168	131	475	338	129	
354	1232	1932	809	936	1455	


29	1	30	0
457	186	305	138	430	344	435	265	44	75	
8	9	10	-1910	
265	44	75	199	
2290	1223	1209	1646	


29	1	31	0
374	399	22	232	328	290	478	300	306	184	
7	8	9	10	4	5	1	2	
478	300	306	184	232	328	374	399	
827	1304	1023	1218	1241	1191	2073	1845	


29	1	32	0
385	321	353	298	79	227	180	223	313	459	
7	8	9	10	1	2	
180	223	313	459	385	321	
290	782	823	991	859	1059	


29	1	33	0
178	467	214	340	479	254	376	326	342	443	
7	8	9	-99	5	4	3	1	2	
376	326	342	443	479	340	214	178	467	
559	950	881	832	1246	845	1182	1655	1568	


30	1	1	0
447	219	128	20	370	13	11	15	383	354	
10	9	7	
354	383	11	
568	363	750	


30	1	2	0
433	264	408	81	295	129	126	164	317	12	
10	9	8	2	3	
12	317	164	264	408	
454	464	909	10082	8895	


30	1	3	0
387	432	359	291	166	327	465	401	258	220	
10	9	8	2	1	
220	258	401	432	387	
195	768	627	5214	509	


30	1	4	0
181	208	201	131	179	198	34	88	212	374	
8	9	10	5	1	4	3	
88	212	374	179	181	131	201	
204	623	677	4723	1041	10377	5314	


30	1	5	0
51	237	190	403	369	224	39	165	58	159	
9	10	7	8	
58	159	39	165	
186	409	705	586	


30	1	6	0
156	176	103	238	256	362	324	169	248	396	
10	8	9	6	-102	2	
396	169	248	362	237	176	
1218	604	487	2750	2136	12059	


30	1	7	0
153	98	26	342	50	105	183	278	373	189	
6	-99	9	10	
105	0	373	189	
354	886	669	622	


30	1	8	0
92	96	33	312	78	382	116	384	419	313	
9	10	2	3	4	
419	313	96	33	312	
190	873	6527	9773	2346	


30	1	9	0
199	331	202	352	30	67	365	206	247	386	
6	7	9	10	-99	2	
67	365	247	386	205	331	
118	382	1522	628	7877	8536	


30	1	10	0
332	477	38	376	380	102	454	3	37	263	
6	9	7	8	10	5	
102	37	454	3	263	380	
1340	1214	568	655	1086	3564	


30	1	11	0
218	69	196	86	66	406	320	210	158	259	
10	9	6	5	4	
259	158	406	66	86	
86	691	532	1027	664	


30	1	12	0
109	207	213	22	119	9	252	123	76	17	
10	6	7	9	1	2	3	
17	9	252	76	109	207	213	
136	795	459	469	1491	977	14854	


30	1	13	0
475	175	294	411	36	52	49	106	283	389	
6	7	10	
52	49	389	
1118	627	1150	


30	1	14	0
32	430	48	229	44	468	246	436	186	288	
5	6	10	8	
44	468	288	436	
1113	355	1204	723	


30	1	15	0
395	101	43	227	306	385	23	193	60	316	
6	7	8	10	4	
385	23	193	316	227	
118	1413	578	1959	8922	


30	1	16	0
350	251	253	345	353	372	110	235	302	91	
10	7	9	4	
91	110	302	345	
522	487	2222	17037	


30	1	17	0
214	267	417	75	184	337	249	301	240	188	
-99	-99	9	10	1	3	4	
0	360	240	188	214	417	75	
286	414	2722	691	1518	978	1850	


30	1	18	0
461	215	170	381	451	178	10	277	344	356	
6	7	8	9	10	
178	10	277	344	356	
31	782	1005	1054	823	


30	1	19	0
41	236	360	290	423	279	474	120	137	375	
6	7	9	10	
279	474	137	375	
4	927	605	1682	


30	1	20	0
393	84	478	348	471	99	343	336	155	168	
10	9	7	6	
168	155	343	99	
227	713	523	655	


30	1	21	0
464	333	95	121	87	243	223	261	187	439	
10	9	-99	2	
439	187	241	333	
127	545	1382	5705	


30	1	22	0
414	285	141	64	452	338	68	298	379	194	
6	9	8	10	3	4	
338	379	298	194	141	64	
177	1141	1122	1173	741	2127	


30	1	23	0
431	310	157	402	230	346	480	7	269	270	
7	8	9	10	2	4	
480	7	269	270	310	402	
254	482	454	414	2396	563	


30	1	24	0
115	74	463	309	28	204	160	174	272	341	
7	10	
160	341	
490	1182	


30	1	25	0
450	144	82	118	114	31	286	53	93	8	
10	9	6	7	8	
8	93	31	286	53	
27	463	669	604	555	


30	1	26	0
297	340	284	329	163	276	266	140	222	217	
-808	7	8	10	1	-2502	2	
277	266	140	217	297	219	340	
309	427	1036	1205	3063	7969	5663	


30	1	27	0
311	94	142	72	449	5	361	203	351	85	
7	-1808	10	9	
361	206	85	351	
372	1432	7996	1372	


30	1	28	0
228	29	363	152	364	104	469	4	232	299	
6	7	8	9	
104	469	4	232	
36	654	432	3091	


30	1	29	0
429	296	65	59	459	334	130	323	271	24	
7	8	9	10	
130	323	271	24	
127	713	691	696	


30	1	30	0
80	136	18	357	281	145	90	154	325	322	
10	8	9	6	3	
322	154	325	145	18	
1259	459	613	587	9900	


30	1	31	0
445	366	390	426	392	1	35	54	138	245	
10	9	8	
245	138	54	
40	546	977	


30	1	32	0
444	307	397	358	326	314	25	466	274	148	
6	7	8	9	10	
314	25	466	274	148	
190	605	368	482	291	


30	1	33	0
328	19	127	6	300	409	293	422	150	434	
-99	8	7	1	2	
434	422	293	328	19	
77	450	882	1727	427	


31	1	1	0
80	304	15	189	78	410	137	26	257	219	
1	7	8	10	
80	137	26	219	
3440	1432	937	1009	


31	1	2	0
101	154	50	303	215	204	445	314	466	144	
10	9	7	-99	1	6	4	8	
144	466	445	13	101	204	303	314	
1031	532	1037	1031	664	1323	1241	4181	


31	1	3	0
279	263	370	178	297	359	424	35	186	112	
10	9	8	7	3	1	
112	186	35	424	370	279	
886	700	623	1259	1091	6618	


31	1	4	0
167	258	41	345	199	65	166	431	97	273	
10	9	7	3	4	6	
273	97	166	41	345	65	
963	709	1096	1236	977	8550	


31	1	5	0
73	256	164	79	206	381	162	37	286	131	
10	8	9	1	2	3	4	
131	37	286	73	256	164	79	
1077	627	777	814	832	1586	868	


31	1	6	0
361	347	25	229	343	416	457	463	185	332	
10	9	7	8	-99	
332	185	457	463	0	
945	745	1632	691	3955	


31	1	7	0
104	111	49	180	357	386	90	310	196	21	
8	9	10	7	1	5	4	6	
310	196	21	90	104	357	180	386	
850	709	872	1255	2518	8159	2682	1332	


31	1	8	0
394	200	422	451	461	356	234	210	142	281	
7	8	10	9	1	2	
234	210	281	142	394	200	
2031	732	1018	1837	3077	1345	


31	1	9	0
45	203	75	230	280	57	63	276	414	84	
-99	9	10	4	7	2	3	
277	414	84	230	63	203	75	
1313	755	963	1350	9314	3436	2719	


31	1	10	0
127	28	150	340	217	141	384	91	60	306	
10	9	6	7	1	2	3	4	
306	60	141	384	127	28	150	340	
2345	595	1064	764	4182	959	972	859	


31	1	11	0
378	245	264	40	317	96	337	260	441	405	
8	10	9	6	1	2	
260	405	441	96	378	245	
2950	777	968	1668	4850	1496	


31	1	12	0
129	27	231	139	261	36	93	298	235	110	
8	9	10	7	1	2	
298	235	110	93	129	27	
1736	559	586	932	1755	1559	


31	1	13	0
106	284	452	427	193	176	294	19	341	429	
8	9	10	5	1	2	-305	
19	341	429	193	106	284	217	
1809	731	1046	964	5354	832	17223	


31	1	14	0
209	335	160	379	55	62	4	23	342	266	
8	9	10	4	3	7	-99	
23	342	266	379	160	4	0	
1840	637	668	1264	1118	6200	8159	


31	1	15	0
74	126	426	290	274	181	248	253	395	444	
6	-1409	8	9	-99	5	2	-1409	
181	257	253	395	0	274	126	257	
1195	800	618	918	932	2277	1810	13127	


31	1	16	0
382	11	56	9	122	354	188	293	81	305	
9	8	10	-1409	
81	293	305	466	
1581	2205	995	13564	


31	1	17	0
242	198	2	398	425	311	412	3	250	119	
8	9	10	4	1	5	
3	250	119	398	242	425	
1113	877	982	1178	2986	8373	


31	1	18	0
367	183	174	159	33	353	479	331	155	390	
-99	9	10	7	2	-108	
326	155	390	479	183	3	
1018	672	514	1068	1128	4568	


31	1	19	0
32	148	313	428	59	76	369	161	321	241	
9	10	8	7	6	1	2	4	5	
321	241	161	369	76	32	148	428	59	
972	673	1000	1186	1587	2236	1041	1809	1696	


31	1	20	0
456	328	52	312	173	296	228	438	315	138	
7	8	9	10	6	
228	438	315	138	296	
1354	586	1241	923	1405	


31	1	21	0
66	415	301	324	175	117	419	439	277	47	
7	8	9	10	1	3	2	5	
419	439	277	47	66	301	415	175	
813	732	723	668	964	2122	696	3000	


31	1	22	0
330	92	177	251	376	377	205	333	140	465	
8	9	10	3	4	8	-101	
333	140	465	177	251	333	66	
1368	1072	605	2559	777	12328	7509	


31	1	23	0
352	14	88	132	375	373	406	38	98	202	
8	9	10	-105	-2203	
38	98	202	376	15	
1345	736	959	823	1805	


31	1	24	0
232	399	238	348	70	30	218	259	364	89	
7	9	10	1	3	6	
218	364	89	232	238	30	
1563	909	914	5045	1269	3590	


31	1	25	0
207	191	288	233	121	31	171	407	179	153	
8	9	10	6	7	5	4	3	2	1	
407	179	153	31	171	121	233	288	191	207	
1477	1013	670	1070	1060	2025	3035	3460	2060	3545	


31	1	26	0
54	211	226	454	95	22	371	362	318	476	
-99	10	8	-99	6	2	1	5	
319	476	362	480	22	211	54	95	
900	636	627	1146	1259	1763	2414	3227	


31	1	27	0
316	448	169	13	46	329	143	411	85	208	
7	8	-403	10	5	
143	411	88	208	46	
1568	959	1291	836	1268	


31	1	28	0
309	239	267	24	326	187	7	272	323	385	
8	9	10	3	7	-101	-102	
272	323	385	267	7	316	448	
1600	659	463	1728	2481	4937	3472	


31	1	29	0
6	291	462	449	124	360	423	165	240	107	
8	9	10	1	2	-101	
165	240	107	6	291	309	
1495	650	723	1272	2287	8345	


31	1	30	0
344	396	346	1	115	325	108	82	71	372	
9	10	5	8	2	4	3	1	
71	372	115	82	396	1	346	344	
800	1572	1291	1409	1687	2404	3096	6313	


31	1	31	0
392	130	12	409	100	29	478	446	220	149	
7	8	9	10	-99	7	
478	446	220	149	0	478	
840	591	737	682	5877	6786	


31	1	32	0
10	18	237	442	146	134	292	469	83	285	
7	8	-205	10	-304	6	-3103	
292	469	115	285	449	134	15	
1304	755	781	1023	1337	7759	1359	


31	1	33	0
358	322	275	366	247	133	61	351	374	363	
8	9	-99	1	2	3	7	
351	374	363	358	322	275	61	
995	923	672	1200	991	1528	3500	


32	1	1	0
72	287	203	350	235	3	276	28	132	213	
9	10	1	7	8	5	3	4	
132	213	72	276	28	235	203	350	
445	632	895	1000	1523	1255	1468	3672	


32	1	2	0
127	357	162	322	90	230	110	348	69	116	
10	9	1	-99	8	2	7	6	5	
116	69	127	0	348	357	110	230	90	
1568	672	1096	818	891	2177	1164	1086	1773	


32	1	3	0
58	145	342	246	432	272	163	284	68	98	
10	5	3	4	7	1	8	6	
98	432	342	246	163	58	284	272	
1104	1155	1009	1227	1373	936	1446	1618	


32	1	4	0
254	297	333	126	335	173	226	389	413	299	
10	7	9	8	3	2	6	4	5	
299	226	413	389	333	297	173	126	335	
890	896	764	1059	2091	1600	1154	1936	1623	


32	1	5	0
34	124	456	94	44	114	330	89	387	42	
10	7	5	9	8	
42	330	44	387	89	
731	941	878	2690	3832	


32	1	6	0
423	316	421	10	118	15	303	164	92	177	
9	1	10	5	3	8	4	
92	423	177	118	421	164	10	
636	854	1150	1123	2118	8164	6336	


32	1	7	0
101	452	473	40	285	165	61	260	268	435	
10	8	9	5	6	1	3	4	2	
435	260	268	285	165	101	473	40	452	
577	809	700	1050	1436	1618	2955	1309	1068	


32	1	8	0
328	207	97	175	370	31	288	91	353	5	
7	8	9	10	2	4	5	
288	91	353	5	207	175	370	
709	818	832	931	1573	1205	1841	


32	1	9	0
59	340	7	179	321	196	139	266	338	386	
8	9	10	7	6	4	5	
266	338	386	139	196	179	321	
845	741	709	1355	1750	10850	959	


32	1	10	0
264	55	290	327	405	471	171	363	324	184	
7	8	9	10	6	5	4	3	
171	363	324	184	471	405	327	290	
700	813	696	1072	1255	2509	7750	1564	


32	1	11	0
150	378	142	380	280	87	358	479	54	265	
7	8	9	10	1	6	2	
358	479	54	265	150	87	378	
572	687	804	955	1022	1191	15005	


32	1	12	0
241	270	441	84	149	282	106	385	315	371	
7	8	9	10	5	
106	385	315	371	149	
781	609	978	1091	1463	


32	1	13	0
281	416	326	430	103	77	242	76	195	391	
7	8	9	10	5	1	3	-101	
242	76	195	391	103	281	326	241	
686	659	1377	987	2672	1328	2609	10318	


32	1	14	0
459	400	334	448	464	9	48	477	222	375	
7	8	9	10	2	3	4	5	
48	477	222	375	400	334	448	464	
395	650	573	1163	1359	1455	1914	13063	


32	1	15	0
253	4	249	45	440	417	19	66	148	398	
6	7	8	9	10	-107	5	
417	19	66	148	398	48	440	
481	709	700	846	954	1560	12550	


32	1	16	0
296	395	245	313	470	197	478	47	362	11	
6	8	9	10	7	
197	47	362	11	478	
1268	891	909	1300	1800	


32	1	17	0
399	206	394	52	275	22	397	307	451	198	
8	9	10	5	7	6	3	
307	451	198	275	397	22	394	
859	859	836	1014	1195	6941	8141	


32	1	18	0
161	174	247	345	374	304	231	403	13	427	
10	9	6	7	8	2	1	
427	13	304	231	403	174	161	
345	814	927	923	1045	1577	1255	


32	1	19	0
211	147	99	79	212	393	41	208	234	26	
7	8	9	10	5	4	3	1	2	
41	208	234	26	212	79	99	211	147	
818	809	759	964	1309	1659	2841	2318	1245	


32	1	20	0
210	467	289	240	157	95	239	410	204	308	
8	9	10	1	2	6	7	5	
410	204	308	210	467	95	239	157	
304	800	746	1186	1182	2063	1164	1841	


32	1	21	0
379	25	20	255	237	201	136	224	361	407	
6	7	8	9	10	3	5	4	
201	136	224	361	407	20	237	255	
777	682	900	941	909	2318	2295	2218	


32	1	22	0
454	444	85	8	434	128	219	183	181	259	
7	8	9	10	1	
219	183	181	259	454	
406	661	1048	957	2659	


32	1	23	0
302	43	63	215	102	306	172	168	248	112	
7	8	9	10	1	2	4	
172	168	248	112	302	43	215	
518	700	700	1163	2687	1959	11804	


32	1	24	0
419	392	238	221	366	33	439	96	117	320	
9	10	6	1	8	2	5	
117	320	33	419	96	392	366	
586	782	1086	673	1545	1378	1568	


32	1	25	0
178	160	283	146	377	372	205	293	158	390	
7	8	9	10	6	3	4	5	
205	293	158	390	372	283	146	377	
204	650	964	668	1441	1432	3663	1482	


32	1	26	0
21	138	192	365	135	73	188	344	18	354	
6	7	8	9	10	5	1	4	3	
73	188	344	18	354	135	21	365	192	
545	777	750	1091	959	1732	1527	1814	2727	


32	1	27	0
384	220	331	51	258	356	426	6	189	337	
7	8	9	10	1	2	5	
426	6	189	337	384	220	258	
263	637	786	986	1255	1604	2059	


32	1	28	0
223	332	463	329	108	431	115	50	129	262	
7	8	9	10	4	6	2	5	
115	50	129	262	329	431	332	108	
254	755	672	837	1195	937	1172	6141	


32	1	29	0
368	349	227	460	17	351	294	182	317	346	
7	8	9	10	3	5	9	-1801	
294	182	317	346	227	17	317	150	
336	586	973	864	1676	1300	8333	8579	


32	1	30	0
74	449	57	82	411	422	480	466	218	180	
6	8	7	9	10	-102	
422	466	480	218	180	349	
409	822	1278	1231	819	14631	


32	1	31	0
200	323	62	291	261	325	257	339	347	311	
8	9	10	1	3	7	2	
339	347	311	200	62	257	323	
422	596	827	1336	841	1364	16254	


32	1	32	0
286	120	277	80	109	78	12	310	81	130	
6	7	8	10	5	1	
78	12	310	130	109	286	
600	909	881	1278	1283	8966	


32	1	33	0
263	187	359	104	155	111	465	447	267	37	
9	-99	8	7	5	4	1	
267	37	447	465	155	104	263	
381	737	959	941	2036	3323	2586	


34	1	1	0
388	333	171	15	63	366	299	62	280	259	
1	2	-99	8	10	6	
388	333	0	62	259	366	
831	805	964	554	823	16795	


34	1	2	0
313	96	317	13	337	18	59	82	271	134	
10	9	8	6	10	
134	271	82	18	134	
1109	631	760	759	12222	


34	1	3	0
274	395	26	347	468	60	331	69	129	120	
1	6	9	10	2	
274	60	129	120	395	
804	546	786	723	736	


34	1	4	0
58	147	31	295	241	361	352	399	142	249	
5	9	10	2	7	3	
241	142	249	147	352	31	
1290	810	845	923	1468	18150	


34	1	5	0
227	38	198	158	192	270	33	452	384	197	
9	10	1	2	3	4	6	9	
384	197	227	38	198	158	270	384	
1095	900	1764	822	1382	450	4518	3173	


34	1	6	0
439	239	95	133	281	68	23	275	89	12	
10	9	8	1	3	
12	89	275	439	95	
1404	1055	2068	8591	741	


34	1	7	0
19	273	422	211	72	97	182	90	345	240	
9	10	2	1	4	3	
345	240	273	19	211	422	
613	814	995	1305	1718	618	


34	1	8	0
119	276	56	401	43	344	32	22	339	342	
8	9	10	1	6	9	
22	339	342	119	344	339	
668	850	827	1145	1078	1459	


34	1	9	0
261	131	112	381	410	265	218	4	169	5	
10	9	7	6	1	3	-110	
5	169	218	265	261	112	342	
500	895	877	514	873	2118	22759	


34	1	10	0
418	210	191	85	400	35	75	321	214	163	
8	9	10	7	2	3	
321	214	163	75	210	191	
486	741	713	596	1573	731	


34	1	11	0
364	9	84	386	320	202	217	412	477	135	
7	9	10	8	
217	477	135	412	
650	651	688	625	


34	1	12	0
194	53	48	102	222	16	7	311	144	360	
9	10	6	8	7	1	9	
144	360	16	311	7	194	144	
622	759	923	1214	745	9100	5559	


34	1	13	0
11	47	76	336	183	268	162	372	293	348	
9	10	1	5	6	3	
293	348	11	183	268	76	
272	909	791	655	845	10955	


34	1	14	0
166	474	185	88	301	6	157	87	379	104	
8	9	10	3	1	
87	379	104	185	166	
713	532	809	773	932	


34	1	15	0
355	471	146	409	28	357	396	117	92	175	
6	9	10	4	1	2	
357	92	175	409	355	471	
609	818	813	928	936	9623	


34	1	16	0
8	260	150	187	294	181	152	193	149	235	
10	9	8	2	1	5	4	3	
235	149	193	260	8	294	187	150	
1136	759	991	2609	636	10478	7568	1213	


34	1	17	0
264	208	445	1	406	209	417	36	298	25	
10	9	7	2	3	
25	298	417	208	445	
472	1068	723	877	1073	


34	1	18	0
248	353	383	213	27	50	267	184	343	262	
10	6	4	1	2	3	
262	50	213	248	353	383	
504	1736	991	7414	2229	13770	


34	1	19	0
94	154	282	160	397	358	318	126	74	325	
8	9	10	2	3	1	
126	74	325	154	282	94	
454	786	696	900	709	17605	


34	1	20	0
101	118	116	461	108	223	272	323	451	106	
2	7	10	6	5	4	1	9	
118	272	106	223	108	461	101	451	
1254	1036	810	1113	841	1341	3886	6687	


34	1	21	0
389	340	382	77	204	338	24	290	49	236	
8	6	5	10	9	2	3	4	
290	338	204	236	49	340	382	77	
868	927	741	750	1214	4627	495	3355	


34	1	22	0
110	139	404	230	232	307	54	99	315	380	
10	9	8	4	1	2	3	
380	315	99	230	110	139	404	
368	800	745	3141	550	1168	8978	


34	1	23	0
292	448	51	289	98	414	125	155	456	244	
8	9	10	1	2	5	6	8	
155	456	244	292	448	98	414	155	
363	527	514	686	464	768	750	22423	


34	1	24	0
424	324	374	115	250	329	312	429	459	356	
9	10	7	6	1	2	3	
459	356	312	329	424	324	374	
436	591	945	1628	900	663	9559	


34	1	25	0
127	279	86	363	159	440	370	462	20	453	
3	2	1	10	4	6	
86	279	127	453	363	440	
359	759	863	1096	2400	16123	


34	1	26	0
332	34	168	376	203	226	444	215	288	334	
10	9	5	8	6	9	
334	288	203	215	226	288	
350	590	1069	1800	2363	8487	


34	1	27	0
354	305	465	255	434	277	189	291	55	447	
9	10	6	-1506	2	1	7	
55	447	277	16	305	354	189	
350	672	1096	1395	1291	991	14641	


34	1	28	0
394	73	385	365	256	196	316	438	443	52	
1	9	10	
394	443	52	
468	1032	1059	


34	1	29	0
437	330	105	407	304	153	296	138	308	164	
7	1	10	8	
296	437	164	138	
1236	873	1254	1623	


34	1	30	0
415	263	234	100	297	243	170	285	441	476	
5	6	9	10	1	2	4	3	
297	243	441	476	415	263	100	234	
772	800	1228	1400	1568	2622	1996	3332	


34	1	31	0
67	91	328	371	220	124	231	179	66	449	
7	5	6	9	1	
231	220	124	66	67	
390	882	750	987	1327	


34	1	32	0
351	466	246	128	377	458	30	425	326	378	
5	7	9	8	10	3	
377	30	326	425	378	246	
400	877	791	1082	1150	8886	


34	1	33	0
367	430	310	46	247	136	373	14	454	460	
-99	9	8	3	-510	6	5	9	8	
460	454	14	310	52	136	247	454	14	
404	646	677	732	650	4231	1078	4659	4673	


35	1	1	0
243	179	207	199	359	194	26	106	68	128	
10	9	1	5	
128	68	243	359	
1859	541	1163	14091	


35	1	2	0
343	406	43	370	195	31	248	375	81	89	
10	9	3	-99	4	-107	2	
89	81	43	159	370	26	406	
831	928	918	1268	1673	13177	7759	


35	1	3	0
348	301	119	203	52	1	416	249	48	60	
10	9	2	7	
60	48	301	416	
427	1313	1196	15541	


35	1	4	0
188	35	185	15	218	156	417	134	40	105	
10	7	9	1	7	2	
105	417	40	188	417	35	
772	655	773	5877	8323	7090	


35	1	5	0
111	233	172	445	390	175	475	404	202	173	
10	9	8	2	3	
173	202	404	233	172	
590	1078	1236	2177	23509	


35	1	6	0
224	145	413	257	142	311	32	429	259	330	
7	8	10	4	
32	429	330	257	
954	577	1932	8809	


35	1	7	0
278	19	334	198	352	267	399	289	448	123	
10	9	8	1	-108	10	
123	448	289	278	429	123	
300	854	868	1150	2178	9277	


35	1	8	0
236	129	127	253	184	293	71	141	8	395	
10	6	6	2	
395	293	293	129	
231	1169	840	3300	


35	1	9	0
88	244	230	113	7	371	226	373	10	56	
10	9	8	-99	2	
56	10	373	0	244	
45	805	995	2459	1905	


35	1	10	0
470	116	245	14	58	284	258	292	444	197	
8	9	10	5	6	
292	444	197	58	284	
290	528	659	1782	25859	


35	1	11	0
402	392	242	328	196	219	12	401	423	316	
1	10	8	4	5	3	2	10	
402	316	401	328	196	242	392	316	
250	1554	1936	4400	1223	3014	2777	10014	


35	1	12	0
180	382	2	190	273	412	387	137	80	135	
10	9	8	2	1	3	6	5	4	
135	80	137	382	180	2	412	273	190	
145	877	1259	1541	5078	2554	3746	3804	659	


35	1	13	0
384	6	339	277	23	246	157	317	405	149	
10	8	9	7	2	10	
149	317	405	157	6	149	
186	845	669	1300	1645	13082	


35	1	14	0
446	115	85	455	132	144	11	377	325	165	
10	9	-902	-509	1	
165	325	233	10	446	
177	1082	1277	1241	7854	


35	1	15	0
69	16	367	315	46	59	94	210	396	305	
10	2	8	4	-99	9	2	10	1	
305	16	210	315	0	396	16	305	69	
9	772	1109	1487	2236	6382	6109	432	5095	


35	1	16	0
279	261	262	102	87	237	374	169	189	183	
9	10	8	2	4	5	6	7	
189	183	169	261	102	87	237	374	
54	777	1169	1277	5054	8787	1122	5600	


35	1	17	0
114	166	386	364	200	124	335	268	25	82	
10	8	7	6	5	10	1	2	
82	268	335	124	200	82	114	166	
640	1314	1641	1200	1627	3291	12046	6172	


35	1	18	0
112	146	428	440	38	28	271	296	403	206	
8	9	10	5	10	
296	403	206	38	206	
59	618	1145	1696	15141	


35	1	19	0
418	474	232	297	117	397	13	346	306	270	
10	9	7	8	5	6	9	-402	4	
270	306	13	346	117	397	306	16	297	
240	914	1177	1059	1237	1250	3768	850	12977	


35	1	20	0
51	341	151	298	104	290	294	171	177	84	
10	9	1	2	
84	177	51	341	
300	959	2700	14463	


35	1	21	0
285	73	366	456	178	304	357	323	450	21	
10	9	2	1	8	
21	450	73	285	323	
318	977	1041	1132	3722	


35	1	22	0
33	409	152	70	120	170	332	168	283	326	
9	10	8	6	10	
283	326	168	170	326	
359	668	704	800	20041	


35	1	23	0
300	422	398	437	365	263	414	276	221	288	
10	9	5	8	-203	1	
288	221	365	276	366	300	
290	755	800	1159	10196	4354	


35	1	24	0
479	239	355	90	313	97	320	17	140	24	
10	8	5	7	2	1	
24	17	313	320	239	479	
513	1105	1341	5236	3568	800	


35	1	25	0
36	433	181	379	260	264	53	424	439	77	
10	9	7	8	-504	6	5	1	10	2	
77	439	53	424	298	264	260	36	77	433	
281	923	773	995	773	2209	846	2104	1736	14555	


35	1	26	0
380	66	176	394	234	303	287	344	240	205	
10	9	8	2	6	4	5	
205	240	344	66	303	394	234	
145	668	705	854	12946	1654	3455	


35	1	27	0
281	67	96	213	356	351	250	148	225	430	
9	10	7	1	6	
225	430	250	281	351	
154	614	1095	1091	7464	


35	1	28	0
174	95	223	338	222	216	461	72	467	353	
10	9	8	6	3	2	-103	
353	467	72	216	223	95	96	
218	1050	732	772	13396	3582	2736	


35	1	29	0
452	329	393	302	265	372	331	255	457	389	
10	8	9	7	2	
389	255	457	331	329	
204	827	473	609	5809	


35	1	30	0
362	447	336	465	79	441	369	314	186	309	
10	7	9	5	8	7	
309	369	186	79	314	369	
159	700	931	923	1105	6027	


35	1	31	0
103	256	464	154	391	217	299	360	381	449	
9	10	7	1	4	2	
381	449	299	103	154	256	
40	882	1123	1086	1328	3763	


35	1	32	0
30	41	421	431	400	118	327	182	57	383	
9	10	8	7	
57	383	182	327	
63	646	891	918	


35	1	33	0
164	155	153	220	451	432	161	415	93	468	
9	-99	7	1	2	3	5	7	
93	468	161	164	155	153	451	161	
13	691	873	641	736	609	1018	10005	


36	1	1	0
201	298	292	420	248	22	395	84	439	54	
10	9	6	7	-99	3	-99	
54	439	22	395	299	292	257	
3422	673	1295	410	1131	2000	4814	


36	1	2	0
310	383	230	129	366	20	371	95	121	142	
10	9	-99	8	5	1	10	4	
142	121	480	95	366	310	142	129	
977	409	854	678	591	3341	8940	12700	


36	1	3	0
93	362	182	137	474	306	80	198	110	72	
10	9	8	6	3	7	
72	110	198	306	182	80	
245	468	627	1041	8487	9977	


36	1	4	0
78	349	150	375	53	208	419	334	165	102	
-99	9	8	6	3	1	5	
115	165	334	208	150	78	53	
200	631	564	609	2573	5273	6122	


36	1	5	0
260	26	231	245	156	291	66	187	81	216	
10	9	8	7	3	2	6	
216	81	187	66	231	26	291	
81	519	486	1054	1619	1581	1346	


36	1	6	0
100	133	94	58	480	48	458	153	192	177	
10	9	8	5	7	
177	192	153	480	458	
186	641	586	768	3723	


36	1	7	0
266	460	152	39	240	242	239	126	70	351	
9	10	8	5	1	
70	351	126	240	266	
140	560	554	982	3495	


36	1	8	0
314	303	111	304	195	33	97	269	337	89	
8	9	10	6	7	4	1	8	
269	337	89	33	97	304	314	269	
209	718	495	787	827	1004	2319	6645	


36	1	9	0
101	432	247	10	456	217	49	166	179	361	
7	8	9	10	3	
49	166	179	361	247	
618	863	723	782	1073	


36	1	10	0
73	388	193	1	358	11	169	319	184	423	
10	8	9	7	10	
423	319	184	169	423	
463	787	1131	3973	17241	


36	1	11	0
389	124	320	65	205	24	85	79	296	149	
6	-99	8	9	10	1	3	
24	88	79	296	149	389	320	
404	677	491	800	668	2096	841	


36	1	12	0
164	69	416	40	338	284	9	67	341	285	
10	8	9	2	6	1	7	
285	67	341	69	284	164	9	
263	791	673	609	873	1881	2178	


36	1	13	0
377	41	324	369	173	47	219	204	405	17	
10	9	8	2	4	10	
17	405	204	41	369	17	
240	550	1196	1823	736	9955	


36	1	14	0
62	163	355	75	61	331	348	213	290	461	
8	9	10	2	1	4	
213	290	461	163	62	75	
554	473	636	1346	695	3541	


36	1	15	0
241	473	264	176	265	467	246	288	228	431	
10	9	8	7	5	2	6	3	4	
431	228	288	246	265	473	467	264	176	
318	495	677	1032	1118	4410	5150	5940	837	


36	1	16	0
447	145	301	224	411	422	479	90	34	136	
9	10	7	8	1	2	9	
34	136	479	90	447	145	34	
340	646	591	723	1181	1964	5673	


36	1	17	0
238	23	287	175	382	391	86	233	140	155	
9	10	7	8	5	6	2	
140	155	86	233	382	391	23	
581	732	587	754	900	914	1941	


36	1	18	0
159	258	267	410	119	202	313	462	262	199	
10	9	8	7	6	4	
199	262	462	313	202	410	
327	1245	787	959	1218	1082	


36	1	19	0
25	404	229	312	270	222	450	333	417	122	
9	10	8	7	6	2	1	
417	122	333	450	222	404	25	
345	545	887	668	873	1804	5759	


36	1	20	0
55	329	3	250	186	237	45	443	406	297	
9	10	8	7	-109	
406	297	443	45	417	
450	622	587	1009	14754	


36	1	21	0
158	197	168	218	59	38	13	364	196	30	
7	8	9	10	1	6	
13	364	196	30	158	38	
990	610	781	623	1082	13114	


36	1	22	0
235	132	469	468	161	178	413	407	307	379	
9	10	7	8	5	6	3	1	
307	379	413	407	161	178	469	235	
281	628	700	741	1427	1000	1627	8564	


36	1	23	0
344	278	464	60	16	190	327	268	305	253	
9	10	7	8	5	1	10	
305	253	327	268	16	344	253	
409	713	2118	555	1377	2105	4286	


36	1	24	0
396	448	394	323	171	162	2	254	421	263	
9	10	7	8	3	4	6	
421	263	2	254	394	323	162	
395	882	732	722	1309	823	7091	


36	1	25	0
454	354	415	118	400	374	243	167	426	210	
9	10	7	8	4	9	
426	210	243	167	118	426	
422	737	736	650	1014	3968	


36	1	26	0
148	206	141	251	401	309	209	99	457	453	
8	9	10	7	5	4	6	-101	
99	457	453	209	401	251	309	454	
345	705	500	745	950	2291	2204	5246	


36	1	27	0
318	92	373	430	286	424	68	476	444	335	
10	9	8	5	6	
335	444	476	286	424	
763	496	631	1155	24336	


36	1	28	0
332	88	477	316	402	28	125	360	397	203	
10	9	7	8	5	-105	
203	397	125	360	402	286	
472	632	841	1382	1382	23018	


36	1	29	0
211	109	342	44	380	147	280	255	127	359	
6	7	8	9	10	1	9	
147	280	255	127	359	211	127	
1095	973	868	845	819	2200	15390	


36	1	30	0
226	308	347	50	452	378	37	143	56	105	
8	-99	9	10	6	7	4	
143	0	56	105	378	37	50	
654	673	586	650	1255	1577	1459	


36	1	31	0
27	295	271	63	376	425	315	107	227	117	
10	7	8	9	6	5	4	3	1	
117	315	107	227	425	376	63	271	27	
695	841	954	710	1018	2941	2431	932	6623	


36	1	32	0
96	367	289	259	412	5	277	387	326	363	
7	8	9	10	5	8	6	
277	387	326	363	412	387	5	
890	723	627	514	918	5187	5709	


36	1	33	0
43	207	221	449	32	115	244	414	472	459	
-99	-99	7	8	6	1	
470	459	244	414	115	43	
1109	677	709	636	1341	3068	


37	1	1	0
137	308	65	224	19	417	145	226	245	227	
10	1	4	9	8	7	3	
227	137	224	245	226	145	65	
731	546	554	500	1559	1896	9068	


37	1	2	0
35	132	205	406	399	257	46	31	147	473	
10	9	8	7	5	6	1	2	9	4	
473	147	31	46	399	257	35	132	147	406	
272	623	668	550	1618	628	959	591	12281	700	


37	1	3	0
346	247	134	447	212	30	41	233	435	267	
10	9	6	7	8	2	1	5	
267	435	30	41	233	247	346	212	
463	496	577	395	769	563	555	7427	


37	1	4	0
195	396	111	43	100	221	11	451	85	96	
10	8	-99	1	3	4	6	5	7	
96	451	88	195	111	43	221	100	11	
50	622	441	609	846	1036	1336	1000	7791	


37	1	5	0
349	310	264	379	319	252	172	90	320	302	
10	9	4	8	2	3	7	6	
302	320	379	90	310	264	172	252	
154	468	500	546	1695	918	700	1923	


37	1	6	0
418	209	199	117	156	434	59	87	258	408	
10	9	8	3	4	
408	258	87	199	117	
136	627	559	523	968	


37	1	7	0
25	98	158	64	456	33	80	206	128	164	
10	9	8	6	7	5	4	
164	128	206	33	80	456	64	
50	754	532	714	495	609	736	


37	1	8	0
109	3	347	73	143	196	287	478	474	380	
1	10	4	9	7	8	2	
109	380	73	474	287	478	3	
50	654	818	964	718	1382	773	


37	1	9	0
202	182	414	292	272	217	394	239	191	49	
10	9	8	7	6	5	
49	191	239	394	217	272	
250	377	577	700	877	2850	


37	1	10	0
469	403	193	183	416	362	328	441	171	460	
10	9	8	1	3	5	2	8	10	
460	171	441	469	193	416	403	441	460	
86	659	473	786	705	1231	691	3814	6695	


37	1	11	0
294	386	384	444	27	400	116	351	192	21	
10	9	8	4	5	
21	192	351	444	27	
331	514	468	655	1627	


37	1	12	0
373	75	458	120	454	296	324	316	350	262	
10	8	9	-304	7	4	
262	316	350	292	324	120	
18	468	509	586	355	1250	


37	1	13	0
363	103	127	67	112	210	62	26	214	360	
9	10	7	8	3	2	4	6	5	
214	360	62	26	127	103	67	210	112	
413	668	519	531	1419	2163	5350	3550	1450	


37	1	14	0
140	63	466	314	22	178	88	326	84	240	
9	10	6	5	4	3	7	8	
84	240	178	22	314	466	88	326	
59	509	1036	786	628	663	1223	932	


37	1	15	0
237	138	45	322	317	429	17	180	265	281	
10	9	1	7	4	3	5	2	
281	265	237	17	322	45	317	138	
400	440	587	795	778	554	11814	959	


37	1	16	0
422	307	194	477	155	187	108	18	243	139	
-99	10	8	7	
7	139	18	108	
242	26	782	2354	


37	1	17	0
223	42	376	149	369	387	38	235	169	266	
3	5	10	7	9	6	8	
376	369	266	38	169	387	235	
200	431	337	836	577	1873	2318	


37	1	18	0
34	415	185	208	241	124	200	413	468	32	
10	9	8	4	6	7	
32	468	413	208	124	200	
172	718	605	1995	19996	2877	


37	1	19	0
345	259	170	367	430	248	348	336	24	260	
10	9	8	1	2	3	
260	24	336	345	259	170	
13	341	427	1546	600	9354	


37	1	20	0
211	148	118	122	236	461	390	181	421	459	
10	9	8	6	3	1	4	5	
459	421	181	461	118	211	122	236	
9	327	564	554	1141	495	564	1600	


37	1	21	0
341	344	114	297	115	197	213	472	480	77	
10	9	8	7	1	2	5	10	4	6	
77	480	472	213	341	344	115	77	297	197	
18	386	450	477	1609	523	1682	3900	2873	463	


37	1	22	0
419	411	133	283	427	279	174	385	121	168	
10	9	4	7	8	3	1	2	
168	121	283	174	385	133	419	411	
31	609	473	518	646	1227	2023	895	


37	1	23	0
162	446	4	246	470	179	218	338	9	397	
-99	9	8	7	
8	9	338	218	
396	44	391	600	


37	1	24	0
375	198	364	253	305	10	359	251	383	479	
10	9	8	7	5	4	1	2	
479	383	251	359	305	253	375	198	
27	345	632	923	1286	1496	741	2059	


37	1	25	0
105	146	151	76	323	463	166	15	81	50	
10	9	8	7	6	2	
50	81	15	166	463	146	
13	396	600	554	977	1841	


37	1	26	0
315	207	442	271	372	389	374	20	99	104	
10	9	8	5	2	6	
104	99	20	372	207	389	
54	377	509	2532	1750	1159	


37	1	27	0
184	113	44	388	391	215	276	289	426	219	
-99	9	7	8	6	4	
436	426	276	289	215	388	
9	468	668	682	1309	732	


37	1	28	0
107	39	410	190	401	228	304	313	311	333	
10	8	9	5	1	2	3	7	6	
333	313	311	401	107	39	410	304	228	
13	514	382	818	541	541	1018	2204	2087	


37	1	29	0
234	453	433	254	163	274	409	173	12	432	
9	10	8	6	5	7	2	3	1	
12	432	173	274	163	409	453	433	234	
81	478	574	437	650	970	497	1434	2477	


37	1	30	0
102	141	167	92	318	110	55	286	431	232	
10	9	-2505	-905	2	3	9	
232	431	319	115	141	167	431	
9	413	573	641	641	645	7023	


37	1	31	0
476	370	331	250	357	329	152	398	293	261	
10	9	8	6	7	5	1	2	
261	293	398	329	152	357	476	370	
22	450	459	709	523	1496	795	496	


37	1	32	0
457	95	366	2	309	330	201	36	288	188	
10	9	8	5	7	2	3	
188	288	36	309	201	95	366	
131	550	500	464	627	2678	7972	


37	1	33	0
325	56	449	462	8	119	278	231	89	47	
-99	9	8	6	7	1	
47	89	231	119	278	325	
50	509	527	1627	1737	8904	


38	1	1	0
360	428	250	14	397	216	186	77	468	209	
10	9	7	-99	6	5	
209	468	186	145	216	397	
3195	986	1178	981	1582	1318	


38	1	2	0
236	257	293	189	331	441	107	228	132	366	
10	9	-99	1	2	4	-99	
366	132	224	236	257	189	326	
1731	1014	1705	1100	2881	7023	2364	


38	1	3	0
457	151	298	270	285	96	2	156	78	292	
10	9	8	6	3	
292	78	156	96	298	
1068	1127	1405	3690	14328	


38	1	4	0
374	49	372	409	103	42	269	180	230	246	
10	-99	9	5	7	10	
246	226	230	103	269	246	
668	1077	995	1119	3486	8582	


38	1	5	0
201	194	215	200	50	99	407	247	70	310	
10	9	7	5	6	1	4	10	
310	70	407	50	99	201	200	310	
704	1141	1277	2873	3577	6973	1305	4550	


38	1	6	0
280	47	342	254	202	139	422	129	283	341	
10	8	9	1	5	
341	129	283	280	202	
540	828	1172	3432	1473	


38	1	7	0
349	307	44	259	219	127	48	149	67	444	
10	9	7	8	3	
444	67	48	149	44	
609	1650	1736	1073	11572	


38	1	8	0
267	172	148	443	18	227	80	115	22	173	
10	9	8	6	7	
173	22	115	227	80	
595	1145	1114	1596	1418	


38	1	9	0
295	371	286	159	150	211	248	168	40	370	
-405	10	8	6	1	-99	5	
50	370	168	211	295	480	150	
609	1309	1795	1073	1564	1259	9759	


38	1	10	0
294	60	146	170	147	245	142	106	439	182	
10	9	8	4	7	1	5	3	
182	439	106	170	142	294	147	146	
272	1246	1050	1818	2264	2345	7909	6059	


38	1	11	0
73	471	98	365	251	90	160	185	224	268	
10	8	9	7	3	2	
268	185	224	160	98	471	
459	1009	1009	1100	1200	11045	


38	1	12	0
130	167	16	153	162	328	353	161	117	38	
10	9	8	5	4	7	6	
38	117	161	162	153	353	328	
545	1041	1032	863	1123	2541	4136	


38	1	13	0
274	316	402	408	381	404	467	88	135	76	
10	9	7	6	3	1	
76	135	467	404	402	274	
404	968	1532	1005	1650	1159	


38	1	14	0
24	7	454	266	203	354	175	193	166	472	
10	9	8	4	
472	166	193	266	
827	1068	1355	10086	


38	1	15	0
476	121	340	181	81	369	389	144	126	261	
10	9	8	1	7	4	
261	126	144	476	389	181	
127	732	1004	896	750	18200	


38	1	16	0
238	122	240	17	177	72	375	447	111	277	
10	9	8	1	2	5	-110	
277	111	447	238	122	177	261	
327	1241	936	1941	823	10595	11505	


38	1	17	0
188	244	386	74	290	291	273	43	379	318	
-99	7	8	9	5	-109	
319	273	43	379	290	111	
545	1068	1196	895	2909	13714	


38	1	18	0
241	350	65	395	252	124	178	134	176	455	
9	10	8	-208	
176	455	134	447	
481	1294	1200	25960	


38	1	19	0
15	165	34	322	394	86	419	63	196	265	
10	9	8	7	6	2	3	-99	
265	196	63	419	86	165	34	187	
354	864	684	753	973	982	835	683	


38	1	20	0
464	315	79	242	239	143	465	64	480	330	
10	9	8	7	5	
330	480	64	465	239	
281	823	868	805	1500	


38	1	21	0
31	54	158	6	131	226	426	302	235	11	
5	6	8	9	10	7	1	
131	226	302	235	11	426	31	
645	1264	854	1609	1014	977	2214	


38	1	22	0
19	282	51	208	356	362	346	163	412	220	
10	-99	9	5	7	6	2	1	
220	338	412	356	346	362	282	19	
359	641	731	841	887	586	17168	768	


38	1	23	0
233	434	39	37	377	326	303	276	105	108	
10	9	4	8	1	7	
108	105	37	276	233	303	
254	696	775	745	977	1511	


38	1	24	0
313	284	26	218	110	190	344	120	391	387	
10	9	5	6	3	7	
387	391	110	190	26	344	
13	582	1159	773	2963	9582	


38	1	25	0
460	425	406	382	319	415	75	296	329	192	
10	9	6	7	5	
192	329	415	75	319	
127	659	682	1345	9314	


38	1	26	0
478	157	275	191	320	308	348	198	133	317	
10	9	6	7	
317	133	308	348	
472	678	1454	568	


38	1	27	0
373	137	359	171	398	304	207	71	432	345	
7	8	9	10	4	
207	71	432	345	171	
550	981	705	918	6077	


38	1	28	0
87	41	82	323	287	152	59	357	314	279	
9	10	1	8	
314	279	87	357	
136	659	2468	7273	


38	1	29	0
301	155	347	448	333	140	311	458	256	237	
10	5	2	1	7	
237	333	155	301	311	
1372	3105	1159	932	4368	


38	1	30	0
352	214	23	383	52	234	334	343	195	380	
10	8	9	2	1	5	4	
380	343	195	214	352	52	383	
27	759	718	696	659	3613	7009	


38	1	31	0
32	199	206	164	258	197	112	104	463	442	
10	8	9	2	4	8	
442	104	463	199	164	104	
181	750	719	1509	1991	7981	


38	1	32	0
411	438	92	27	390	396	466	339	231	33	
10	9	7	6	8	5	
33	231	466	396	339	390	
227	550	645	582	768	664	


38	1	33	0
305	222	69	145	249	358	56	28	384	416	
-99	9	8	7	5	-99	
416	384	28	56	249	416	
9	681	614	868	4523	12850	


39	1	1	0
41	23	427	204	11	6	17	272	199	243	
10	8	6	-99	7	1	
243	272	6	0	17	41	
204	459	541	746	472	2231	


39	1	2	0
430	25	37	393	99	10	52	77	156	259	
10	9	7	8	5	6	3	
259	156	52	77	99	10	37	
190	600	405	600	2936	1359	4182	


39	1	3	0
137	465	429	161	15	377	373	176	45	319	
10	9	1	8	9	-109	
319	45	137	176	45	156	
118	586	741	973	16077	6691	


39	1	4	0
112	86	227	58	244	210	128	310	396	12	
10	8	9	3	2	1	7	
12	310	396	227	86	112	128	
40	510	536	1150	482	709	3532	


39	1	5	0
420	9	332	219	209	245	403	446	93	5	
10	9	3	4	8	10	
5	93	332	219	446	5	
50	504	1541	1032	13877	4459	


39	1	6	0
129	121	87	264	110	188	4	389	101	225	
-99	9	7	3	1	-101	
221	101	4	87	129	420	
100	650	763	687	7790	15687	


39	1	7	0
258	304	162	448	355	426	283	437	88	83	
10	9	7	2	1	6	3	
83	88	283	304	258	426	162	
50	627	1059	1445	741	3750	13091	


39	1	8	0
78	391	165	191	329	107	480	251	292	55	
10	9	6	8	-104	9	
55	292	107	251	448	292	
13	805	832	1295	8177	11878	


39	1	9	0
347	294	126	179	221	217	442	452	43	117	
10	9	8	1	2	5	4	3	
117	43	452	347	294	221	179	126	
9	713	641	1309	859	1141	1382	2518	


39	1	10	0
145	278	95	178	98	419	359	183	337	124	
10	9	8	3	6	2	1	4	
124	337	183	95	419	278	145	178	
327	782	577	736	709	1364	2136	5205	


39	1	11	0
255	331	254	163	343	2	440	63	139	62	
10	7	9	8	-99	1	3	10	
62	440	139	63	326	255	254	62	
231	773	709	864	1427	705	713	4732	


39	1	12	0
290	174	50	409	334	113	238	226	133	157	
10	9	7	8	2	3	
157	133	238	226	174	50	
413	900	923	986	1714	1068	


39	1	13	0
417	296	308	131	346	477	108	313	288	282	
-99	9	8	2	
8	288	313	296	
281	755	968	1236	


39	1	14	0
181	134	13	395	350	170	53	81	1	59	
10	9	8	6	1	4	7	8	
59	1	81	170	181	395	53	81	
113	1127	891	1155	1723	909	11300	9454	


39	1	15	0
326	223	84	372	105	382	218	185	148	111	
10	9	8	6	1	5	
111	148	185	382	326	105	
396	1051	734	900	8986	12398	


39	1	16	0
422	103	118	410	356	169	57	434	46	171	
10	9	7	8	1	-1202	3	-1006	
171	46	57	434	422	86	118	188	
580	753	667	774	1166	1290	1815	5215	


39	1	17	0
149	206	39	208	305	289	328	79	458	301	
10	9	8	5	6	3	4	
301	458	79	305	289	39	208	
427	768	1932	1641	822	2087	713	


39	1	18	0
7	189	85	8	140	184	369	73	435	318	
10	9	8	2	1	6	
318	435	73	189	7	184	
515	850	735	3684	14551	4495	


39	1	19	0
248	378	236	274	65	33	119	268	68	414	
10	9	4	8	1	2	3	
414	68	274	268	248	378	236	
286	886	732	480	962	1031	847	


39	1	20	0
38	195	398	449	454	306	286	262	116	363	
10	9	8	5	4	6	9	8	
363	116	262	454	449	306	116	262	
268	772	773	1496	1100	2536	9300	11164	


39	1	21	0
143	368	56	267	479	317	384	48	247	467	
10	9	8	6	7	1	2	
467	247	48	317	384	143	368	
518	745	782	805	554	7896	1095	


39	1	22	0
299	315	91	351	327	207	228	330	96	257	
10	8	9	6	1	2	
257	330	96	207	299	315	
572	700	691	877	1569	636	


39	1	23	0
407	323	72	147	357	231	102	76	303	298	
10	9	7	5	2	-99	1	
298	303	102	357	323	0	407	
268	745	637	904	4391	1350	4050	


39	1	24	0
136	445	94	196	462	297	235	365	464	281	
10	9	8	6	7	8	
281	464	365	297	235	365	
304	941	755	1304	914	14936	


39	1	25	0
324	100	138	167	24	51	270	321	192	277	
-604	9	7	8	1	
274	192	270	321	324	
227	586	714	895	2487	


39	1	26	0
260	450	404	75	336	200	71	473	461	201	
10	9	7	6	1	8	
201	461	71	200	260	473	
404	691	809	923	6650	8572	


39	1	27	0
457	460	383	214	193	269	478	222	476	120	
10	9	8	4	5	3	
120	476	222	214	193	383	
372	650	978	695	1023	2177	


39	1	28	0
441	67	340	142	338	469	74	220	152	173	
10	9	5	6	1	
173	152	338	469	441	
200	668	741	854	24100	


39	1	29	0
261	425	212	345	352	320	341	36	344	70	
10	9	8	1	7	5	3	
70	344	36	261	341	352	212	
436	686	968	4038	4107	7409	8918	


39	1	30	0
386	455	325	127	291	205	431	14	424	309	
10	9	8	5	7	6	
309	424	14	291	431	205	
213	709	682	977	846	1263	


39	1	31	0
160	311	155	97	158	22	40	400	428	190	
9	10	3	7	8	2	5	7	
428	190	155	40	400	311	158	40	
413	668	787	804	714	2086	2782	14150	


39	1	32	0
362	242	401	392	80	342	348	280	266	115	
10	9	8	6	7	1	
115	266	280	342	348	362	
186	759	991	1204	823	1909	


39	1	33	0
433	415	285	279	418	354	388	135	408	187	
-99	9	8	3	2	1	5	
187	408	135	285	415	433	418	
56	852	851	879	720	1272	1584	


40	1	1	0
376	453	266	150	147	170	255	296	216	166	
8	9	10	4	
296	216	166	150	
3604	1023	1141	7609	


40	1	2	0
243	36	325	142	292	409	18	91	196	247	
2	-99	4	8	10	9	
36	476	142	91	247	196	
3372	1337	1263	1855	1713	7350	


40	1	3	0
471	3	244	84	37	360	182	380	105	71	
3	4	6	10	9	8	
244	84	360	71	105	380	
2100	1245	1745	2219	2936	936	


40	1	4	0
92	187	316	175	186	422	49	306	281	28	
8	9	7	6	5	
306	281	49	422	186	
1486	1109	1291	1309	2205	


40	1	5	0
411	475	282	270	39	452	279	199	181	177	
10	9	6	
177	181	452	
1218	1100	13872	


40	1	6	0
248	100	143	75	115	415	176	350	337	438	
1	4	10	8	-99	10	
248	75	438	350	0	438	
1400	1009	1104	1155	9645	5868	


40	1	7	0
427	374	157	228	69	27	205	324	375	365	
2	5	1	8	10	9	
374	69	427	324	365	375	
1045	1136	1278	1409	1236	2259	


40	1	8	0
326	258	294	126	185	52	43	285	53	148	
10	1	4	3	9	6	10	
148	326	126	294	53	52	148	
1822	1341	1118	1255	1159	1405	8631	


40	1	9	0
440	404	184	82	133	146	311	349	73	58	
1	2	4	-99	10	9	5	
440	404	82	0	58	73	133	
1227	1713	2105	2050	1641	1773	1772	


40	1	10	0
168	341	26	406	130	408	198	101	445	110	
4	10	1	7	8	2	
406	110	168	198	101	341	
1304	1432	1445	1519	5331	1687	


40	1	11	0
173	215	172	358	214	297	34	391	209	381	
5	6	10	9	3	4	
214	297	381	209	172	358	
1695	1232	873	1350	1350	11154	


40	1	12	0
389	93	470	197	155	383	293	229	79	329	
8	10	9	5	6	7	-209	
229	329	79	155	383	293	445	
1763	1050	1073	2223	795	1514	4972	


40	1	13	0
303	272	76	48	78	235	123	21	448	318	
2	7	4	3	-99	
272	123	48	76	0	
1827	1304	1428	3422	9428	


40	1	14	0
98	418	425	421	295	220	429	469	288	280	
8	7	10	4	7	5	
469	429	280	421	429	295	
1595	986	1364	3468	7277	12200	


40	1	15	0
357	361	479	378	275	382	80	256	219	153	
1	8	9	10	6	
357	256	219	153	382	
1227	1132	1109	1295	3159	


40	1	16	0
364	397	15	7	67	135	424	462	332	56	
8	10	1	7	-702	
462	56	364	424	404	
1977	1273	1422	10196	13363	


40	1	17	0
254	321	310	211	464	88	23	96	347	221	
10	8	2	
221	96	321	
2913	1250	5364	


40	1	18	0
370	392	330	366	356	402	289	232	401	290	
6	9	10	8	2	1	-99	
402	401	290	232	392	370	0	
1240	837	1118	882	2291	7391	6613	


40	1	19	0
385	154	35	302	335	193	5	269	201	399	
10	9	2	-1705	7	6	5	
399	201	154	292	5	193	335	
2540	1419	1354	1264	1236	1114	9168	


40	1	20	0
338	32	50	81	322	317	333	208	461	183	
2	1	4	5	
32	338	81	322	
1727	1186	1446	1295	


40	1	21	0
250	54	236	319	476	313	362	355	224	257	
10	-99	9	7	4	
257	0	224	362	319	
1154	1096	972	941	2223	


40	1	22	0
194	284	190	242	387	394	434	57	145	99	
10	9	6	
99	145	394	
713	1568	1159	


40	1	23	0
238	323	271	65	111	86	253	343	263	6	
9	10	6	-602	
263	6	86	321	
2140	978	1382	11240	


40	1	24	0
300	14	274	277	9	339	299	40	449	398	
10	9	7	5	4	8	3	
398	449	299	9	277	40	274	
618	1227	1082	1095	1155	1859	5768	


40	1	25	0
477	465	359	112	33	163	160	63	19	314	
8	9	10	1	3	-1704	4	8	
63	19	314	477	359	126	112	63	
1650	881	1123	1227	1805	1559	2000	6768	


40	1	26	0
241	320	352	246	8	312	345	260	371	233	
4	2	9	10	7	
246	320	371	233	345	
809	1104	987	1345	877	


40	1	27	0
107	403	47	283	191	447	363	340	393	116	
10	9	8	4	5	1	2	-2403	
116	393	340	283	191	107	403	244	
1140	823	1277	4373	3523	5300	6700	1386	


40	1	28	0
223	459	51	265	106	420	90	169	278	473	
1	2	10	7	8	
223	459	473	90	169	
1945	927	1391	768	3523	


40	1	29	0
450	454	212	268	436	152	291	396	141	22	
10	7	1	3	5	4	
22	291	450	212	436	268	
1250	1109	1118	1291	1836	9664	


40	1	30	0
309	414	164	55	59	89	30	251	74	204	
10	9	8	1	2	-2706	
204	74	251	309	414	360	
1263	909	1018	1332	1373	12536	


40	1	31	0
413	367	11	85	435	368	307	327	286	192	
10	8	9	7	
192	327	286	307	
1118	1427	1182	2863	


40	1	32	0
466	161	472	171	128	180	113	20	202	474	
10	9	1	6	3	-99	2	9	
474	202	466	180	472	437	161	202	
831	1073	1946	954	1186	5073	3396	2386	


40	1	33	0
151	121	237	200	77	416	351	156	304	346	
8	9	-99	5	1	4	2	
156	304	346	77	151	200	121	
754	636	832	859	1141	1014	5159	


41	1	1	0
272	254	103	94	15	47	64	364	53	21	
10	5	1	2	6	9	8	3	
21	15	272	254	47	53	364	103	
822	828	1272	878	2609	3363	1164	2668	


41	1	2	0
71	308	227	48	57	116	210	38	85	323	
10	7	8	6	3	
323	210	38	116	227	
1131	1205	2604	1910	12845	


41	1	3	0
406	190	92	471	242	99	215	362	280	183	
6	7	8	9	10	
99	215	362	280	183	
1150	1036	1032	1236	1227	


41	1	4	0
72	374	144	167	246	423	445	276	480	239	
8	9	10	6	1	
276	480	239	423	72	
1022	996	1045	1091	3250	


41	1	5	0
65	479	132	290	428	407	408	110	195	108	
10	6	-109	-409	
108	407	480	53	
277	1363	2450	5564	


41	1	6	0
291	86	169	182	113	84	33	121	138	153	
8	9	10	1	2	
121	138	153	291	86	
813	1082	873	1022	1328	


41	1	7	0
180	225	58	123	49	305	245	387	214	455	
9	8	10	7	-109	
214	387	455	245	138	
695	986	1269	1054	2009	


41	1	8	0
460	185	295	310	114	230	314	238	133	59	
10	9	6	8	
59	133	230	238	
1040	1260	1195	1245	


41	1	9	0
368	117	162	282	262	206	318	135	343	176	
8	9	10	5	2	4	
135	343	176	262	117	282	
1331	978	1050	1268	1232	1359	


41	1	10	0
287	166	452	126	268	400	351	441	141	93	
10	9	7	8	10	
93	141	351	441	93	
1259	1859	1209	2063	8855	


41	1	11	0
145	179	360	120	52	371	331	355	171	55	
7	9	10	6	
331	171	55	371	
1450	1490	1378	1372	


41	1	12	0
304	211	251	223	140	317	431	473	363	79	
6	7	9	8	10	
317	431	363	473	79	
581	887	1136	905	1059	


41	1	13	0
148	283	326	345	332	470	300	60	247	159	
8	9	10	6	-1209	
60	247	159	470	53	
1200	772	800	837	9045	


41	1	14	0
475	373	188	10	156	288	256	205	348	137	
10	8	9	1	3	2	
137	205	348	475	188	373	
900	868	936	1246	1168	1232	


41	1	15	0
194	257	98	11	299	357	201	134	4	191	
7	9	8	10	-104	6	
201	4	134	191	10	357	
840	850	919	791	945	3895	


41	1	16	0
286	39	161	157	472	233	444	243	440	297	
7	8	9	10	5	6	1	
444	243	440	297	472	233	286	
1009	868	927	1118	1291	977	1660	


41	1	17	0
442	22	405	73	458	261	200	252	184	78	
5	6	10	7	2	3	
458	261	78	200	22	405	
250	904	896	1409	1177	882	


41	1	18	0
397	289	66	186	329	342	433	87	208	177	
8	9	10	3	
87	208	177	66	
540	623	673	6109	


41	1	19	0
158	296	89	193	265	313	26	322	474	222	
7	8	10	4	5	
26	322	222	193	265	
1009	650	2454	2491	1118	


41	1	20	0
429	136	298	5	77	384	46	14	36	236	
6	8	9	10	3	
384	14	36	236	298	
559	763	728	609	1131	


41	1	21	0
277	101	365	34	20	253	456	104	219	119	
6	9	10	-203	6	
253	219	119	89	253	
1422	668	1805	2414	16422	


41	1	22	0
341	285	415	334	147	325	212	392	369	469	
5	6	4	10	7	1	
147	325	334	469	212	341	
422	987	841	777	1882	3536	


41	1	23	0
450	340	320	129	395	28	74	419	446	30	
8	5	9	10	-99	
419	395	446	30	0	
550	1386	1186	1323	1286	


41	1	24	0
386	42	258	301	88	37	175	16	196	367	
7	8	10	9	
175	16	367	196	
1077	918	723	972	


41	1	25	0
316	436	189	372	281	112	430	344	106	172	
4	5	9	10	
372	281	106	172	
627	818	945	860	


41	1	26	0
459	267	209	439	385	264	389	234	122	263	
10	9	4	5	7	8	10	
263	122	439	385	389	234	263	
545	736	896	813	650	11778	1882	


41	1	27	0
213	309	420	312	35	464	402	241	354	379	
7	10	9	6	
402	379	354	464	
931	819	981	10046	


41	1	28	0
168	235	292	303	396	149	271	146	463	124	
10	7	9	8	5	3	
124	271	463	146	396	292	
1040	878	1291	759	1145	1764	


41	1	29	0
409	330	224	451	2	350	278	1	412	152	
10	9	8	
152	412	1	
472	1305	1291	


41	1	30	0
416	335	453	390	95	8	130	192	23	7	
5	10	6	8	
95	7	8	192	
468	1382	1054	19468	


41	1	31	0
336	270	393	170	260	273	54	353	327	24	
9	10	7	8	1	
327	24	54	353	336	
400	931	1437	1086	13023	


41	1	32	0
410	229	398	142	187	96	139	338	432	198	
6	8	10	4	1	3	
96	338	198	142	410	398	
168	1391	1259	1132	1086	15704	


41	1	33	0
250	435	118	13	237	226	128	465	75	12	
9	-99	3	4	2	5	
75	12	118	13	435	237	
2936	923	3436	1086	2873	1577	


42	1	1	0
50	325	13	409	241	205	168	146	26	274	
10	9	8	6	1	
274	26	146	205	50	
845	627	937	541	1277	


42	1	2	0
49	217	237	64	20	40	255	349	344	72	
10	8	1	6	3	2	7	8	
72	349	49	40	237	217	255	349	
400	563	587	504	605	722	7709	17214	


42	1	3	0
465	45	65	401	210	242	47	90	257	341	
10	7	8	
341	47	90	
877	832	21627	


42	1	4	0
408	264	78	286	106	319	152	269	238	125	
10	6	7	1	9	
125	319	152	408	238	
531	619	609	1086	2327	


42	1	5	0
107	27	284	83	317	67	224	117	166	77	
8	9	10	7	5	
117	166	77	224	317	
1109	518	263	973	1609	


42	1	6	0
384	123	422	24	42	271	318	19	236	105	
1	2	3	7	8	10	4	
384	123	422	318	19	105	24	
1359	759	613	1587	1077	1005	4718	


42	1	7	0
147	218	352	405	445	266	365	304	308	288	
9	8	10	1	3	7	2	
308	304	288	147	352	365	218	
1540	387	532	786	973	4063	5105	


42	1	8	0
34	126	38	178	124	189	420	219	372	402	
10	9	8	4	
402	372	219	178	
413	623	577	864	


42	1	9	0
66	331	144	119	250	208	190	185	132	267	
7	8	10	9	1	6	-102	-101	
190	185	267	132	66	208	126	34	
781	405	486	1732	1182	1136	3764	3541	


42	1	10	0
9	368	232	476	204	254	12	158	169	425	
9	10	7	3	4	
169	425	12	232	476	
1209	618	1236	1677	587	


42	1	11	0
390	457	424	141	192	191	360	292	281	160	
5	6	9	10	7	4	
192	191	281	160	360	141	
1286	577	1582	977	959	3269	


42	1	12	0
6	330	244	432	214	259	153	378	386	179	
1	2	5	6	10	4	6	
6	330	214	259	179	432	259	
1222	996	722	1291	1499	12429	3027	


42	1	13	0
135	444	279	258	316	207	201	100	230	183	
10	9	8	1	2	3	
183	230	100	135	444	279	
836	436	564	700	1686	878	


42	1	14	0
130	355	229	71	329	36	181	243	76	335	
7	8	9	10	3	
181	243	76	335	229	
1213	350	1300	1050	737	


42	1	15	0
253	194	443	37	8	388	282	464	176	277	
6	-99	8	9	10	
388	0	464	176	277	
872	682	673	786	846	


42	1	16	0
358	293	54	307	381	155	103	98	382	174	
1	3	4	-99	9	7	5	
358	54	307	97	382	103	381	
2140	596	1386	2250	1196	3309	691	


42	1	17	0
332	326	162	377	311	81	350	80	86	35	
9	10	4	7	8	
86	35	377	350	80	
381	419	540	691	1309	


42	1	18	0
463	73	122	203	280	356	456	357	364	440	
10	8	9	4	5	3	
440	357	364	203	280	122	
494	538	495	513	981	2302	


42	1	19	0
184	233	455	14	197	278	206	446	263	109	
1	2	7	6	8	9	
184	233	206	278	446	263	
763	614	3363	682	11859	6723	


42	1	20	0
157	417	43	361	406	294	246	392	116	104	
10	8	9	5	
104	392	116	406	
1200	1086	1377	6059	


42	1	21	0
173	221	140	394	59	48	115	477	16	52	
10	9	8	4	2	5	
52	16	477	394	221	59	
1804	696	1463	732	991	3986	


42	1	22	0
102	466	437	196	354	396	199	10	195	480	
2	1	8	9	3	
466	102	10	195	437	
490	2791	832	837	22272	


42	1	23	0
163	436	62	416	370	57	213	397	110	39	
6	7	9	8	10	
57	213	110	397	39	
950	627	782	686	1505	


42	1	24	0
421	33	359	423	4	469	276	336	367	479	
10	9	4	5	6	7	
479	367	423	4	469	276	
554	468	1296	2050	1809	1223	


42	1	25	0
467	399	193	371	127	324	198	55	1	209	
9	10	8	1	2	3	
1	209	55	467	399	193	
200	677	686	1827	623	673	


42	1	26	0
79	249	15	328	389	234	289	216	63	31	
6	7	9	10	1	3	5	
234	289	63	31	79	15	389	
645	414	600	822	496	2186	17005	


42	1	27	0
459	11	428	252	53	295	272	435	333	96	
7	8	9	10	
272	435	333	96	
836	673	609	700	


42	1	28	0
471	391	18	297	312	23	245	343	462	347	
1	4	10	7	5	3	
471	297	347	245	312	18	
872	682	568	878	1400	11300	


42	1	29	0
478	404	451	431	222	261	114	270	275	429	
5	4	8	9	10	
222	431	270	275	429	
1436	1186	1032	723	782	


42	1	30	0
172	212	411	60	165	148	113	453	348	301	
2	1	3	10	8	4	
212	172	411	301	453	60	
1572	487	463	755	2995	2632	


42	1	31	0
342	69	220	458	200	434	156	454	268	82	
10	9	1	6	8	
82	268	342	434	454	
663	455	1550	2232	5731	


42	1	32	0
393	302	468	22	56	314	177	273	225	170	
9	10	3	4	5	7	8	
225	170	468	22	56	177	273	
872	564	1823	700	513	718	2232	


42	1	33	0
385	337	322	235	70	17	376	414	310	415	
-99	9	5	4	1	2	3	
415	310	70	235	385	337	322	
272	687	1031	687	613	719	6822	


43	1	1	0
225	387	352	422	104	242	77	18	365	2	
10	1	2	4	5	6	10	3	1	
2	225	387	422	104	242	2	352	225	
1340	619	618	586	759	509	7414	9050	5291	


43	1	2	0
119	243	61	470	131	166	107	136	226	451	
10	8	9	5	7	1	
451	136	226	131	107	119	
772	914	604	5755	7136	12064	


43	1	3	0
453	190	338	257	118	32	228	83	410	416	
10	9	1	5	10	
416	410	453	118	416	
1277	786	959	709	15600	


43	1	4	0
80	159	423	322	282	254	260	406	93	78	
10	10	9	8	3	-101	1	5	
78	78	93	406	423	453	80	282	
990	1005	595	832	3678	2272	6914	4154	


43	1	5	0
8	5	212	176	325	409	233	111	60	353	
10	9	7	6	1	-403	3	
353	60	233	409	8	352	212	
613	718	650	937	4282	6940	9987	


43	1	6	0
51	385	183	318	37	221	280	185	232	81	
10	9	1	3	2	
81	232	51	183	385	
490	873	1682	2473	2736	


43	1	7	0
295	160	204	192	452	55	62	290	278	478	
10	9	
478	278	
2554	1618	


43	1	8	0
181	468	307	264	350	121	167	434	156	474	
8	9	10	5	
434	156	474	350	
450	654	909	741	


43	1	9	0
391	97	170	288	331	287	137	372	429	75	
8	9	10	2	
372	429	75	97	
590	764	959	7127	


43	1	10	0
65	235	209	430	373	143	58	324	432	222	
8	9	10	2	1	7	
324	432	222	235	65	58	
550	935	801	5286	11516	8407	


43	1	11	0
402	297	224	153	476	301	21	253	169	310	
10	9	7	1	4	5	
310	169	21	402	153	476	
522	805	2027	568	7841	4891	


43	1	12	0
31	362	172	381	327	148	165	335	139	43	
10	7	9	8	1	
43	165	139	335	31	
940	869	595	673	750	


43	1	13	0
267	112	436	247	317	135	261	334	443	378	
9	10	1	8	5	6	
443	378	267	334	317	135	
931	1319	2181	646	677	2577	


43	1	14	0
326	171	194	420	234	138	437	46	462	113	
9	10	2	8	
462	113	171	46	
881	982	7618	6982	


43	1	15	0
238	302	252	246	236	473	313	314	1	164	
6	8	10	1	4	
473	314	164	238	246	
490	2400	787	636	4409	


43	1	16	0
155	96	461	471	76	152	227	188	9	281	
9	10	7	2	1	5	
9	281	227	96	155	76	
1613	600	587	740	4296	11045	


43	1	17	0
220	442	125	368	12	421	114	193	163	343	
10	9	8	1	5	4	6	
343	163	193	220	12	368	421	
395	623	682	1577	4063	3582	8678	


43	1	18	0
328	219	374	216	256	380	351	383	103	218	
10	5	8	1	
218	256	383	328	
195	827	718	2737	


43	1	19	0
270	455	364	101	401	306	319	392	400	66	
9	10	7	5	1	8	3	7	
400	66	319	401	270	392	364	319	
1031	1028	1050	4100	1486	3709	4723	5804	


43	1	20	0
475	388	215	22	360	25	358	271	412	299	
8	9	10	1	7	6	3	4	
271	412	299	475	358	25	215	22	
204	423	727	582	4604	10632	5796	2554	


43	1	21	0
370	415	205	67	82	460	344	150	149	277	
9	10	7	8	1	6	7	
149	277	344	150	370	460	344	
254	527	537	709	673	8331	11541	


43	1	22	0
426	330	27	94	276	292	64	268	146	428	
8	9	10	1	
268	146	428	426	
263	1037	595	5018	


43	1	23	0
369	329	396	6	98	130	110	419	433	241	
8	9	10	4	
419	433	241	6	
313	832	950	25918	


43	1	24	0
407	450	213	184	296	59	323	464	158	367	
10	9	6	7	3	5	10	
367	158	59	323	213	296	367	
668	1009	832	791	677	1627	11036	


43	1	25	0
4	14	266	382	79	16	180	231	199	23	
9	10	2	1	3	-205	
199	23	14	4	266	98	
572	1014	1064	1031	6409	16291	


43	1	26	0
275	289	145	102	186	72	376	177	35	88	
1	9	10	8	3	
275	35	88	177	145	
859	713	696	1791	2191	


43	1	27	0
71	309	249	457	269	477	13	356	375	182	
-101	10	1	4	-107	
275	182	71	457	376	
968	1363	3628	2859	13668	


43	1	28	0
397	108	341	440	144	424	92	89	105	404	
10	7	8	9	2	3	
404	92	89	105	108	341	
163	677	732	1791	668	2264	


43	1	29	0
230	195	90	379	418	244	395	446	86	237	
9	10	1	5	7	4	3	
86	237	230	418	395	379	90	
468	645	764	577	714	641	9195	


43	1	30	0
456	30	56	263	41	100	15	122	467	49	
8	9	10	-304	2	
122	467	49	457	30	
368	777	1391	891	968	


43	1	31	0
293	479	357	223	196	211	63	173	47	52	
8	9	10	1	6	3	
173	47	52	293	211	357	
445	559	509	505	2695	5805	


43	1	32	0
399	208	308	321	116	40	217	258	444	336	
7	9	8	10	1	
217	444	258	336	399	
445	750	886	764	1750	


43	1	33	0
7	393	179	251	207	448	398	332	413	229	
8	9	-99	5	6	7	1	2	
332	413	229	207	448	398	7	393	
268	418	627	809	10328	1636	6664	6886	


44	1	1	0
70	167	330	321	49	62	361	358	188	394	
10	3	1	
394	330	70	
8772	700	528	


44	1	2	0
103	130	390	230	450	193	81	458	313	225	
8	9	10	4	1	-99	10	3	
458	313	225	230	103	462	225	390	
172	987	1104	1000	1409	1759	11028	6836	


44	1	3	0
389	242	325	243	455	453	55	69	298	293	
10	6	9	3	-102	1	2	
293	453	298	325	130	389	242	
659	786	1568	2055	2663	1669	2595	


44	1	4	0
109	403	194	41	137	322	464	451	227	307	
5	8	10	6	9	7	
137	451	307	322	227	464	
331	609	787	16136	2250	6487	


44	1	5	0
198	71	387	423	2	335	113	380	110	232	
8	10	9	5	1	
380	232	110	2	198	
95	641	650	764	9423	


44	1	6	0
52	265	186	205	384	339	8	45	438	13	
9	8	10	2	1	
438	45	13	265	52	
50	372	432	323	454	


44	1	7	0
72	63	158	105	67	367	15	306	185	301	
10	5	6	8	9	7	
301	67	367	306	185	15	
813	450	487	822	16009	7896	


44	1	8	0
159	273	39	1	356	452	7	73	318	11	
10	6	9	8	
11	452	318	73	
327	482	736	682	


44	1	9	0
449	112	328	470	141	379	61	199	187	146	
10	9	7	6	3	9	4	2	
146	187	61	379	328	187	470	112	
240	360	463	500	11623	4268	3555	8091	


44	1	10	0
102	329	286	131	107	128	269	184	54	248	
6	7	-99	9	-301	2	1	
128	269	319	54	72	329	102	
13	327	768	507	2717	8951	450	


44	1	11	0
260	350	46	196	47	161	48	150	471	354	
8	9	10	5	7	9	
150	471	354	47	48	471	
13	418	469	500	567	10473	


44	1	12	0
85	51	311	446	38	171	176	60	20	239	
8	9	10	2	4	1	2	9	
60	20	239	51	446	85	51	20	
18	468	441	1777	932	2154	3755	4168	


44	1	13	0
19	427	463	157	12	309	180	308	177	228	
9	10	5	3	
177	228	12	463	
18	432	509	3818	


44	1	14	0
294	346	370	129	201	395	473	388	162	454	
8	9	10	5	1	2	10	
388	162	454	201	294	346	454	
45	255	427	459	432	477	18159	


44	1	15	0
16	50	210	272	123	95	4	252	404	36	
6	8	9	10	-201	
95	252	404	36	19	
40	373	350	2173	10209	


44	1	16	0
238	84	428	241	310	417	421	331	398	202	
7	8	9	10	2	
421	331	398	202	84	
9	563	373	700	559	


44	1	17	0
121	240	383	258	305	216	376	32	31	74	
10	-201	5	9	2	10	
74	16	305	31	240	74	
100	786	1250	1982	1709	19195	


44	1	18	0
183	419	396	56	250	343	175	53	218	149	
-99	9	10	2	1	
0	218	149	419	183	
9	241	481	187	545	


44	1	19	0
152	459	467	219	174	9	319	280	315	261	
10	-99	-99	-1109	-99	3	2	
261	0	5	318	151	467	459	
695	1395	14	614	9209	1750	1500	


44	1	20	0
366	475	163	236	282	278	472	247	192	108	
-1207	8	10	1	
7	247	108	366	
471	-167	1850	1441	


44	1	21	0
373	18	76	10	155	116	165	429	33	340	
5	9	10	8	2	1	8	9	
155	33	340	429	18	373	429	33	
13	482	450	427	1314	1377	16609	1759	


44	1	22	0
399	251	406	153	341	30	391	348	303	256	
-710	6	10	9	1	3	-99	
36	30	256	303	399	406	0	
13	1546	945	1236	1064	1182	10164	


44	1	23	0
203	408	151	327	178	140	111	195	40	59	
10	6	1	5	4	
59	140	203	178	327	
45	1327	1064	1032	1245	


44	1	24	0
355	425	415	447	17	143	99	474	283	285	
10	9	7	-102	-407	10	
285	283	99	408	472	285	
9	500	800	663	1678	8200	


44	1	25	0
371	29	407	124	78	267	77	334	445	96	
10	2	9	8	10	-99	-101	
96	29	445	334	96	0	355	
31	496	491	1154	1159	864	12218	


44	1	26	0
168	345	436	122	88	169	276	385	249	290	
9	10	6	5	-205	
249	290	169	88	17	
9	404	464	954	996	


44	1	27	0
372	14	332	213	275	296	476	418	411	246	
1	10	9	7	-99	
372	246	411	476	0	
36	764	695	2027	10100	


44	1	28	0
173	98	397	363	117	457	349	86	91	170	
4	5	-99	10	8	
363	117	320	170	86	
13	359	832	573	750	


44	1	29	0
409	237	336	106	83	271	402	456	132	118	
7	-106	10	9	-502	1	
402	457	118	132	425	409	
154	886	719	2027	1232	5495	


44	1	30	0
89	359	211	270	400	424	439	378	262	412	
8	9	10	3	4	-99	
378	262	412	211	270	0	
77	550	382	1072	2505	2495	


44	1	31	0
255	284	431	244	164	6	26	65	254	448	
10	5	4	9	2	
448	164	244	254	284	
22	2182	755	1022	4173	


44	1	32	0
316	104	432	461	136	79	28	125	221	220	
-99	10	1	2	6	
156	220	316	104	79	
9	341	454	573	2618	


44	1	33	0
234	441	433	437	382	304	312	148	145	80	
-99	7	1	2	9	8	
80	312	234	441	145	148	
18	591	645	596	1204	2627	


45	1	1	0
137	300	261	159	38	309	127	384	428	304	
9	10	1	5	-99	-99	
428	304	137	38	0	120	
474	836	890	927	3465	14517	


45	1	2	0
63	288	307	302	191	196	331	222	43	100	
10	8	9	5	4	3	-99	1	8	
100	222	43	191	302	307	421	63	222	
377	463	787	1500	986	427	5350	878	4704	


45	1	3	0
53	294	70	360	404	2	142	10	1	220	
10	9	5	2	1	3	
220	1	404	294	53	70	
363	555	1772	12687	2170	3373	


45	1	4	0
299	20	29	169	361	365	355	4	69	281	
10	9	8	3	2	
281	69	4	29	20	
618	454	600	2659	964	


45	1	5	0
144	359	168	189	52	257	170	374	421	193	
9	10	8	5	4	6	-99	-99	
421	193	374	52	189	257	0	449	
418	636	941	473	445	1014	6250	10650	


45	1	6	0
455	269	111	172	225	13	268	238	166	341	
10	9	8	5	-99	-99	
341	166	238	225	0	0	
113	441	1655	972	5982	4814	


45	1	7	0
308	126	42	213	102	464	87	471	76	284	
10	9	1	2	7	3	4	
284	76	308	126	87	42	213	
163	514	1650	1145	5659	7864	2159	


45	1	8	0
164	187	468	40	252	77	373	409	47	48	
1	10	9	7	8	9	-99	
164	48	47	373	409	47	0	
140	641	569	586	1664	4713	5732	


45	1	9	0
161	146	260	241	444	235	177	82	364	227	
10	9	7	1	6	-99	9	
227	364	177	161	235	0	364	
150	690	1187	604	1005	5204	6110	


45	1	10	0
462	64	12	152	202	15	162	188	296	174	
10	9	1	8	3	-408	
174	296	462	188	12	238	
231	573	1186	1096	1486	9750	


45	1	11	0
366	320	91	314	413	163	118	282	286	339	
10	8	5	-110	6	-99	
339	282	413	174	163	0	
409	863	1273	11495	6773	2827	


45	1	12	0
256	293	295	351	395	291	389	427	328	340	
9	10	2	5	-506	3	
328	340	293	395	464	295	
768	441	1059	2154	1305	1413	


45	1	13	0
321	347	55	237	192	216	335	81	402	78	
10	9	8	4	7	-99	-99	
78	402	81	237	335	0	0	
722	928	1313	1200	1723	3650	9232	


45	1	14	0
221	391	150	276	475	41	113	84	37	277	
10	9	8	7	-609	-99	
277	37	84	113	47	0	
309	604	1096	618	6450	4132	


45	1	15	0
209	30	415	6	265	194	171	26	459	403	
9	-101	-103	10	5	4	6	
459	221	150	403	265	6	194	
322	637	750	941	1677	918	2855	


45	1	16	0
438	267	145	326	61	245	223	448	253	7	
10	9	1	5	6	-99	-608	
7	253	438	61	245	0	188	
340	700	1546	1859	4618	2368	2355	


45	1	17	0
338	114	449	356	382	68	130	280	17	173	
10	8	9	1	7	-99	
173	280	17	338	130	0	
88	566	761	998	2201	8926	


45	1	18	0
229	190	28	343	176	183	405	431	250	160	
10	9	2	1	3	-908	9	
160	250	190	229	28	82	250	
381	546	1650	773	1481	3073	4859	


45	1	19	0
349	208	312	197	442	274	345	279	463	461	
10	6	7	3	-99	
461	274	345	312	0	
563	889	1018	1653	3510	


45	1	20	0
414	319	99	254	480	383	25	412	411	325	
5	6	10	-101	-102	8	
480	383	325	349	208	412	
209	395	668	1778	786	2073	


45	1	21	0
11	446	148	303	98	201	422	46	354	424	
10	4	8	2	6	-99	1	10	
424	303	46	446	201	0	11	424	
213	577	973	787	768	8586	2250	14332	


45	1	22	0
380	408	429	447	218	141	469	377	44	89	
10	8	9	7	-909	
89	377	44	469	402	
59	727	691	704	4746	


45	1	23	0
143	435	131	165	104	156	287	430	129	204	
10	9	-901	6	4	2	1	-99	3	
204	129	221	156	165	435	143	0	131	
81	596	936	914	1182	1659	2436	3768	3273	


45	1	24	0
36	258	467	86	473	206	425	313	211	228	
10	9	7	8	4	10	-99	
228	211	425	313	86	228	0	
245	514	968	791	518	3914	11418	


45	1	25	0
246	97	65	337	370	259	39	263	348	333	
10	9	8	4	7	2	6	5	-99	
333	348	263	337	39	97	259	370	0	
118	667	1129	8796	1080	707	2283	855	7855	


45	1	26	0
472	85	83	394	399	115	95	479	35	450	
10	9	2	8	7	-403	-2109	1	
450	35	85	479	95	429	421	472	
36	523	777	641	823	1072	4400	4732	


45	1	27	0
371	178	376	311	205	212	182	207	388	181	
10	9	8	1	-99	
181	388	207	371	0	
40	473	755	804	2155	


45	1	28	0
51	465	358	135	329	14	251	316	289	138	
10	1	8	2	3	5	-99	-901	
138	51	316	465	358	329	0	349	
163	582	1309	1791	2991	5514	1327	9427	


45	1	29	0
80	381	398	106	375	392	417	120	136	306	
10	9	5	2	4	-304	1	
306	136	375	381	106	394	80	
163	1659	1232	2427	855	7573	13241	


45	1	30	0
157	88	387	158	426	270	407	262	232	432	
10	9	8	-407	3	6	
432	232	262	95	387	270	
177	609	732	791	736	1818	


45	1	31	0
186	239	215	318	154	437	322	367	477	434	
10	9	8	6	-101	7	-201	
434	477	367	437	157	322	80	
63	637	977	1391	5932	4855	13363	


45	1	32	0
406	185	121	292	32	433	75	226	317	59	
10	9	5	4	7	2	1	
59	317	32	292	75	185	406	
302	1424	2269	698	1705	2340	731	


45	1	33	0
350	272	73	175	248	324	315	233	410	240	
-99	3	8	9	7	5	9	
240	73	233	410	315	248	410	
327	950	850	573	1372	10214	4254	


46	1	1	0
234	236	55	154	246	451	71	315	342	278	
1	6	2	8	7	9	
234	451	236	315	71	342	
3186	745	764	1359	1114	1086	


46	1	2	0
140	240	28	354	300	208	393	412	302	233	
3	2	10	8	-99	1	3	7	
28	240	233	412	0	140	28	393	
1545	1200	1591	759	3995	6928	3536	8968	


46	1	3	0
64	338	404	271	406	191	188	204	92	448	
1	-99	2	10	8	4	5	
64	365	338	448	204	271	406	
1227	1232	722	1573	2014	1609	1127	


46	1	4	0
79	73	466	322	180	54	377	199	368	317	
1	6	9	-99	8	
79	54	368	72	199	
609	1263	1496	1189	1460	


46	1	5	0
50	207	62	7	299	138	447	211	458	103	
6	9	2	10	6	1	-407	
138	458	207	103	138	50	71	
1477	863	1555	1032	2523	10109	2909	


46	1	6	0
105	101	364	197	102	248	13	355	132	262	
1	6	10	2	8	9	3	
105	248	262	101	355	132	364	
750	1609	1291	1345	2618	1287	19754	


46	1	7	0
359	172	164	415	72	408	74	274	69	309	
8	9	3	10	7	9	-99	
274	69	164	309	74	69	0	
1018	1241	1259	1313	2914	2022	17916	


46	1	8	0
250	215	268	440	423	184	127	349	413	114	
1	5	8	9	6	3	
250	423	349	413	184	268	
640	1405	1495	4296	2745	9414	


46	1	9	0
311	56	353	58	292	195	291	259	399	111	
10	9	1	2	10	-109	
111	399	311	56	111	413	
1209	586	1877	1259	6182	5868	


46	1	10	0
112	434	193	230	156	157	452	89	30	476	
5	6	3	5	10	9	2	
156	157	193	156	476	30	434	
1445	827	959	614	682	518	1241	


46	1	11	0
49	461	457	110	22	463	414	4	267	216	
9	4	1	10	9	
267	110	49	216	267	
1268	1018	1195	1132	1277	


46	1	12	0
183	170	455	83	382	341	169	281	403	304	
10	6	7	8	-99	-104	
304	341	169	281	0	110	
763	864	1413	1528	1377	1577	


46	1	13	0
379	409	348	185	158	93	335	166	16	160	
7	6	9	-306	
335	93	16	157	
840	1900	960	2468	


46	1	14	0
200	213	141	94	344	223	162	202	118	313	
4	5	9	10	3	
94	344	118	313	141	
859	1122	1209	1196	3591	


46	1	15	0
9	405	467	418	249	459	125	66	473	36	
9	10	6	8	3	
473	36	459	66	467	
759	922	1200	1119	2054	


46	1	16	0
471	95	351	469	67	454	24	181	334	397	
10	-99	9	6	8	
397	29	334	454	181	
622	1323	1586	1159	1373	


46	1	17	0
2	150	31	15	391	148	32	378	480	443	
10	1	2	7	-201	-99	6	
443	2	150	32	9	445	148	
1109	863	1187	1063	987	1013	14987	


46	1	18	0
113	385	239	145	48	435	264	396	238	320	
10	9	1	8	6	5	
320	238	113	396	435	48	
877	904	1291	1123	1405	1286	


46	1	19	0
186	144	129	253	407	57	245	126	217	143	
7	9	8	10	1	5	
245	217	126	143	186	407	
781	1023	1182	791	1141	1095	


46	1	20	0
241	376	192	363	88	90	235	137	98	46	
10	9	8	3	2	1	
46	98	137	192	376	241	
1068	1077	1359	1877	1232	4241	


46	1	21	0
45	370	283	149	19	468	131	189	251	44	
1	3	5	8	6	10	
45	283	19	189	468	44	
1018	1713	1069	2650	1359	854	


46	1	22	0
182	10	242	78	171	218	155	237	428	325	
8	7	10	9	3	2	
237	155	325	428	242	10	
936	1182	795	1287	1245	1600	


46	1	23	0
109	38	431	326	474	65	411	287	244	17	
7	8	9	10	1	4	5	7	
411	287	244	17	109	326	474	411	
527	1013	882	750	2005	977	923	16341	


46	1	24	0
453	12	282	14	273	475	122	375	206	21	
3	4	1	2	7	5	8	6	
282	14	453	12	122	273	375	475	
1136	1195	1287	1059	1741	1145	1396	2777	


46	1	25	0
256	289	265	254	40	26	194	429	321	323	
10	9	-99	7	3	1	-99	5	
323	321	0	194	265	256	0	40	
486	1404	1400	3500	3841	1150	1169	1250	


46	1	26	0
450	203	383	152	177	465	107	303	3	123	
10	8	9	2	5	1	-305	
123	303	3	203	177	450	474	
909	863	823	1145	1010	1304	3727	


46	1	27	0
324	436	232	402	142	445	386	119	312	146	
10	3	8	4	5	-99	
146	232	119	402	142	0	
1177	959	1082	845	1332	1000	


46	1	28	0
398	425	358	288	373	128	297	293	86	228	
10	9	8	2	1	4	
228	86	293	425	398	288	
904	932	1545	1887	1336	1527	


46	1	29	0
96	277	219	18	279	167	76	362	212	51	
9	10	1	8	2	10	
212	51	96	362	277	51	
650	713	1150	923	1373	7068	


46	1	30	0
460	260	410	290	419	116	229	82	124	462	
10	7	8	9	5	6	
462	229	82	124	419	116	
681	759	866	627	1247	1260	


46	1	31	0
369	77	227	395	380	330	372	173	29	1	
6	7	10	-99	8	-99	
330	372	1	0	173	0	
1000	1036	1423	1059	1277	8605	


46	1	32	0
332	424	294	356	11	394	327	136	427	61	
5	7	8	-1505	10	1	
11	327	136	391	61	332	
668	741	859	909	886	1123	


46	1	33	0
314	85	329	464	97	310	417	39	426	224	
1	7	8	6	-99	4	
314	417	39	310	224	464	
627	577	1309	1023	1164	1318	


