53	1	1	1
248	280	241	97	375	396	349	323	437	18	
10	9	5	-99	3	10	9	
18	437	375	257	241	18	437	
481	787	732	1431	3173	19914	2654	


53	1	2	1
107	414	244	138	246	206	59	39	195	76	
2	3	1	
414	244	107	
2527	768	3305	


53	1	3	1
271	216	217	243	463	298	269	460	141	14	
10	9	1	3	4	9	4	1	9	-203	
14	141	271	217	243	141	243	271	141	241	
609	559	482	518	1654	628	3090	755	1859	982	


53	1	4	1
101	119	399	51	178	167	8	41	48	457	
10	9	1	-99	-104	10	-101	10	1	-99	10	
457	48	101	0	243	457	271	457	101	0	457	
704	573	877	1477	614	623	7986	682	950	777	1714	


53	1	5	1
72	317	431	135	219	64	348	357	181	210	
10	-99	9	-99	-110	
210	0	181	0	457	
340	4841	2991	2009	1600	


53	1	6	1
57	272	326	163	426	21	200	347	71	91	
10	7	4	2	7	
91	200	163	272	200	
609	1777	1514	5663	18959	


53	1	7	1
386	53	378	478	328	376	287	390	140	94	
10	5	9	-102	10	9	-102	
94	328	140	272	94	140	272	
436	1050	1250	14186	7832	1782	2332	


53	1	8	1
300	250	229	345	381	26	449	314	304	150	
10	7	9	6	7	10	9	6	7	
150	449	304	26	449	150	304	26	449	
522	678	900	2777	17645	1759	537	586	496	


53	1	9	1
109	214	20	215	373	238	86	13	365	165	
10	9	1	6	2	3	1	-109	-99	
165	365	109	238	214	20	109	304	0	
331	491	918	591	769	1200	3840	5319	10181	


53	1	10	1
225	239	128	424	354	5	67	1	364	146	
10	-209	9	-101	-102	-106	
146	304	364	109	214	238	
477	509	641	2054	2082	13273	


53	1	11	1
240	137	186	159	374	2	12	263	142	151	
10	9	7	-201	
151	142	12	109	
972	591	1550	1673	


53	1	12	1
284	24	221	149	37	270	334	171	297	49	
10	9	8	1	9	10	-409	-99	8	
49	297	171	284	297	49	304	257	171	
490	814	964	1313	8037	1432	1540	2660	4354	


53	1	13	1
395	299	96	105	387	218	158	262	259	29	
10	2	-1209	3	
29	299	437	96	
3672	568	691	1646	


53	1	14	1
208	58	230	133	201	55	329	438	372	470	
6	10	7	1	7	1	6	7	10	
55	470	329	208	329	208	55	329	470	
895	1027	1423	4186	5964	2164	404	400	2055	


53	1	15	1
336	302	311	361	464	9	27	126	127	226	
9	10	-99	6	-99	-99	-99	6	-99	-99	
127	226	0	9	0	367	0	9	179	0	
613	591	691	1023	4168	4027	737	1372	1759	14550	


53	1	16	1
251	480	268	371	87	388	231	442	476	421	
10	9	5	2	-99	
421	476	87	480	0	
272	846	904	16878	2713	


53	1	17	1
309	458	261	82	465	286	102	224	291	412	
10	-99	-109	9	-99	10	10	3	
412	115	476	291	115	412	412	261	
200	854	655	600	1395	1346	7754	1336	


53	1	18	1
308	185	31	235	68	267	172	183	362	472	
10	8	9	2	8	10	9	2	-99	
472	183	362	185	183	472	362	185	471	
381	759	537	1432	18272	378	300	818	850	


53	1	19	1
359	11	89	346	65	154	416	339	306	417	
10	9	8	10	9	8	2	-109	-109	10	
417	306	339	417	306	339	11	362	362	417	
190	541	596	1263	719	541	5886	9050	1801	7681	


53	1	20	1
313	255	445	411	184	406	113	175	46	36	
8	-301	10	-110	10	6	2	
175	309	36	417	36	406	255	
918	759	754	3600	3796	6004	8137	


53	1	21	1
344	363	340	254	77	422	25	407	404	187	
-99	9	8	7	4	-102	9	8	7	-102	-106	
15	404	407	25	254	255	404	407	25	255	406	
359	981	437	591	2322	5400	13723	523	586	1009	1469	


53	1	22	1
436	429	60	471	125	23	222	162	78	360	
10	9	7	
360	78	222	
595	409	1114	


53	1	23	1
132	283	301	432	391	120	22	352	198	15	
10	8	7	1	3	-2001	
15	352	22	132	301	271	
440	873	937	1259	968	19677	


53	1	24	1
169	168	242	4	276	205	335	258	104	455	
7	8	9	10	2	-99	
335	258	104	455	168	0	
881	587	1163	982	8146	7277	


53	1	25	1
307	408	296	252	50	382	116	32	157	379	
10	9	8	3	2	1	1	2	1	2	3	
379	157	32	296	408	307	307	408	307	408	296	
259	881	1537	673	2013	15659	3137	386	1286	396	982	


53	1	26	1
207	203	17	99	249	439	232	69	220	282	
9	10	4	1	10	8	9	-108	9	8	10	
220	282	99	207	282	69	220	32	220	69	282	
245	377	550	2582	5918	4609	5555	1291	450	418	4609	


53	1	27	1
30	256	468	92	355	43	176	247	274	70	
-99	9	10	4	1	1	
0	274	70	92	30	30	
136	227	300	764	1154	12159	


53	1	28	1
199	144	265	316	152	369	475	420	100	110	
9	10	7	-1710	-208	-2501	
100	110	475	151	69	271	
222	505	2200	1686	2187	16386	


53	1	29	1
63	474	147	173	403	131	179	253	166	80	
10	9	7	-1805	-1501	
80	166	179	374	208	
363	682	986	4228	3800	


53	1	30	1
384	153	383	260	93	450	6	145	88	84	
10	9	-99	
84	88	0	
409	713	4441	


53	1	31	1
52	117	350	257	330	305	290	123	370	209	
10	9	8	6	1	7	-99	-99	1	
209	370	123	305	52	290	122	0	52	
390	614	1223	1741	4622	4000	2832	1005	8873	


53	1	32	1
188	136	295	122	191	237	81	321	115	85	
-209	8	9	5	6	8	-2301	-99	
88	321	115	191	237	321	109	83	
927	1577	686	2978	563	9796	7809	2073	


53	1	33	1
139	332	227	38	342	190	405	434	108	264	
-99	4	8	6	-1502	
264	38	434	190	185	
372	1182	1196	845	5236	


54	1	1	1
353	449	19	22	6	173	125	318	114	55	
4	8	10	9	5	6	6	2	
22	318	55	114	6	173	173	449	
2204	1105	1145	859	1041	7214	895	6350	


54	1	2	1
344	425	145	39	157	66	138	63	258	53	
10	-99	1	1	4	9	-99	9	
53	0	344	344	39	258	0	258	
1563	1168	1569	1795	1700	782	2759	16064	


54	1	3	1
98	132	85	210	86	142	233	38	243	406	
10	9	7	5	2	1	
406	243	233	86	132	98	
1004	736	623	655	1818	2509	


54	1	4	1
274	180	245	285	76	429	35	92	99	374	
10	-99	7	6	3	1	-99	2	8	3	6	
374	0	35	429	245	274	0	180	92	245	429	
404	650	741	468	546	1331	750	1041	10850	8559	4146	


54	1	5	1
146	83	348	88	239	116	44	419	238	204	
10	9	2	4	8	5	-102	9	
204	238	83	88	419	239	180	238	
518	559	763	1010	1004	1964	13832	4086	


54	1	6	1
392	257	277	447	416	362	20	290	276	49	
-105	2	1	2	-105	-207	-208	
239	257	392	257	239	35	92	
8786	691	4959	1523	1759	4141	2127	


54	1	7	1
384	295	342	80	57	143	148	191	465	95	
10	-99	7	8	6	
95	0	148	191	143	
645	764	609	513	1119	


54	1	8	1
364	202	208	197	94	158	329	228	110	363	
10	9	8	7	6	2	
363	110	228	329	158	202	
868	936	727	950	4423	12559	


54	1	9	1
297	104	90	383	135	388	444	435	327	302	
10	8	9	1	6	2	
302	435	327	297	388	104	
431	705	704	1014	16227	9869	


54	1	10	1
64	67	273	380	107	112	37	411	129	134	
10	9	7	1	2	9	
134	129	37	64	67	129	
463	550	850	750	3300	21373	


54	1	11	1
172	26	176	3	165	218	268	262	466	2	
7	9	4	-99	3	
268	466	3	217	176	
631	1164	2414	1431	11664	


54	1	12	1
409	437	310	288	170	40	184	223	193	278	
10	-99	8	-99	5	7	-99	8	
278	0	223	36	170	184	267	223	
1318	1968	745	800	1578	1818	3141	5618	


54	1	13	1
59	58	147	294	70	251	141	303	130	174	
8	9	10	4	5	9	
303	130	174	294	70	130	
690	691	673	1164	5100	12186	


54	1	14	1
334	382	475	153	216	103	267	352	192	62	
3	10	7	9	8	1	9	10	3	
475	62	267	192	352	334	192	62	475	
681	632	677	650	1146	3159	13123	950	5995	


54	1	15	1
219	430	229	456	185	111	221	369	376	24	
10	9	8	1	
24	376	369	219	
1686	1068	3968	1300	


54	1	16	1
213	408	160	155	241	163	279	345	1	198	
10	9	4	3	-99	-804	-99	4	3	
198	1	155	160	0	197	0	155	160	
440	691	619	800	4695	6214	4950	9818	704	


54	1	17	1
115	420	332	289	442	32	367	225	235	461	
10	8	9	7	5	-99	
461	225	235	367	442	0	
413	537	440	1432	1287	3704	


54	1	18	1
412	169	206	370	428	96	248	424	413	154	
10	9	7	6	-99	10	
154	413	248	96	0	154	
795	686	705	577	2409	4155	


54	1	19	1
270	343	337	415	183	358	468	339	283	10	
10	9	8	-99	-99	5	3	
10	283	339	0	0	183	337	
931	796	909	1186	809	1105	10786	


54	1	20	1
287	190	242	314	439	36	97	12	227	381	
6	9	10	-1001	-609	10	-1001	-99	
36	227	381	64	192	381	64	0	
1027	523	513	1382	895	5450	10319	6304	


54	1	21	1
450	28	354	42	43	21	453	249	286	322	
8	9	10	1	2	6	9	
249	286	322	450	28	21	286	
645	582	495	709	2069	1422	15491	


54	1	22	1
78	266	15	271	405	150	244	84	31	159	
10	10	4	6	7	4	10	9	6	
159	159	271	150	244	271	159	31	150	
595	673	672	637	5723	2295	3532	1223	5945	


54	1	23	1
237	299	9	300	29	417	298	333	389	240	
10	-99	9	-99	10	8	-99	
240	0	389	0	240	333	0	
563	1668	2037	4409	1777	1391	2505	


54	1	24	1
330	73	446	122	46	194	120	293	292	166	
8	9	7	10	1	10	7	
293	292	120	166	330	166	120	
581	641	609	559	2787	6495	12159	


54	1	25	1
253	338	256	304	328	162	410	454	340	422	
10	9	8	7	4	7	
422	340	454	410	304	410	
527	613	582	546	1936	15773	


54	1	26	1
301	351	164	212	346	377	207	356	308	440	
10	8	9	6	3	7	
440	356	308	377	164	207	
563	682	716	628	912	15404	


54	1	27	1
365	349	33	201	187	231	117	472	100	101	
9	10	-1303	7	-99	8	7	-99	
100	101	475	117	0	472	117	0	
1163	896	922	1323	5773	9063	1532	2609	


54	1	28	1
360	396	11	311	23	316	355	177	269	291	
10	9	-99	4	1	2	4	10	
291	269	118	311	360	396	311	291	
440	596	591	2032	3991	4259	3509	7022	


54	1	29	1
87	182	320	263	178	260	137	347	436	459	
10	9	8	1	4	7	10	8	4	
459	436	347	87	263	137	459	347	263	
131	769	1277	1263	964	2427	7064	595	732	


54	1	30	1
398	79	65	211	236	326	372	126	401	402	
9	10	7	8	9	10	7	8	
401	402	372	126	401	402	372	126	
731	869	940	855	15764	618	1077	973	


54	1	31	1
106	91	400	404	140	458	75	47	25	123	
8	9	10	3	4	-99	-99	3	-99	
47	25	123	400	404	0	379	400	0	
695	673	1827	1482	1195	4268	11046	1132	604	


54	1	32	1
455	121	433	399	335	133	259	151	81	68	
10	6	9	3	1	
68	133	81	433	455	
868	1441	1181	1146	4218	


54	1	33	1
313	188	407	361	181	161	390	368	254	471	
-99	9	1	8	5	9	8	
471	254	313	368	181	254	368	
359	568	759	664	11731	6528	731	


56	1	1	1
355	150	271	433	206	14	29	93	127	137	
7	6	10	3	9	8	1	
29	14	137	271	127	93	355	
3700	1077	2463	1673	9368	2705	4609	


56	1	2	1
472	57	20	438	40	21	238	84	377	460	
10	7	8	3	4	10	-106	
460	238	84	20	438	460	14	
2168	1100	1063	873	3736	7087	9645	


56	1	3	1
406	19	374	398	256	159	85	90	77	37	
10	8	9	1	3	-207	
37	90	77	406	374	29	
2927	868	1300	4168	2068	10609	


56	1	4	1
288	61	294	42	50	118	293	370	162	98	
10	9	8	8	6	7	1	3	6	
98	162	370	370	118	293	288	294	118	
1500	1059	791	872	941	1441	3046	3018	10250	


56	1	5	1
205	95	106	56	157	339	368	107	3	230	
10	9	8	2	-405	1	3	
230	3	107	95	206	205	106	
1268	895	982	973	6022	610	5477	


56	1	6	1
311	250	126	101	449	381	265	454	4	149	
10	9	7	4	3	1	10	
149	4	265	101	126	311	149	
1550	836	1004	1769	1136	1532	7804	


56	1	7	1
225	298	70	315	375	480	136	87	38	94	
8	9	10	-209	
87	38	94	3	
2095	1173	1400	19954	


56	1	8	1
62	74	174	357	55	419	76	223	237	326	
10	9	6	8	-605	
326	237	419	223	40	
3250	1218	1032	6950	6163	


56	1	9	1
83	434	447	301	170	296	13	10	261	321	
10	1	8	2	4	-309	
321	83	10	434	301	4	
1436	1200	1427	1977	5746	16023	


56	1	10	1
394	440	469	72	209	402	229	100	130	347	
10	9	4	6	3	7	-101	10	
347	130	72	402	469	229	83	347	
2231	1214	1218	1246	1313	1728	8063	6614	


56	1	11	1
313	44	171	380	289	349	148	276	376	180	
1	3	10	-207	
313	171	180	13	
1813	1673	2268	9405	


56	1	12	1
129	458	119	217	231	145	195	45	410	327	
10	9	4	1	2	5	
327	410	217	129	458	231	
1340	946	2109	1555	4045	11655	


56	1	13	1
356	332	466	216	69	244	254	309	243	155	
10	2	6	3	1	2	7	
155	332	244	466	356	332	254	
2672	1396	2991	3086	1695	1869	11381	


56	1	14	1
190	263	283	448	338	82	207	53	453	184	
10	9	2	3	4	6	2	
184	453	263	283	448	82	263	
3190	1073	1227	1423	1827	6205	7986	


56	1	15	1
382	135	336	297	191	164	429	210	281	178	
10	9	4	1	5	-104	6	
178	281	297	382	191	448	164	
1704	1136	1246	5754	2600	7791	5055	


56	1	16	1
278	204	335	66	102	414	185	253	242	354	
10	8	1	-205	
354	253	278	338	
1009	777	827	20073	


56	1	17	1
187	141	168	108	104	467	342	367	386	396	
8	9	10	5	2	8	10	-105	
367	386	396	104	141	367	396	102	
1372	1005	1068	986	946	5645	5191	9873	


56	1	18	1
387	418	302	248	201	285	286	284	46	96	
10	9	7	6	8	1	
96	46	286	285	284	387	
1313	1214	973	913	855	1286	


56	1	19	1
257	456	215	228	182	131	421	120	360	314	
6	9	10	5	4	3	9	
131	360	314	182	228	215	360	
1250	995	1282	1473	13990	4687	5841	


56	1	20	1
455	395	351	344	239	218	80	18	97	272	
8	9	10	1	4	3	
18	97	272	455	344	351	
1695	1209	1955	7654	2723	959	


56	1	21	1
125	405	400	211	213	303	268	60	409	24	
8	9	10	5	-99	6	7	1	3	5	
60	409	24	213	0	303	268	125	400	213	
1668	950	1482	1354	955	1045	673	2041	5246	14261	


56	1	22	1
2	176	212	167	224	399	389	427	323	123	
7	9	10	3	6	5	1	-99	
389	323	123	212	399	224	2	0	
2159	1772	1432	1768	4141	4618	2832	5468	


56	1	23	1
92	153	361	317	269	300	22	200	316	35	
7	8	9	10	8	7	1	
22	200	316	35	200	22	92	
963	459	528	468	14327	1209	6296	


56	1	24	1
378	461	86	59	177	322	227	220	89	318	
7	8	9	10	1	
227	220	89	318	378	
1259	531	1619	1109	882	


56	1	25	1
350	52	476	245	203	307	79	251	403	236	
10	9	8	-107	3	5	6	
236	403	251	227	476	203	307	
1790	1128	1818	8845	3369	3840	5391	


56	1	26	1
109	158	362	25	411	331	175	328	401	5	
6	9	10	1	2	-99	
331	401	5	109	158	26	
2354	1173	1250	1804	1191	7250	


56	1	27	1
391	444	39	75	173	181	233	306	450	259	
8	9	10	2	1	
306	450	259	444	391	
2477	1400	2323	1936	1232	


56	1	28	1
235	475	348	16	197	32	420	124	78	345	
1	4	-101	6	5	-101	
235	16	391	32	197	391	
1681	1637	2027	5059	1146	15990	


56	1	29	1
99	308	160	71	31	431	305	437	142	442	
10	9	8	1	2	8	-104	9	
442	142	437	99	308	437	16	142	
1131	1009	1160	2322	1564	6504	4696	9695	


56	1	30	1
417	152	379	17	277	8	103	65	441	43	
7	8	9	10	3	4	
103	65	441	43	379	17	
845	1200	1177	1532	773	1582	


56	1	31	1
208	115	388	470	430	352	139	12	337	68	
6	9	10	5	8	-2109	
352	337	68	430	12	130	
2631	1305	1341	9604	1473	10259	


56	1	32	1
432	366	113	274	478	428	287	105	51	234	
8	9	10	1	4	6	-2209	
105	51	234	432	274	428	130	
459	545	636	719	2168	6168	5650	


56	1	33	1
214	329	280	324	422	252	36	479	474	146	
7	8	9	-99	1	2	5	-99	
36	479	474	146	214	329	422	0	
1259	1050	1004	1091	1014	1204	4314	5473	


57	1	1	1
344	98	296	360	248	128	470	19	85	39	
1	2	10	7	8	
344	98	39	470	19	
2063	996	1113	996	4486	


57	1	2	1
456	404	425	16	66	427	116	170	284	292	
1	3	2	8	9	-101	
456	425	404	170	284	344	
1354	1359	1064	1150	8491	10854	


57	1	3	1
53	332	357	141	222	304	352	322	189	70	
1	10	9	6	8	
53	70	189	304	322	
2586	1795	1291	1550	1114	


57	1	4	1
91	348	43	110	99	193	462	243	327	122	
10	6	5	9	3	
122	193	99	327	43	
1640	1428	1100	1954	19709	


57	1	5	1
337	417	343	74	161	214	190	72	242	137	
9	10	8	3	2	
242	137	72	343	417	
1113	1773	1150	1336	5728	


57	1	6	1
428	103	294	403	180	391	396	331	390	134	
9	-99	10	1	5	
390	326	134	428	180	
1409	913	1423	1118	2746	


57	1	7	1
356	325	353	268	288	433	184	311	42	179	
10	9	-99	-99	-99	-101	
179	42	88	0	0	428	
895	1018	2227	18364	1550	5105	


57	1	8	1
297	388	153	96	198	117	264	149	310	306	
9	10	8	1	6	
310	306	149	297	117	
1122	1023	1005	1536	1191	


57	1	9	1
27	295	12	131	431	273	373	6	223	125	
8	10	-101	-99	
6	125	297	319	
1122	1328	1190	5564	


57	1	10	1
338	14	323	333	398	366	130	118	307	206	
10	9	1	2	8	-99	
206	307	338	14	118	0	
881	1046	854	964	1155	13159	


57	1	11	1
320	315	241	430	387	454	439	465	126	144	
2	5	9	7	-109	
315	387	126	439	307	
1722	637	1018	973	14836	


57	1	12	1
266	471	209	191	447	280	25	246	205	221	
10	9	4	-99	-102	
221	205	191	326	315	
504	973	877	2073	2668	


57	1	13	1
371	285	109	239	253	63	48	424	146	226	
9	10	-99	7	3	
146	226	480	48	109	
731	869	659	1141	1354	


57	1	14	1
192	165	283	199	275	229	217	233	475	136	
6	7	8	10	1	-99	
229	217	233	136	192	0	
550	909	922	1319	1254	16036	


57	1	15	1
324	478	354	46	269	61	236	1	372	313	
10	9	8	1	4	5	
313	372	1	324	46	269	
977	591	809	845	1209	1605	


57	1	16	1
194	409	300	408	453	176	24	415	421	2	
-99	9	10	8	7	1	
150	421	2	415	24	194	
659	1427	959	918	1473	2500	


57	1	17	1
22	244	166	395	188	440	286	92	363	224	
1	10	4	2	-110	
22	224	395	244	2	
859	718	1559	2109	1132	


57	1	18	1
182	163	384	438	225	436	32	351	121	376	
-99	-99	10	9	4	
0	0	376	121	438	
863	905	822	823	1468	


57	1	19	1
231	69	293	267	407	4	472	181	68	58	
7	1	-1210	-99	-99	-99	-99	
472	231	179	379	54	183	0	
1572	668	696	945	2382	13996	995	


57	1	20	1
399	386	446	169	274	76	52	473	259	95	
5	9	10	1	7	
274	259	95	399	52	
754	1059	1114	1177	4609	


57	1	21	1
435	290	358	9	232	298	10	257	105	350	
10	1	4	
350	435	9	
2827	2559	1882	


57	1	22	1
234	81	449	152	466	247	208	457	289	138	
9	10	7	2	10	1	
289	138	208	81	138	234	
709	1200	954	1373	8809	4077	


57	1	23	1
434	71	359	393	411	207	197	336	40	277	
7	9	10	1	
197	40	277	434	
592	1373	1100	1435	


57	1	24	1
28	87	97	41	330	111	263	260	154	202	
9	1	8	-99	
154	28	260	0	
663	1146	1068	4918	


57	1	25	1
167	124	301	18	316	101	228	29	340	156	
8	9	10	7	4	
29	340	156	228	18	
563	837	1031	909	7678	


57	1	26	1
443	265	389	385	102	78	364	115	140	108	
1	10	9	2	
443	108	140	265	
631	932	1055	991	


57	1	27	1
282	114	252	139	158	245	342	279	458	31	
8	9	-204	-99	
279	458	18	0	
781	896	1000	927	


57	1	28	1
172	258	113	326	479	220	26	468	168	335	
10	9	7	4	-304	
335	168	26	326	18	
513	709	1073	905	13177	


57	1	29	1
339	401	477	346	94	37	129	319	406	281	
10	8	7	9	1	
281	319	129	406	339	
395	800	600	959	1046	


57	1	30	1
51	254	412	452	444	133	312	349	33	196	
7	8	9	10	-99	3	
312	349	33	196	0	412	
386	800	945	1187	3541	6631	


57	1	31	1
416	328	441	86	405	36	291	365	213	90	
7	8	9	10	3	
291	365	213	90	441	
850	645	914	981	3978	


57	1	32	1
216	7	271	413	15	410	464	448	461	240	
8	-99	10	-108	-99	
448	0	240	365	414	
350	731	869	6190	1300	


57	1	33	1
235	100	450	55	432	183	89	383	50	67	
5	6	-99	9	1	
432	183	0	50	235	
563	605	804	2073	6036	


58	1	1	1
258	247	422	126	221	228	27	135	292	275	
3	5	1	
422	221	258	
6081	1096	1418	


58	1	2	1
330	56	368	202	236	29	10	92	103	331	
10	9	6	
331	103	29	
104	477	978	


58	1	3	1
391	18	169	334	338	255	378	209	77	425	
9	10	-99	
77	425	0	
231	546	804	


58	1	4	1
101	470	99	464	372	390	201	35	461	398	
10	9	-99	
398	461	0	
190	760	459	


58	1	5	1
411	183	361	16	31	204	91	232	121	93	
8	9	10	
232	121	93	
1368	622	682	


58	1	6	1
310	90	205	458	271	40	86	277	302	445	
10	9	7	5	2	-99	
445	302	86	271	90	0	
186	536	546	550	26777	582	


58	1	7	1
407	295	431	130	87	211	185	208	316	115	
6	7	8	9	
211	185	208	316	
327	504	423	641	


58	1	8	1
76	257	253	308	467	375	172	138	416	225	
1	10	9	4	6	
76	225	416	308	375	
277	463	260	922	3900	


58	1	9	1
452	421	364	85	269	294	473	127	146	155	
9	8	
146	127	
277	1423	


58	1	10	1
301	300	151	337	5	176	377	180	154	159	
1	9	3	
301	154	151	
72	578	2381	


58	1	11	1
102	194	193	455	281	335	306	309	37	118	
10	9	2	-501	
118	37	194	310	
150	454	900	8727	


58	1	12	1
419	23	394	161	286	192	173	25	95	254	
10	1	2	
254	419	23	
27	386	491	


58	1	13	1
333	363	212	72	219	52	322	165	359	365	
1	10	
333	365	
318	636	


58	1	14	1
405	239	61	380	362	137	200	55	437	324	
-99	
490	
45000	


58	1	15	1
420	106	104	217	156	4	181	320	42	276	
10	4	-99	-99	6	
276	217	179	317	4	
36	400	554	564	21468	


58	1	16	1
131	134	158	388	2	321	263	366	438	450	
9	10	8	-99	
438	450	366	125	
136	386	423	1114	


58	1	17	1
348	345	143	410	59	66	218	94	144	428	
4	10	8	7	
410	428	94	218	
9	527	2150	5677	


58	1	18	1
191	291	387	82	418	98	24	171	235	184	
10	9	1	2	
184	235	191	291	
109	410	1371	621	


58	1	19	1
477	1	75	379	373	296	351	374	229	299	
8	-99	8	10	4	1	
374	0	374	299	379	477	
231	369	940	869	604	22418	


58	1	20	1
83	279	57	434	129	354	406	344	88	429	
-99	
490	
45000	


58	1	21	1
33	227	109	153	240	7	370	448	305	213	
1	7	10	
33	370	213	
177	1473	1500	


58	1	22	1
67	339	12	30	293	230	222	433	182	289	
6	9	
230	182	
386	564	


58	1	23	1
244	459	36	248	64	216	9	203	480	298	
-99	1	
0	244	
54	459	


58	1	24	1
120	140	355	142	423	220	287	384	462	274	
-99	
490	
45000	


58	1	25	1
139	44	268	133	231	260	415	346	47	190	
10	9	5	
190	47	231	
4	586	455	


58	1	26	1
385	149	314	107	206	178	96	123	381	243	
-99	10	4	5	
6	243	107	206	
380	83	582	1409	


58	1	27	1
395	282	360	198	71	14	233	264	283	465	
10	1	8	7	1	
465	395	264	233	395	
68	668	2591	6518	13495	


58	1	28	1
199	393	265	347	369	341	386	457	117	449	
10	9	1	3	
449	117	199	265	
18	472	1032	5387	


58	1	29	1
285	68	319	266	50	147	249	389	97	350	
10	8	1	9	
350	389	285	97	
140	441	1064	1486	


58	1	30	1
399	108	382	162	19	472	124	267	226	479	
-99	9	5	
0	226	19	
90	391	491	


58	1	31	1
440	89	259	313	336	392	435	152	328	28	
7	8	9	10	1	
435	152	328	28	440	
1204	618	618	532	905	


58	1	32	1
315	166	342	284	329	111	474	214	81	430	
8	9	10	2	
214	81	430	166	
63	418	482	587	


58	1	33	1
376	358	304	20	401	323	187	26	278	6	
-99	9	8	-2704	-102	
0	278	26	458	166	
9	395	500	3755	3600	


59	1	1	1
68	269	442	63	80	375	331	202	282	254	
1	-99	10	6	
68	287	254	375	
1540	1355	955	4136	


59	1	2	1
350	291	243	346	143	422	274	106	41	71	
8	10	1	3	-99	1	
106	71	350	243	275	350	
1313	582	755	3354	2496	5336	


59	1	3	1
366	217	197	218	256	266	101	359	70	203	
10	1	2	-104	-103	
203	366	217	346	243	
1722	655	750	545	4696	


59	1	4	1
292	410	480	355	84	100	176	463	302	19	
10	9	2	8	3	
19	302	410	463	480	
831	689	405	710	6185	


59	1	5	1
155	194	93	351	43	451	402	131	421	394	
1	8	10	-109	
155	131	394	302	
1077	582	518	7982	


59	1	6	1
213	380	209	267	235	97	129	260	151	24	
1	10	9	7	
213	24	151	129	
2127	618	686	2105	


59	1	7	1
99	343	250	156	160	382	51	261	64	362	
-201	1	2	10	
155	99	343	362	
1427	513	900	5496	


59	1	8	1
283	161	342	361	45	142	3	228	272	279	
1	2	10	-99	3	
283	161	279	0	342	
1295	877	3614	2641	4773	


59	1	9	1
173	226	115	132	87	172	320	448	219	237	
1	2	3	-99	10	
173	226	115	0	237	
1800	504	550	2050	2909	


59	1	10	1
257	44	66	7	229	17	104	458	166	339	
1	2	6	3	4	-99	7	
257	44	17	66	7	224	104	
1595	759	2073	2295	1796	686	3850	


59	1	11	1
102	396	293	336	136	216	198	175	417	341	
8	-99	-203	-99	8	
175	0	115	225	175	
2327	691	441	2522	2000	


59	1	12	1
124	420	185	426	39	222	147	1	325	28	
2	-99	-99	9	10	1	
420	0	0	325	28	124	
1940	837	718	459	805	927	


59	1	13	1
276	406	137	419	466	374	264	287	34	379	
1	2	4	10	-99	8	
276	406	419	379	0	287	
1327	418	795	2714	8064	4127	


59	1	14	1
441	179	164	18	245	265	20	432	130	471	
7	8	-102	9	10	
20	432	406	130	471	
2700	872	555	1132	3059	


59	1	15	1
14	271	72	158	214	273	353	182	184	48	
-99	10	6	1	
5	48	273	14	
3000	727	1195	1032	


59	1	16	1
281	332	157	399	322	189	32	304	467	98	
9	-99	1	-101	2	
467	0	281	14	332	
4186	841	2650	1268	1614	


59	1	17	1
77	258	81	69	309	114	127	290	335	477	
1	4	7	9	10	
77	69	127	335	477	
1550	2995	2941	1491	2513	


59	1	18	1
413	152	91	183	326	12	79	224	31	46	
8	9	10	1	
224	31	46	413	
900	409	441	1559	


59	1	19	1
349	9	225	294	288	23	56	433	33	389	
7	-99	9	10	1	4	
56	0	33	389	349	294	
1031	1905	618	409	1109	18623	


59	1	20	1
412	30	208	405	35	437	139	22	270	425	
8	9	10	-101	5	1	
22	270	425	349	35	412	
731	387	322	2464	641	2768	


59	1	21	1
435	220	460	387	73	121	65	26	296	58	
8	9	10	1	2	9	
26	296	58	435	220	296	
190	278	477	1018	3837	10831	


59	1	22	1
452	352	187	196	454	338	231	52	456	133	
8	9	10	1	6	-99	
52	456	133	452	338	0	
827	654	437	922	1050	7487	


59	1	23	1
171	259	474	303	138	479	365	61	40	42	
-99	9	10	4	7	1	
60	40	42	303	365	171	
1395	1014	572	1669	2163	796	


59	1	24	1
450	47	404	94	447	13	411	242	395	473	
8	9	10	1	-104	
242	395	473	450	303	
231	428	459	745	3094	


59	1	25	1
465	174	5	204	255	239	439	319	462	212	
6	9	7	8	-99	
239	462	439	319	154	
1190	673	814	668	7582	


59	1	26	1
8	190	263	340	199	445	240	230	314	207	
9	10	-2302	6	-102	
314	207	217	445	174	
1677	854	782	687	2454	


59	1	27	1
476	21	459	400	337	286	36	177	57	453	
7	8	9	10	-99	7	
36	177	57	453	0	36	
886	391	413	432	2437	3772	


59	1	28	1
83	192	253	251	301	67	313	59	29	376	
7	8	10	9	5	7	
313	59	376	29	301	313	
854	659	1905	568	1278	3110	


59	1	29	1
227	357	345	165	367	241	55	305	478	140	
-406	9	10	1	-99	
239	478	140	227	0	
486	759	455	845	1678	


59	1	30	1
15	407	307	364	108	397	116	210	262	321	
8	9	10	1	2	7	
210	262	321	15	407	116	
363	573	777	946	545	5455	


59	1	31	1
154	268	277	145	329	159	125	472	418	238	
8	9	10	1	-101	2	7	
472	418	238	154	15	268	125	
231	423	527	873	3386	814	896	


59	1	32	1
285	300	244	105	377	444	278	126	468	378	
8	9	10	-102	6	
126	468	378	268	444	
800	440	341	5564	1814	


59	1	33	1
75	373	306	344	193	50	60	188	10	146	
-2505	9	-99	7	2	
45	10	146	60	373	
1972	437	377	2323	1000	


60	1	1	1
272	18	137	132	266	89	138	35	192	68	
10	1	-99	
68	272	0	
2509	1663	796	


60	1	2	1
168	118	314	161	212	283	95	4	286	259	
10	8	2	4	6	7	
259	4	118	161	283	95	
522	1264	1145	1364	1914	7441	


60	1	3	1
217	157	361	121	260	424	276	184	333	97	
10	8	1	7	
97	184	217	276	
431	1619	1545	8264	


60	1	4	1
322	224	468	449	159	162	248	174	151	444	
1	-99	9	8	
322	257	151	174	
2827	454	641	2564	


60	1	5	1
297	75	175	352	106	54	462	60	427	365	
6	7	-99	1	
54	462	105	297	
1409	804	2159	8241	


60	1	6	1
429	228	222	82	133	443	257	144	246	200	
10	9	7	5	-108	2	
200	246	257	133	60	228	
818	1227	3336	2487	12386	3927	


60	1	7	1
105	8	40	235	187	10	459	256	160	194	
10	9	1	8	
194	160	105	256	
1086	1232	1100	1257	


60	1	8	1
47	225	178	48	57	347	295	391	291	411	
10	9	8	1	
411	291	391	47	
1963	1087	572	1996	


60	1	9	1
108	252	131	14	99	270	282	223	435	19	
9	6	8	10	-101	8	-105	
435	270	223	19	47	223	57	
909	1013	1364	1364	2990	3355	7086	


60	1	10	1
423	359	448	31	38	183	147	343	181	188	
10	8	9	9	4	-99	
188	343	181	181	31	264	
686	591	536	1200	1023	5218	


60	1	11	1
42	27	243	300	167	422	239	267	6	153	
9	8	1	-106	
6	267	42	183	
2954	573	1691	11559	


60	1	12	1
96	94	479	432	418	122	293	373	46	9	
-99	10	1	8	
11	9	96	373	
1786	641	6323	2490	


60	1	13	1
45	265	350	128	415	317	315	434	397	320	
10	2	8	7	1	
320	265	434	315	45	
1145	2855	3695	14814	4963	


60	1	14	1
28	278	81	466	98	381	319	65	417	437	
9	10	-106	2	
417	437	317	278	
1177	1077	2877	2419	


60	1	15	1
340	289	470	442	22	148	171	191	215	59	
9	10	1	3	8	
215	59	340	470	191	
2786	568	932	423	2259	


60	1	16	1
396	232	37	7	407	269	145	452	29	136	
10	9	8	1	4	
136	29	452	396	7	
286	432	845	1859	1546	


60	1	17	1
420	358	211	196	15	100	107	287	377	182	
1	2	10	-210	
420	358	182	59	
190	555	1473	19559	


60	1	18	1
79	67	337	152	323	190	123	170	335	237	
10	7	1	8	
237	123	79	170	
627	909	1886	23655	


60	1	19	1
330	380	141	3	355	77	216	290	471	186	
1	9	3	8	
330	471	141	290	
1531	2469	2881	6896	


60	1	20	1
78	245	457	189	383	21	440	321	378	336	
10	9	1	2	9	
336	378	78	245	378	
554	455	677	6836	14741	


60	1	21	1
451	116	86	203	251	49	404	250	456	88	
10	7	1	6	10	
88	404	451	49	88	
577	763	1450	610	11322	


60	1	22	1
169	150	218	394	233	349	230	71	385	249	
10	-501	5	7	
249	420	233	230	
704	2882	968	3377	


60	1	23	1
464	92	303	206	20	312	273	433	70	247	
10	8	9	3	
247	433	70	303	
377	1391	459	977	


60	1	24	1
279	238	268	277	348	338	244	111	460	324	
10	2	-101	-99	
324	238	464	0	
1931	2382	9950	11514	


60	1	25	1
406	476	298	72	402	313	375	294	1	63	
10	5	9	8	
63	402	1	294	
177	1595	3968	17569	


60	1	26	1
465	124	328	102	325	370	438	474	202	193	
10	9	7	2	8	
193	202	438	124	474	
1113	2546	1709	427	6850	


60	1	27	1
117	204	376	379	455	419	165	354	210	301	
10	9	6	8	4	
301	210	419	354	379	
668	800	604	1059	2819	


60	1	28	1
309	41	177	103	50	115	329	164	58	198	
10	9	8	5	7	4	
198	58	164	50	329	103	
604	609	996	681	1346	21400	


60	1	29	1
425	11	207	398	197	101	318	114	73	62	
10	8	9	-1507	1	
62	114	73	319	425	
272	818	573	996	11486	


60	1	30	1
209	306	366	275	327	173	13	221	17	469	
10	9	2	7	
469	17	306	13	
286	564	1268	1009	


60	1	31	1
24	84	53	368	403	296	83	384	326	408	
10	7	8	-105	7	
408	83	384	327	83	
36	959	1959	2509	5559	


60	1	32	1
400	409	261	125	292	129	332	134	120	66	
5	6	7	10	5	6	10	
292	129	332	66	292	129	66	
463	914	1082	436	4659	636	4010	


60	1	33	1
334	310	32	87	302	344	447	410	342	285	
9	-99	8	9	4	-101	
342	285	410	342	87	400	
240	414	400	7777	11400	6819	


62	1	1	1
326	134	50	204	88	111	195	459	112	90	
9	7	8	1	4	
112	195	459	326	204	
4331	1059	964	7618	2696	


62	1	2	1
308	220	12	57	342	446	232	343	432	303	
10	9	1	-104	8	
303	432	308	204	343	
900	904	1150	15868	8468	


62	1	3	1
32	354	214	133	297	75	113	439	35	305	
10	9	1	7	1	3	4	
305	35	32	113	32	214	133	
854	555	818	709	1518	1332	6291	


62	1	4	1
125	423	170	123	101	115	273	77	218	235	
10	9	7	1	5	
235	218	273	125	101	
690	1450	1823	1673	1618	


62	1	5	1
447	209	43	59	288	287	22	341	128	199	
10	-110	8	7	9	
199	235	341	22	128	
454	1232	1500	10064	6840	


62	1	6	1
286	358	119	378	331	345	109	118	427	172	
10	9	8	6	3	7	4	1	
172	427	118	345	119	109	378	286	
381	637	1209	709	6745	8546	5927	4800	


62	1	7	1
85	87	196	64	369	58	91	362	321	416	
10	8	7	-109	
416	362	91	427	
309	1472	1187	6200	


62	1	8	1
84	137	73	410	264	78	237	76	146	83	
10	7	9	1	2	8	4	
83	237	146	84	137	76	410	
240	1873	2309	2228	6340	1673	2323	


62	1	9	1
414	144	291	337	422	418	116	394	476	173	
10	9	8	-101	9	1	
173	476	394	84	476	414	
527	1023	745	1395	9264	4696	


62	1	10	1
18	239	107	1	30	389	393	228	270	339	
10	9	1	2	
339	270	18	239	
345	818	1068	12869	


62	1	11	1
151	449	435	5	311	124	357	353	458	148	
10	9	6	-99	
148	458	124	375	
200	877	613	960	


62	1	12	1
180	132	130	323	312	10	100	156	110	334	
10	9	1	
334	110	180	
159	1309	1095	


62	1	13	1
480	176	142	278	227	40	183	17	274	262	
10	9	3	
262	274	142	
131	887	1113	


62	1	14	1
388	175	319	314	470	20	257	309	158	187	
10	9	5	3	9	2	
187	158	470	319	158	175	
200	1881	1437	1472	12369	6522	


62	1	15	1
96	131	171	25	117	19	242	166	363	216	
10	9	8	2	
216	363	166	131	
381	1191	1541	24050	


62	1	16	1
402	122	165	127	217	269	265	211	317	213	
10	9	1	2	
213	317	402	122	
431	746	1363	2164	


62	1	17	1
282	263	443	280	479	356	399	386	333	438	
10	1	9	7	5	3	
438	282	333	399	479	443	
368	1586	1268	1005	11450	6541	


62	1	18	1
54	139	234	157	377	3	236	249	190	299	
10	9	-101	2	9	
299	190	282	139	190	
127	800	1954	1359	13614	


62	1	19	1
71	361	135	328	260	471	70	42	349	248	
-507	8	9	-201	7	
257	42	349	282	70	
527	927	596	12595	4755	


62	1	20	1
241	424	141	335	403	181	477	39	140	450	
1	4	7	9	8	10	
241	335	477	140	39	450	
26695	-12505	-11309	-1204	-655	-1017	


62	1	21	1
316	154	330	267	138	385	409	120	108	250	
10	9	3	
250	108	330	
245	1573	686	


62	1	22	1
13	381	229	296	379	244	272	376	329	98	
10	9	7	8	6	-103	
98	329	272	376	244	330	
204	1014	1150	1182	6190	12605	


62	1	23	1
153	364	238	92	442	74	425	89	188	259	
10	9	4	6	-105	
259	188	92	74	379	
109	1741	1581	8659	14410	


62	1	24	1
310	179	315	184	456	231	104	95	233	271	
10	9	8	1	3	2	
271	233	95	310	315	179	
340	1191	1114	1314	786	8105	


62	1	25	1
200	375	169	275	185	268	68	408	451	472	
10	9	8	2	
472	451	408	375	
495	1168	2737	19331	


62	1	26	1
226	126	466	301	210	11	193	400	145	52	
10	8	7	9	-404	10	
52	400	193	145	296	52	
18	1127	482	7486	7641	12123	


62	1	27	1
436	203	336	304	201	251	475	61	38	47	
10	8	-908	-201	9	
47	61	249	200	38	
290	3205	4986	7009	1219	


62	1	28	1
373	473	284	230	434	346	405	192	79	167	
10	9	6	8	3	2	
167	79	346	192	284	473	
745	823	768	1759	2905	14513	


62	1	29	1
207	41	86	206	368	313	24	198	367	392	
10	9	7	8	
392	367	24	198	
100	827	859	6577	


62	1	30	1
81	366	384	468	306	82	27	300	194	67	
10	9	8	2	3	
67	194	300	366	384	
9	841	863	777	800	


62	1	31	1
412	177	252	255	302	395	292	48	162	327	
10	5	-99	
327	302	0	
277	1468	27177	


62	1	32	1
279	222	56	97	387	463	174	105	464	372	
10	8	9	3	1	2	
372	105	464	56	279	222	
104	1196	750	1718	3095	4232	


62	1	33	1
351	417	29	224	9	426	44	205	419	382	
-99	9	8	-110	6	
382	419	205	372	426	
318	877	900	8623	17627	


63	1	1	1
166	33	319	238	378	478	43	90	126	324	
10	9	1	4	10	9	1	4	-99	
324	126	166	238	324	126	166	238	0	
2086	1273	1377	1400	13173	768	836	905	5432	


63	1	2	1
87	389	139	151	37	224	35	105	57	89	
3	7	8	9	10	1	2	3	
139	35	105	57	89	87	389	139	
2209	1068	891	1004	955	913	2146	16209	


63	1	3	1
112	416	207	301	299	121	192	278	34	295	
10	5	6	8	9	4	
295	299	121	278	34	301	
9	681	519	709	841	686	


63	1	4	1
352	3	46	291	150	356	417	420	104	304	
4	7	9	10	1	2	6	
291	417	104	304	352	3	356	
518	450	718	636	709	1691	3764	


63	1	5	1
387	204	66	45	24	240	374	9	8	140	
10	3	2	1	9	-99	
140	66	204	387	8	51	
536	818	918	1046	3109	11295	


63	1	6	1
49	419	436	390	39	472	164	272	76	13	
9	10	7	8	1	2	10	
76	13	164	272	49	419	13	
322	700	578	686	759	600	3918	


63	1	7	1
108	347	393	424	158	335	343	91	135	215	
7	10	-99	1	
343	215	113	108	
3713	1268	3091	3164	


63	1	8	1
199	195	430	372	165	206	77	312	298	115	
1	-99	9	10	3	-99	
199	205	298	115	430	167	
681	1046	932	959	982	12881	


63	1	9	1
148	425	101	82	382	271	102	248	93	122	
10	9	4	-99	7	
122	93	82	0	102	
500	868	850	1663	5573	


63	1	10	1
114	15	142	61	118	255	125	2	221	223	
-99	9	-210	5	6	
73	221	115	118	255	
600	1209	3395	3627	3450	


63	1	11	1
145	183	350	197	68	235	371	83	225	124	
3	10	-109	1	
350	124	221	145	
1236	2527	1814	2000	


63	1	12	1
432	337	314	285	351	333	16	338	19	326	
1	-506	2	9	
432	335	337	19	
1936	1700	1686	1691	


63	1	13	1
346	156	218	170	25	257	365	277	86	12	
4	-99	7	8	9	10	7	
170	0	365	277	86	12	365	
200	586	354	523	623	636	15346	


63	1	14	1
187	353	429	29	81	70	120	470	379	422	
2	10	9	-1006	
353	422	379	356	
429	843	667	14608	


63	1	15	1
466	320	99	28	366	440	36	58	190	406	
6	9	10	-102	-1106	-502	-205	
440	190	406	353	356	15	25	
2336	1009	718	2526	2852	9982	3033	


63	1	16	1
6	198	171	473	216	97	51	284	157	113	
6	7	8	9	10	
97	51	284	157	113	
250	827	518	655	786	


63	1	17	1
237	163	222	159	367	447	262	451	279	273	
8	9	10	1	3	-110	2	
451	279	273	237	222	113	163	
340	710	677	2332	2236	5750	11332	


63	1	18	1
267	75	453	1	55	410	471	116	317	290	
10	9	8	7	6	10	-302	8	
290	317	116	471	410	290	320	116	
250	922	809	859	3682	5155	3236	3177	


63	1	19	1
67	265	268	210	428	446	72	276	340	297	
7	8	-99	6	1	10	
72	276	0	446	67	297	
527	536	709	664	786	1705	


63	1	20	1
469	449	259	359	377	202	69	185	475	78	
7	8	9	10	1	2	10	
69	185	475	78	469	449	78	
1813	527	614	532	754	5237	14286	


63	1	21	1
415	334	404	293	32	358	357	362	263	117	
4	5	6	8	5	
293	32	358	362	32	
513	577	582	2009	9991	


63	1	22	1
153	26	172	62	154	205	306	127	56	249	
7	8	9	-99	1	-99	
306	127	56	251	153	0	
18	432	486	514	563	18432	


63	1	23	1
360	445	23	208	266	254	456	233	177	269	
7	-99	9	-99	
456	0	177	0	
1436	727	768	755	


63	1	24	1
226	79	47	252	462	395	316	376	329	245	
1	2	3	9	10	
226	79	47	329	245	
100	372	600	1673	541	


63	1	25	1
385	160	38	209	463	100	161	147	439	450	
10	9	1	-99	-303	3	10	10	
450	439	385	0	172	38	450	450	
418	800	522	773	1746	1022	12728	3745	


63	1	26	1
354	321	44	403	132	54	155	149	136	405	
4	6	7	9	10	-99	
403	54	155	136	405	0	
772	850	773	1391	532	4977	


63	1	27	1
134	443	203	106	348	246	144	189	311	327	
1	2	-109	8	10	-108	-808	
134	443	136	189	327	149	276	
8	470	674	480	648	24672	549	


63	1	28	1
162	167	220	444	282	41	219	373	131	433	
5	6	7	8	-99	-99	10	6	5	
282	41	219	373	434	434	433	41	282	
190	641	600	409	700	2969	1441	4577	1200	


63	1	29	1
313	14	173	375	130	431	168	196	98	480	
9	-1807	8	1	2	5	
98	371	196	313	14	130	
154	696	804	1964	1327	4345	


63	1	30	1
300	310	260	330	442	423	368	80	251	288	
-99	
490	
45000	


63	1	31	1
92	211	381	401	242	4	452	305	426	392	
8	9	10	2	7	10	
305	426	392	211	452	392	
383	437	544	4373	9210	8139	


63	1	32	1
50	409	464	435	438	303	396	17	477	441	
9	10	7	1	-99	1	-99	-99	2	
477	441	396	50	0	50	0	0	409	
50	559	481	732	937	3645	468	6505	3986	


63	1	33	1
386	200	467	398	184	193	457	247	71	323	
2	-99	1	-99	-99	1	2	-99	-99	3	2	
200	323	386	0	0	386	200	0	0	467	200	
390	932	800	2605	6609	4304	928	622	3150	2600	1814	


64	1	1	1
394	429	367	38	345	232	282	372	149	201	
9	10	1	5	3	8	10	
149	201	394	345	367	372	201	
895	641	691	932	531	1050	9605	


64	1	2	1
217	312	412	185	118	313	468	236	39	126	
10	9	8	1	2	7	3	
126	39	236	217	312	468	412	
495	623	468	727	500	614	504	


64	1	3	1
242	15	477	66	154	17	119	121	56	64	
-99	8	9	10	1	3	-108	4	
437	121	56	64	242	477	236	66	
159	554	632	573	536	627	1128	18709	


64	1	4	1
18	321	438	219	314	46	134	43	359	339	
-99	8	9	10	1	4	3	
42	43	359	339	18	219	438	
168	391	713	487	472	1496	20759	


64	1	5	1
377	107	57	336	273	3	388	78	240	22	
7	8	9	10	6	3	
388	78	240	22	3	57	
254	596	672	532	16064	8709	


64	1	6	1
267	182	40	436	165	238	222	248	88	351	
6	-99	-99	-99	-99	4	-99	2	
238	48	0	257	376	436	257	182	
368	618	623	636	727	818	4764	4982	


64	1	7	1
200	9	63	41	406	397	109	459	476	437	
8	9	10	2	1	4	
459	476	437	9	200	41	
259	636	614	595	605	10422	


64	1	8	1
19	423	93	323	212	352	108	305	194	247	
7	9	10	4	1	5	2	
108	194	247	323	19	212	423	
545	623	2004	773	700	1755	11059	


64	1	9	1
30	120	434	293	130	470	35	402	364	82	
6	8	9	10	7	5	4	10	
470	402	364	82	35	130	293	82	
268	386	532	850	700	2254	3687	3268	


64	1	10	1
144	85	101	206	65	81	71	411	179	213	
9	10	-409	-207	7	6	4	
179	213	88	108	71	81	206	
568	568	518	568	623	809	5627	


64	1	11	1
151	24	77	319	322	331	309	255	76	31	
4	-99	8	9	10	3	
319	354	255	76	31	77	
390	2346	1654	632	900	987	


64	1	12	1
131	5	227	417	404	234	181	270	441	12	
7	-99	-99	9	10	3	5	
181	289	271	441	12	227	404	
759	631	496	500	464	554	5832	


64	1	13	1
148	333	390	168	391	166	349	218	324	354	
3	7	8	9	10	
390	349	218	324	354	
1004	968	778	736	964	


64	1	14	1
175	214	159	346	146	262	235	382	47	187	
9	10	8	6	2	
47	187	382	262	214	
568	536	509	759	4237	


64	1	15	1
371	243	257	330	277	473	45	285	75	162	
9	10	5	6	2	4	8	8	
75	162	277	473	243	330	285	285	
150	586	545	1109	1837	4527	10700	1618	


64	1	16	1
430	68	129	463	34	169	453	96	135	374	
9	-99	8	7	4	2	1	
135	373	96	453	463	68	430	
386	582	454	1287	881	24610	581	


64	1	17	1
301	457	176	13	296	317	29	250	379	14	
10	8	-102	6	7	4	
14	250	68	317	29	13	
672	641	677	1887	1109	3291	


64	1	18	1
53	90	237	456	452	216	415	230	358	421	
6	7	8	9	10	1	
216	415	230	358	421	53	
263	477	1660	622	487	3100	


64	1	19	1
325	431	383	360	32	193	94	258	340	95	
6	7	8	-99	10	
193	94	258	0	95	
845	591	1018	882	504	


64	1	20	1
450	326	127	252	427	132	102	92	467	363	
9	10	3	-99	8	4	
467	363	127	115	92	252	
386	691	527	614	813	1514	


64	1	21	1
418	380	462	292	241	265	400	136	300	145	
9	10	6	1	2	7	3	
300	145	265	418	380	400	462	
1604	736	819	754	691	632	1136	


64	1	22	1
334	328	192	231	62	269	403	55	27	191	
9	10	1	4	-99	10	
27	191	334	231	51	191	
263	505	913	382	582	19995	


64	1	23	1
188	389	408	122	395	469	274	163	80	197	
-99	9	10	7	2	5	3	4	
171	80	197	274	389	395	408	122	
18	554	523	559	427	737	1536	6868	


64	1	24	1
376	454	195	357	239	111	280	89	103	153	
7	8	9	10	1	2	
280	89	103	153	376	454	
95	491	518	400	709	1091	


64	1	25	1
37	266	287	167	368	141	158	455	337	405	
5	6	-99	
368	141	0	
1363	709	2000	


64	1	26	1
59	199	302	124	259	458	320	190	58	261	
6	9	10	4	1	5	
458	58	261	124	59	259	
1109	650	704	527	910	19659	


64	1	27	1
341	161	51	204	113	347	105	304	385	112	
10	3	7	-1407	4	9	
112	51	105	349	204	385	
840	587	582	1218	1759	13709	


64	1	28	1
133	420	155	303	99	413	172	461	387	444	
8	9	10	3	7	5	
461	387	444	155	172	99	
31	491	541	627	628	3041	


64	1	29	1
215	221	378	315	416	114	422	332	428	445	
-99	10	8	1	
8	445	332	215	
427	500	582	500	


64	1	30	1
291	288	207	451	381	449	98	424	286	28	
8	9	10	4	2	5	
424	286	28	451	288	381	
59	577	673	945	4436	14632	


64	1	31	1
263	393	355	398	60	50	157	343	211	460	
6	7	9	10	2	4	5	
50	157	211	460	393	398	60	
1390	1232	1359	982	1232	1118	8664	


64	1	32	1
87	125	52	366	435	295	184	228	396	160	
6	7	9	10	4	1	
295	184	396	160	366	87	
181	573	432	1054	460	2390	


64	1	33	1
299	281	7	316	198	356	439	311	202	260	
7	-99	9	-99	1	5	4	2	
439	0	202	260	299	198	316	281	
68	504	432	559	1609	896	1100	4772	


65	1	1	1
433	155	45	63	363	374	84	193	151	173	
1	2	10	9	
433	155	173	151	
772	732	800	868	


65	1	2	1
171	146	324	183	97	440	172	340	298	50	
10	1	-99	4	8	-99	
50	171	0	183	340	0	
400	509	722	787	1541	1000	


65	1	3	1
89	246	108	46	284	166	268	21	347	135	
10	1	2	4	8	
135	89	246	46	21	
377	704	773	1805	1759	


65	1	4	1
357	381	26	29	112	88	314	197	478	91	
10	1	4	2	10	
91	357	29	381	91	
18	841	895	664	3172	


65	1	5	1
6	168	216	308	333	274	217	53	153	394	
10	8	9	6	7	-99	9	
394	53	153	274	217	0	153	
13	446	950	1236	991	6659	16623	


65	1	6	1
441	358	129	40	67	254	25	479	397	207	
1	2	3	5	1	10	2	10	
441	358	129	67	441	207	358	207	
1013	359	632	596	550	686	800	6341	


65	1	7	1
424	199	93	160	356	417	429	271	403	293	
-99	2	-99	3	1	2	3	8	10	
154	199	90	93	424	199	93	271	293	
45	436	724	1820	3845	570	670	1625	4605	


65	1	8	1
42	384	326	32	467	229	320	204	114	125	
-99	2	-102	-99	
7	384	199	62	
41	190	646	613	


65	1	9	1
330	161	392	214	157	27	226	195	148	234	
-99	1	2	-99	4	-310	7	-205	-99	
316	330	161	0	214	207	226	356	0	
218	950	659	3091	954	1387	6922	1337	454	


65	1	10	1
260	277	92	349	136	350	366	140	192	230	
1	2	6	10	8	
260	277	350	230	140	
218	904	828	959	1277	


65	1	11	1
252	317	18	69	191	346	322	382	144	299	
1	3	7	-802	10	-106	-105	
252	18	322	246	299	350	136	
340	637	877	577	719	663	12250	


65	1	12	1
398	80	420	328	419	111	61	2	139	444	
-99	-99	5	-99	10	8	
201	329	419	0	444	2	
59	1072	1087	968	1427	777	


65	1	13	1
156	339	41	233	453	243	281	428	31	77	
10	2	-405	-1202	9	1	
77	339	157	155	31	156	
418	663	500	2400	2864	18127	


65	1	14	1
415	414	121	109	425	387	75	189	64	413	
5	7	9	10	5	8	1	
425	75	64	413	425	189	415	
113	650	1068	905	2727	927	2882	


65	1	15	1
107	212	359	174	289	115	165	104	286	219	
1	6	9	10	-99	2	
107	115	286	219	0	212	
381	478	522	487	532	1627	


65	1	16	1
390	313	210	3	282	319	426	16	439	222	
1	5	2	-106	10	9	4	-106	10	3	
390	282	313	115	222	439	3	115	222	210	
577	836	755	704	991	1387	3677	11300	627	4096	


65	1	17	1
190	372	477	220	364	306	355	245	377	325	
5	6	7	8	9	10	6	-99	
364	306	355	245	377	325	306	0	
195	605	590	582	637	777	5354	2110	


65	1	18	1
57	418	379	457	446	280	361	68	225	119	
5	6	7	10	8	7	
446	280	361	119	68	361	
13	491	1191	573	722	10137	


65	1	19	1
300	434	337	291	264	62	36	179	159	33	
5	-99	6	9	7	-99	-99	4	
264	437	62	159	36	0	0	291	
9	963	468	546	959	595	291	1287	


65	1	20	1
421	200	201	240	127	215	17	4	163	9	
4	-1010	1	7	9	2	4	
240	230	421	17	163	200	240	
109	595	436	705	686	2150	723	


65	1	21	1
19	373	223	389	22	194	11	180	348	435	
5	6	1	9	-99	-102	6	1	
22	194	19	348	0	200	194	19	
109	441	572	809	491	2391	2032	5832	


65	1	22	1
294	312	290	323	103	55	73	338	170	462	
5	6	7	9	8	10	5	6	
103	55	73	170	338	462	103	55	
36	477	564	1413	550	832	1991	4759	


65	1	23	1
143	267	432	70	279	391	376	117	60	85	
1	5	6	9	-1906	1	-106	6	
143	279	391	60	88	143	55	391	
286	564	563	1227	705	918	4687	19290	


65	1	24	1
331	54	150	82	231	241	227	405	450	460	
5	6	9	10	-2304	
231	241	450	460	63	
59	427	2195	1105	1227	


65	1	25	1
474	49	118	8	437	307	445	261	473	360	
5	6	9	7	7	10	3	-509	
437	307	473	445	445	360	118	163	
127	645	623	750	1577	4064	2850	13314	


65	1	26	1
224	296	37	265	343	455	318	79	301	87	
-1006	6	9	8	10	-99	10	
319	455	301	79	87	181	87	
404	523	427	423	604	2732	19077	


65	1	27	1
43	365	138	400	370	238	14	315	132	98	
4	5	7	-1106	9	10	-102	
400	370	14	319	132	98	296	
163	591	455	545	646	622	4696	


65	1	28	1
443	371	130	175	380	94	65	78	375	99	
-99	8	10	9	1	3	
0	78	99	375	443	130	
259	804	1718	714	1695	1146	


65	1	29	1
263	423	198	276	178	369	253	399	23	28	
-99	7	8	-1902	9	-205	
0	253	399	277	23	370	
81	303	573	1264	2385	10305	


65	1	30	1
456	248	270	406	309	335	206	283	169	239	
7	9	-99	-99	-2910	
206	169	257	0	173	
531	1173	2500	1305	5663	


65	1	31	1
305	218	395	182	362	128	259	257	470	412	
5	8	9	7	10	-1505	
362	257	470	259	412	282	
190	828	527	1132	650	5950	


65	1	32	1
162	266	203	105	354	24	247	35	438	442	
1	2	-99	10	8	7	-3110	10	
162	266	0	442	35	247	173	442	
9	577	1423	591	781	732	6087	8190	


65	1	33	1
83	297	196	388	142	409	232	44	302	95	
1	3	8	-99	5	
83	196	44	95	142	
804	496	672	705	623	


67	1	1	1
335	309	134	211	365	224	370	61	207	228	
10	9	8	5	
228	207	61	365	
1227	1027	946	1154	


67	1	2	1
123	41	135	343	106	230	258	323	77	247	
7	-99	9	-99	2	6	3	
258	308	77	218	41	230	135	
1622	505	577	727	964	695	637	


67	1	3	1
54	93	43	198	347	164	62	316	40	427	
-99	8	-99	10	6	10	
51	316	21	427	164	427	
718	532	504	377	669	11963	


67	1	4	1
423	88	72	20	409	410	350	421	139	269	
-99	9	10	1	2	6	9	
0	139	269	423	88	410	139	
1763	505	932	486	877	705	12727	


67	1	5	1
348	319	11	107	21	232	169	218	250	25	
9	10	7	-99	-99	
250	25	169	0	58	
1536	891	1209	5527	323	


67	1	6	1
122	387	337	382	283	331	51	70	9	213	
10	8	9	1	7	
213	70	9	122	51	
472	546	722	660	2477	


67	1	7	1
471	221	272	117	401	103	470	60	354	85	
-99	9	8	-302	-99	
400	354	60	88	0	
445	718	637	1295	6605	


67	1	8	1
419	185	377	87	149	92	182	443	197	346	
10	9	1	2	7	9	10	9	1	7	2	
346	197	419	185	182	197	346	197	419	182	185	
722	682	550	1059	2614	5477	9900	514	618	527	405	


67	1	9	1
429	110	150	244	14	4	238	432	237	215	
9	10	8	3	5	
237	215	432	150	14	
790	623	1177	619	831	


67	1	10	1
453	102	192	147	282	296	187	214	294	80	
9	-99	10	4	9	4	-109	5	
294	181	80	147	294	147	237	282	
731	528	1431	1346	1768	1859	400	3027	


67	1	11	1
411	161	133	318	178	39	152	10	194	108	
7	9	8	10	6	
152	194	10	108	39	
709	981	1678	1227	2464	


67	1	12	1
36	317	235	105	452	118	120	273	176	233	
8	9	9	10	5	6	2	10	
273	176	176	233	452	118	317	233	
640	541	919	545	1086	1082	1337	6240	


67	1	13	1
252	368	34	159	231	19	425	378	127	239	
7	8	10	9	6	
425	378	239	127	19	
972	578	809	954	3500	


67	1	14	1
418	201	76	406	89	372	383	95	162	47	
10	9	8	-1006	3	-99	
47	162	95	410	76	0	
668	632	809	668	909	904	


67	1	15	1
270	2	249	229	56	256	52	463	363	23	
10	9	6	7	-99	7	
23	363	256	52	0	52	
1063	491	959	700	3400	2509	


67	1	16	1
113	476	322	202	265	195	22	181	255	398	
7	6	10	8	4	
22	195	398	181	202	
1340	450	1814	909	2473	


67	1	17	1
356	366	445	291	193	31	274	447	74	142	
9	-99	10	2	7	6	-102	-804	
74	459	142	366	274	31	476	244	
613	596	581	623	868	1146	8332	7931	


67	1	18	1
312	394	367	405	46	111	16	353	223	436	
10	9	8	-1007	2	
436	223	353	182	394	
559	522	923	855	813	


67	1	19	1
125	310	38	479	44	341	403	63	301	220	
9	10	8	6	5	
301	220	63	341	44	
972	573	586	1023	855	


67	1	20	1
154	263	457	381	227	466	251	364	428	400	
10	9	8	4	
400	428	364	381	
1627	554	741	800	


67	1	21	1
271	259	313	477	287	349	374	415	64	140	
8	9	10	6	7	-206	
415	64	140	349	374	341	
663	937	836	832	963	7473	


67	1	22	1
330	91	104	397	391	338	404	180	13	71	
4	7	6	9	8	
397	404	338	13	180	
3053	731	1202	990	643	


67	1	23	1
144	334	329	460	90	86	339	141	119	286	
10	6	2	8	-104	
286	86	334	141	397	
800	754	800	886	6550	


67	1	24	1
399	300	424	241	284	217	264	308	69	446	
10	-99	7	6	2	3	
446	392	264	217	300	424	
977	673	600	1040	896	695	


67	1	25	1
314	328	449	417	124	442	293	254	97	115	
10	9	8	-99	-1705	
115	97	254	0	149	
450	863	996	750	3422	


67	1	26	1
240	281	126	267	129	336	145	165	26	275	
9	10	8	6	5	
26	275	165	336	129	
545	1027	555	818	759	


67	1	27	1
3	473	474	196	420	480	469	45	205	210	
9	10	2	6	
205	210	473	480	
731	823	1677	1128	


67	1	28	1
451	66	435	292	5	146	351	222	376	130	
10	8	-706	9	
130	222	349	376	
886	868	1109	887	


67	1	29	1
373	226	464	1	191	355	369	73	439	99	
9	10	8	-99	7	3	
439	99	73	0	369	464	
1318	454	782	946	418	795	


67	1	30	1
257	297	96	450	303	32	320	360	393	116	
9	10	-99	7	3	
393	116	0	320	96	
790	650	823	868	769	


67	1	31	1
454	248	396	15	412	171	278	414	184	359	
-99	8	9	-99	-99	
168	414	184	42	0	
1645	736	923	859	17673	


67	1	32	1
315	344	206	441	157	188	143	305	94	321	
10	9	9	2	6	
321	94	94	344	188	
2181	800	823	1059	937	


67	1	33	1
467	225	155	440	173	472	361	437	468	327	
9	5	5	7	-99	-106	
468	173	173	361	327	188	
2240	796	727	1487	777	786	


68	1	1	1
182	21	435	339	239	100	123	415	108	258	
10	1	3	
258	182	435	
1000	900	5936	


68	1	2	1
297	25	23	114	378	376	13	135	83	247	
10	9	7	1	2	
247	83	13	297	25	
554	1627	1587	1759	1573	


68	1	3	1
60	342	368	59	45	343	453	73	61	156	
10	9	4	1	
156	61	59	60	
590	719	2941	2690	


68	1	4	1
318	425	57	106	320	103	264	41	232	420	
10	9	8	-99	-309	
420	232	41	319	108	
577	1163	1369	4886	11409	


68	1	5	1
281	18	330	338	245	236	172	220	246	127	
10	9	7	8	4	3	
127	246	172	220	338	330	
395	1564	1313	1614	1636	1705	


68	1	6	1
189	119	70	36	9	461	51	353	391	274	
10	6	9	8	4	-301	
274	461	391	353	36	60	
422	1250	1482	1459	4759	5091	


68	1	7	1
261	433	184	159	125	80	147	113	202	250	
10	9	7	5	6	2	
250	202	147	125	80	433	
327	1573	1213	1659	2655	4482	


68	1	8	1
188	132	39	107	104	128	476	256	65	6	
10	8	-99	7	
6	256	0	476	
536	900	1986	482	


68	1	9	1
254	10	75	35	374	160	169	460	196	30	
10	9	8	
30	196	460	
172	737	1395	


68	1	10	1
360	138	252	14	430	117	235	40	263	251	
10	9	8	1	-109	
251	263	40	360	196	
468	827	1545	1732	14691	


68	1	11	1
122	277	165	98	363	110	409	76	17	473	
10	9	3	-99	
473	17	165	0	
231	1078	2041	12304	


68	1	12	1
439	149	395	270	111	441	215	55	8	67	
10	1	9	2	4	
67	439	8	149	270	
295	791	1600	4186	9178	


68	1	13	1
282	48	226	332	142	87	181	344	228	167	
10	3	7	6	
167	226	181	87	
454	1227	1428	4413	


68	1	14	1
31	288	309	173	185	385	63	208	213	50	
10	6	9	4	
50	385	213	173	
409	2668	2118	3014	


68	1	15	1
214	470	312	16	403	285	317	371	249	313	
10	7	9	1	3	
313	317	249	214	312	
295	1086	1278	2036	2073	


68	1	16	1
198	387	404	99	176	276	12	90	336	68	
7	10	4	
12	68	99	
518	1059	1659	


68	1	17	1
380	367	373	237	298	97	292	440	327	464	
10	9	8	7	10	
464	327	440	292	464	
350	1322	1791	2846	8377	


68	1	18	1
141	32	280	468	66	203	217	177	238	337	
10	9	7	
337	238	217	
545	2214	2177	


68	1	19	1
164	291	377	340	161	310	4	275	286	296	
8	10	9	1	5	
275	296	286	164	161	
1136	977	1277	1423	20909	


68	1	20	1
206	302	480	212	354	152	207	411	210	162	
10	9	7	6	
162	210	207	152	
200	1481	1487	2068	


68	1	21	1
429	372	197	408	240	271	225	82	341	267	
10	9	3	5	6	1	
267	341	197	240	271	429	
509	868	1200	1886	1268	2996	


68	1	22	1
315	448	266	126	346	219	89	335	116	272	
10	8	4	1	
272	335	126	315	
139	1460	1808	1567	


68	1	23	1
163	78	447	352	153	92	244	38	328	179	
10	9	8	7	5	-99	
179	328	38	244	153	419	
527	809	659	1091	17159	3459	


68	1	24	1
295	171	388	201	469	273	105	382	186	44	
9	10	7	8	-99	
186	44	105	382	0	
804	636	878	800	1263	


68	1	25	1
101	462	299	364	72	93	28	77	300	150	
10	8	2	4	-101	
150	77	462	364	295	
250	1754	4296	913	3796	


68	1	26	1
451	88	471	324	255	287	459	204	331	466	
-99	10	8	7	
326	466	204	459	
422	678	954	4155	


68	1	27	1
454	390	396	11	37	49	200	446	96	231	
10	9	8	1	
231	96	446	454	
427	1754	1528	20545	


68	1	28	1
351	357	157	361	348	222	432	472	102	64	
10	8	-99	7	6	
64	472	115	432	222	
150	627	873	1068	872	


68	1	29	1
345	389	265	438	86	79	223	290	311	479	
10	-99	6	8	1	
479	329	79	290	345	
350	850	1231	1296	1527	


68	1	30	1
423	393	34	347	362	268	193	24	3	233	
10	7	9	8	
233	193	3	24	
768	1827	1695	1987	


68	1	31	1
306	358	243	52	443	375	195	269	136	260	
10	7	-1203	9	-302	
260	195	377	136	357	
290	2164	1782	3123	13786	


68	1	32	1
158	398	221	2	384	129	170	140	284	323	
10	9	5	4	1	
323	284	384	2	158	
395	768	1059	1423	6536	


68	1	33	1
412	478	475	417	355	74	154	205	301	112	
9	-99	7	8	-99	
301	112	154	205	0	
168	722	860	1559	18954	


70	1	1	1
223	33	148	345	218	28	205	71	178	308	
-99	10	1	
0	308	223	
3659	9781	1987	


70	1	2	1
274	164	125	3	17	116	142	13	133	441	
7	3	9	10	
142	125	133	441	
2459	854	873	914	


70	1	3	1
340	238	444	46	136	269	470	118	44	11	
1	9	10	8	7	
340	44	11	118	470	
3686	650	1109	700	21036	


70	1	4	1
450	428	45	110	25	265	368	27	60	58	
-99	10	9	1	6	9	-107	
297	58	60	450	265	60	470	
295	545	1096	1141	4691	2941	11477	


70	1	5	1
273	201	34	250	157	227	196	236	48	15	
-99	9	8	7	
0	48	236	196	
840	673	555	1209	


70	1	6	1
406	297	154	237	241	276	232	207	65	14	
10	3	9	-99	2	
14	154	65	0	297	
263	1518	1041	2223	4755	


70	1	7	1
357	115	283	130	279	251	26	261	376	258	
3	-99	-99	-101	-99	
283	0	267	406	0	
1786	1018	2046	8704	12818	


70	1	8	1
76	93	344	122	260	293	277	53	304	135	
2	10	3	10	-99	-99	
93	135	344	135	459	150	
1381	823	9473	2095	7568	649	


70	1	9	1
70	371	456	137	272	226	325	132	326	332	
-99	-99	9	10	
0	480	326	332	
1222	741	909	623	


70	1	10	1
171	442	245	84	312	228	451	194	4	219	
-99	9	7	
0	4	451	
381	791	1278	


70	1	11	1
24	352	404	474	161	253	281	427	361	366	
10	9	3	
366	361	404	
1109	777	1395	


70	1	12	1
386	216	39	2	353	246	467	83	443	153	
10	9	7	-102	
153	443	467	352	
540	637	809	13841	


70	1	13	1
155	151	337	291	62	224	351	152	270	479	
10	9	1	-202	
479	270	155	352	
386	777	1046	15554	


70	1	14	1
193	364	288	387	120	123	362	162	323	57	
10	9	
57	323	
690	669	


70	1	15	1
183	9	448	343	327	31	91	215	306	336	
6	5	9	10	
31	327	306	336	
1322	973	723	754	


70	1	16	1
166	469	240	338	259	159	173	397	78	472	
10	9	2	4	-110	-509	
472	78	469	338	336	361	
659	522	664	1423	7386	7377	


70	1	17	1
210	290	313	466	307	319	461	35	94	358	
9	10	8	-99	-104	-99	
94	358	35	18	338	247	
322	555	2004	2869	4145	6041	


70	1	18	1
12	131	220	52	40	335	305	209	170	334	
-99	6	9	-103	10	-204	
187	335	170	313	334	338	
454	523	12991	1295	914	4895	


70	1	19	1
324	158	181	127	22	107	447	56	286	459	
10	-99	10	6	5	2	
459	329	459	107	22	158	
354	609	677	2100	960	2254	


70	1	20	1
106	203	420	128	214	321	416	413	314	415	
10	9	8	7	
415	314	413	416	
300	918	800	1672	


70	1	21	1
89	460	191	212	199	280	145	296	355	370	
10	-99	2	
370	20	460	
231	1400	1278	


70	1	22	1
105	394	82	360	188	388	363	74	412	47	
10	2	7	9	
47	394	363	412	
268	836	1027	1587	


70	1	23	1
292	339	192	169	19	182	275	434	242	179	
-99	4	10	6	3	4	
20	169	179	182	192	169	
1322	1747	2807	1476	5648	12789	


70	1	24	1
73	198	20	6	146	225	378	271	410	114	
8	-99	9	
271	0	410	
2054	1241	868	


70	1	25	1
431	295	480	379	402	41	392	174	67	180	
10	4	2	5	
180	379	295	402	
118	1927	2250	16460	


70	1	26	1
391	102	81	263	163	138	349	348	109	299	
10	9	8	3	
299	109	348	81	
145	655	859	1159	


70	1	27	1
16	262	309	244	167	342	301	72	331	257	
10	-1809	-99	-110	
257	326	298	299	
1286	1159	1382	1827	


70	1	28	1
254	328	316	230	88	32	303	101	359	200	
10	9	3	2	-99	
200	359	316	328	0	
172	668	650	987	3709	


70	1	29	1
129	85	399	1	98	318	473	330	168	329	
10	8	
329	330	
177	609	


70	1	30	1
103	99	462	452	68	454	414	310	457	160	
10	9	8	
160	457	310	
13	1173	1427	


70	1	31	1
311	377	213	401	380	375	177	96	186	217	
3	10	8	-99	
213	217	96	449	
259	1050	1359	11800	


70	1	32	1
111	458	150	372	112	408	126	381	190	256	
4	-105	9	10	
372	380	190	256	
745	650	927	1005	


70	1	33	1
389	398	455	77	284	268	7	104	418	235	
1	9	2	-99	
389	418	398	141	
459	1054	1218	8150	


71	1	1	1
156	369	10	372	20	370	43	276	125	49	
1	9	2	7	-99	
156	125	369	43	37	
3431	1346	700	1095	14523	


71	1	2	1
390	149	263	38	177	461	170	250	183	168	
10	5	2	1	3	2	
168	177	149	390	263	149	
286	764	500	2150	3327	10300	


71	1	3	1
302	155	160	30	384	342	119	53	56	270	
9	10	2	3	
56	270	155	160	
31	509	2769	1450	


71	1	4	1
288	114	343	400	413	185	75	409	50	294	
10	5	7	-203	5	4	
294	413	75	263	413	400	
740	782	905	15182	3000	2831	


71	1	5	1
4	386	81	417	191	412	406	7	416	444	
7	-99	3	7	10	
406	0	81	406	444	
490	932	1718	2541	3719	


71	1	6	1
336	381	202	267	48	284	275	116	199	11	
9	10	1	2	6	-101	
199	11	336	381	284	4	
63	568	528	541	5250	14227	


71	1	7	1
215	203	403	449	157	260	207	142	126	398	
8	9	10	3	4	-101	
142	126	398	403	449	336	
18	404	1137	2050	781	11232	


71	1	8	1
258	184	397	74	55	141	371	463	428	127	
6	-99	6	-99	-304	
141	217	141	480	417	
445	745	9841	509	3410	


71	1	9	1
331	410	221	230	196	404	97	332	186	85	
9	-99	2	1	9	2	7	
186	88	410	331	186	410	97	
63	450	468	1496	6423	8068	5400	


71	1	10	1
95	123	16	334	453	71	226	231	134	379	
-99	10	8	1	4	8	10	
42	379	231	95	334	231	379	
31	382	509	505	2459	7677	9064	


71	1	11	1
24	115	79	143	121	264	315	361	374	57	
7	-99	3	4	9	7	-99	
315	0	79	143	374	315	299	
22	332	918	1328	5668	4204	1841	


71	1	12	1
408	187	195	228	6	133	109	212	132	128	
-99	5	-99	4	1	7	5	-103	
436	6	86	228	408	109	6	79	
18	641	1413	2387	1736	6414	5922	5241	


71	1	13	1
152	251	60	218	162	120	348	295	54	73	
-99	8	9	2	2	10	3	
107	295	54	251	251	73	60	
36	454	491	1796	11113	673	4537	


71	1	14	1
414	464	269	326	312	63	101	235	339	360	
7	10	-99	-1005	3	-99	
101	360	0	413	269	0	
140	469	500	7131	8832	1078	


71	1	15	1
200	34	61	19	147	201	436	139	437	480	
9	10	4	6	
437	480	19	201	
409	363	528	11600	


71	1	16	1
89	1	93	232	434	233	281	351	84	83	
-99	10	9	
301	83	84	
31	550	787	


71	1	17	1
9	220	283	237	105	249	279	227	305	451	
8	9	10	-99	-99	9	8	
227	305	451	257	0	305	227	
9	695	641	568	1187	13413	3137	


71	1	18	1
8	274	96	363	245	407	78	368	443	103	
8	10	9	2	
368	103	443	274	
168	622	650	632	


71	1	19	1
136	287	243	145	425	42	238	323	430	422	
8	-99	10	3	6	-503	
323	0	422	243	42	269	
400	781	1491	4528	1918	7927	


71	1	20	1
21	106	153	424	26	104	473	37	354	239	
9	10	1	-305	4	-99	7	
354	239	21	105	424	280	473	
218	1063	1141	573	4341	7750	3277	


71	1	21	1
219	192	335	446	72	347	261	450	297	70	
8	9	5	
450	297	72	
254	500	514	


71	1	22	1
206	124	94	51	140	359	439	135	31	431	
-99	10	9	4	10	-99	
29	431	31	51	431	0	
9	968	554	1546	1604	4178	


71	1	23	1
214	176	298	158	242	161	457	311	273	118	
7	9	1	8	10	-604	
457	273	214	311	118	237	
209	1545	1018	796	627	23732	


71	1	24	1
198	349	86	328	393	216	171	18	268	159	
-99	-99	5	10	5	8	10	-99	
172	278	393	159	393	18	159	278	
12	1158	3485	1174	6717	1105	605	1248	


71	1	25	1
292	25	246	210	100	39	395	293	454	467	
7	8	10	1	5	6	7	1	8	
395	293	467	292	100	39	395	292	293	
81	805	1118	1418	1787	9927	573	1136	1050	


71	1	26	1
476	182	380	92	146	366	35	460	333	3	
7	9	10	8	1	10	-99	
35	333	3	460	476	3	0	
9	868	773	945	886	5705	3573	


71	1	27	1
5	459	13	299	52	389	432	277	441	313	
8	10	1	2	8	2	6	
277	313	5	459	277	459	389	
22	805	1636	614	15941	1836	3105	


71	1	28	1
329	190	14	180	296	300	362	387	194	325	
-106	-107	8	-99	7	
389	432	387	0	362	
5	495	618	3282	1336	


71	1	29	1
278	90	471	113	138	99	137	154	28	178	
7	8	9	10	1	6	
137	154	28	178	278	99	
18	277	405	400	1331	2464	


71	1	30	1
209	285	266	117	338	373	316	23	396	45	
10	-101	8	5	
45	278	23	338	
627	4468	3818	1209	


71	1	31	1
248	376	256	98	401	472	112	64	130	164	
-1301	-105	8	9	10	
8	338	64	130	164	
22	48	70	564	505	


71	1	32	1
426	234	478	12	165	383	320	108	304	355	
9	-2906	6	9	-99	
304	342	383	304	0	
31	4941	3282	8950	2623	


71	1	33	1
59	458	429	388	353	470	440	375	324	364	
7	9	-99	-2101	-99	
440	324	364	408	364	
390	846	832	1363	2423	


500	1	1	1
22	355	258	346	368	64	329	179	388	142	
9	
388	
12140	


500	1	2	1
176	426	150	319	287	83	235	472	59	209	
10	9	5	-109	
209	59	287	388	
586	936	1618	5264	


500	1	3	1
186	434	30	288	52	143	398	40	94	301	
10	9	4	-99	
301	94	288	0	
340	800	10778	3827	


500	1	4	1
256	39	134	45	162	136	158	460	444	5	
-99	7	-99	9	8	5	
240	158	0	444	460	162	
645	764	981	869	2072	9420	


500	1	5	1
20	277	393	372	361	54	298	218	273	291	
10	8	9	3	4	
291	218	273	393	372	
604	859	868	2941	1109	


500	1	6	1
55	151	392	13	311	14	331	199	79	100	
8	9	10	6	-103	1	
199	79	100	14	393	55	
513	668	864	741	5959	19691	


500	1	7	1
10	137	307	293	184	225	110	303	347	131	
10	9	8	1	-209	-310	
131	347	303	10	273	5	
536	850	1245	11796	3682	4609	


500	1	8	1
421	25	451	480	399	207	50	340	263	4	
10	9	8	3	6	
4	263	340	451	207	
354	673	854	946	3827	


500	1	9	1
358	153	103	181	211	63	147	272	208	259	
8	9	10	7	
272	208	259	147	
481	746	827	9946	


500	1	10	1
114	180	231	415	360	27	297	68	95	73	
9	10	-108	4	
95	73	272	415	
690	705	13459	10346	


500	1	11	1
238	113	197	239	164	124	188	33	335	260	
10	9	8	6	-106	-101	
260	335	33	124	27	114	
590	778	882	1022	13728	6754	


500	1	12	1
397	205	290	214	49	445	423	306	221	461	
9	10	8	7	
221	461	306	423	
640	837	904	1082	


500	1	13	1
194	414	160	366	92	200	295	339	383	146	
7	9	10	
295	383	146	
940	750	2364	


500	1	14	1
336	299	373	289	192	310	219	241	389	315	
7	5	10	9	-706	
219	192	315	389	225	
404	1318	900	16478	7522	


500	1	15	1
354	29	404	26	431	286	316	66	149	195	
8	7	10	2	3	
66	316	195	29	404	
781	1959	1160	1540	1589	


500	1	16	1
32	169	264	19	102	212	80	268	183	247	
9	8	10	-809	-1406	
183	268	247	263	83	
763	809	964	9777	6614	


500	1	17	1
468	93	67	410	31	253	236	206	345	167	
8	9	10	4	-202	-203	9	
206	345	167	410	29	404	345	
536	941	1104	846	1836	7050	17163	


500	1	18	1
279	464	371	456	48	230	332	71	274	85	
8	9	10	-302	-108	
71	274	85	29	206	
977	968	1036	2332	7414	


500	1	19	1
266	177	334	283	129	220	125	409	70	232	
9	10	5	-99	
70	232	129	0	
690	919	2113	22664	


500	1	20	1
267	135	467	46	475	333	407	312	321	1	
8	9	10	7	6	-99	
312	321	1	407	333	0	
695	709	846	1072	1428	7818	


500	1	21	1
438	148	123	284	152	437	341	327	118	163	
9	10	8	5	
118	163	327	152	
818	772	1441	1814	


500	1	22	1
223	242	439	412	245	275	411	359	365	265	
4	8	9	10	6	
412	359	365	265	275	
750	1113	768	1169	3295	


500	1	23	1
237	282	330	249	90	324	357	448	127	28	
9	10	8	4	
127	28	448	249	
600	800	968	2618	


500	1	24	1
190	413	138	313	382	317	381	308	248	254	
8	-99	10	
308	320	254	
663	1514	1382	


500	1	25	1
126	97	189	128	454	226	51	255	370	374	
9	10	1	2	
370	374	126	97	
890	669	909	9677	


500	1	26	1
166	44	58	400	106	187	139	403	351	328	
9	10	7	6	1	3	7	10	
351	328	139	187	166	58	139	328	
618	932	798	1149	1244	1959	6460	6210	


500	1	27	1
450	442	436	416	386	12	157	294	257	116	
10	8	9	7	8	-99	
116	294	257	157	294	0	
659	745	727	1350	8114	8691	


500	1	28	1
430	228	446	369	9	342	251	417	269	76	
8	9	10	-102	3	
417	269	76	442	446	
295	927	864	14068	1546	


500	1	29	1
300	305	36	60	43	78	141	86	240	77	
8	9	10	1	-104	
86	240	77	300	369	
913	882	882	1336	9964	


500	1	30	1
378	2	62	47	104	119	168	65	3	462	
6	10	9	-1402	10	
119	462	3	169	462	
1400	1027	791	4836	16200	


500	1	31	1
15	84	314	322	352	115	178	34	98	479	
10	9	8	7	
479	98	34	178	
590	860	954	900	


500	1	32	1
395	463	344	82	224	396	172	229	443	35	
7	3	10	1	
172	344	35	395	
1995	777	1218	6987	


500	1	33	1
390	471	112	87	419	476	170	292	477	204	
-99	8	9	3	7	1	
204	292	477	112	170	390	
481	805	782	1041	8004	4909	


501	1	1	1
452	54	316	32	325	271	103	285	76	26	
7	9	8	10	6	
103	76	285	26	271	
2281	1373	1332	1509	2318	


501	1	2	1
201	19	329	110	142	321	223	397	1	109	
3	7	9	10	1	8	
329	223	1	109	201	397	
3154	1146	1222	1768	3396	1373	


501	1	3	1
299	156	73	154	105	114	428	256	348	446	
1	3	8	4	5	6	
299	73	256	154	105	114	
2450	877	1268	2086	1182	12482	


501	1	4	1
25	120	90	146	272	246	200	463	386	159	
5	6	
272	246	
17468	1213	


501	1	5	1
347	132	2	222	242	225	204	55	14	399	
5	9	10	8	1	7	9	
242	14	399	55	347	204	14	
1945	905	863	1509	1673	2595	10500	


501	1	6	1
5	444	171	140	336	181	163	466	44	417	
6	8	9	10	4	
181	466	44	417	140	
1654	1005	1522	1119	7386	


501	1	7	1
34	413	202	176	78	462	293	366	97	472	
8	9	10	7	1	
366	97	472	293	34	
4022	1137	1177	2004	4487	


501	1	8	1
45	228	166	465	83	333	377	309	23	240	
-99	3	2	9	10	
188	166	228	23	240	
3000	1118	1404	1523	2378	


501	1	9	1
371	63	270	49	11	209	443	87	430	50	
6	8	9	10	
209	87	430	50	
2536	1241	1145	1314	


501	1	10	1
418	61	317	152	456	233	65	268	94	93	
8	9	2	6	
268	94	61	233	
4050	1590	1582	2041	


501	1	11	1
392	259	99	286	180	453	294	231	420	305	
6	5	9	7	10	
453	180	420	294	305	
2418	932	913	1527	1364	


501	1	12	1
318	364	414	137	130	15	412	335	40	18	
7	9	8	10	2	
412	40	335	18	364	
3250	1159	854	1277	9700	


501	1	13	1
470	278	144	211	301	471	409	168	60	37	
7	9	10	2	1	
409	60	37	278	470	
2113	982	1377	1291	2473	


501	1	14	1
387	349	361	232	363	64	297	174	196	85	
7	6	4	
297	64	232	
3104	827	941	


501	1	15	1
56	164	449	281	162	127	72	313	411	129	
1	2	10	9	
56	164	129	411	
3168	1072	2605	1364	


501	1	16	1
170	12	362	213	16	338	343	302	141	375	
8	9	10	2	5	1	
302	141	375	12	16	170	
3018	1313	1049	1177	1260	1788	


501	1	17	1
98	447	160	43	249	89	131	7	372	331	
6	7	8	9	-99	
89	131	7	372	432	
2868	1050	2100	1441	7481	


501	1	18	1
9	445	227	373	214	247	284	292	188	450	
6	9	10	5	
247	188	450	214	
4968	909	859	1836	


501	1	19	1
235	353	330	192	82	384	404	391	172	238	
6	7	8	10	9	
384	404	391	238	172	
2290	1037	2791	1441	7459	


501	1	20	1
323	71	46	396	145	169	165	341	108	416	
6	9	10	-109	
169	108	416	172	
2118	1482	2645	4555	


501	1	21	1
334	255	370	194	435	118	207	388	260	136	
9	10	6	7	8	
260	136	118	207	388	
2845	1075	1590	1580	1535	


501	1	22	1
229	354	218	429	263	383	332	275	308	254	
9	7	10	4	5	
308	332	254	429	263	
2045	1482	1368	3436	4532	


501	1	23	1
81	248	437	184	80	179	295	134	84	303	
6	9	10	5	7	4	
179	84	303	80	295	184	
3954	1268	1568	1800	1650	17769	


501	1	24	1
369	410	237	315	351	167	289	88	451	478	
9	10	7	3	-103	
451	478	289	237	437	
3418	1132	1709	4668	6236	


501	1	25	1
96	236	337	177	183	245	394	276	128	53	
3	5	8	9	10	1	4	
337	183	276	128	53	96	177	
4531	809	1123	1323	1441	4236	8387	


501	1	26	1
475	250	262	304	287	344	474	33	122	17	
1	8	10	-105	
475	33	17	183	
2910	875	912	2171	


501	1	27	1
139	102	378	288	147	395	67	253	178	195	
8	7	9	10	2	
253	67	178	195	102	
2045	814	998	1260	11238	


501	1	28	1
252	424	459	212	454	241	346	30	382	155	
5	1	9	10	1	
454	252	382	155	252	
2118	722	764	1627	3869	


501	1	29	1
38	306	10	402	307	381	216	355	117	296	
-99	7	10	3	
215	216	296	10	
2781	1350	1678	2665	


501	1	30	1
473	415	111	41	28	469	291	352	101	476	
8	6	10	9	4	
352	469	476	101	41	
2654	1527	1564	1573	2863	


501	1	31	1
261	324	419	186	157	239	432	274	13	148	
8	9	10	5	4	
274	13	148	157	186	
6872	1064	1445	2282	8205	


501	1	32	1
121	290	158	461	116	326	79	374	314	42	
5	8	7	9	10	
116	374	79	314	42	
2468	950	918	1282	2082	


501	1	33	1
224	193	182	406	52	22	298	266	198	328	
9	-99	8	2	6	-99	
198	328	266	193	22	328	
1172	1064	927	1750	1987	3095	


502	1	1	1
469	15	47	40	287	394	223	59	190	269	
9	10	1	3	8	
190	269	469	47	59	
2777	1659	1518	1777	1400	


502	1	2	1
167	385	220	60	89	435	44	55	67	128	
1	9	10	5	
167	67	128	89	
2422	1450	1114	11650	


502	1	3	1
346	361	31	218	185	50	178	57	297	290	
9	8	1	
297	57	346	
2290	2114	2259	


502	1	4	1
143	204	304	461	358	462	325	414	29	238	
10	9	3	4	6	
238	29	304	461	462	
868	818	1059	4145	15305	


502	1	5	1
120	336	356	112	87	39	345	306	329	20	
10	9	7	-103	
20	329	345	304	
700	881	9096	8018	


502	1	6	1
148	413	386	273	137	90	303	192	54	110	
10	9	4	1	
110	54	273	148	
609	641	2372	16814	


502	1	7	1
363	51	262	371	369	91	261	115	78	126	
10	9	8	
126	78	115	
650	586	1159	


502	1	8	1
157	153	244	278	195	202	418	103	27	147	
10	8	-103	3	
147	103	262	244	
468	2000	2686	1514	


502	1	9	1
314	129	179	480	106	181	230	123	228	138	
10	9	6	
138	228	181	
481	619	2048	


502	1	10	1
477	101	122	232	276	313	337	456	174	312	
10	4	3	-110	
312	232	122	138	
872	909	1123	23273	


502	1	11	1
7	1	118	226	172	82	404	23	154	452	
10	9	3	
452	154	118	
436	814	1777	


502	1	12	1
73	270	454	109	246	436	5	207	318	14	
10	8	9	-103	
14	207	318	118	
386	1041	982	5377	


502	1	13	1
191	142	316	208	291	408	17	6	397	124	
10	9	-303	5	-104	
124	397	122	291	109	
668	454	7778	2600	13036	


502	1	14	1
395	198	105	349	370	88	305	368	65	125	
10	9	3	
125	65	105	
13	777	1323	


502	1	15	1
66	470	102	268	250	216	43	168	420	359	
10	9	4	
359	420	268	
527	504	26682	


502	1	16	1
144	53	49	176	136	239	274	135	254	62	
10	9	3	7	10	4	
62	254	49	274	62	176	
1068	700	1091	618	13268	5441	


502	1	17	1
352	410	396	22	38	285	294	9	37	434	
10	9	6	4	
434	37	285	22	
581	632	3455	6532	


502	1	18	1
68	374	64	222	131	200	19	231	355	133	
10	9	8	7	
133	355	231	19	
445	586	946	2041	


502	1	19	1
210	354	8	281	12	448	387	18	34	45	
10	8	5	
45	18	12	
545	695	2069	


502	1	20	1
279	328	263	119	280	260	134	41	187	257	
10	8	1	5	4	
257	41	279	280	119	
772	573	1241	13245	12628	


502	1	21	1
406	58	74	319	344	184	152	298	233	364	
10	9	2	3	
364	233	58	74	
463	805	1804	6668	


502	1	22	1
141	247	249	343	467	339	307	161	224	52	
10	8	9	1	4	
52	161	224	141	343	
527	736	696	1786	1205	


502	1	23	1
107	97	215	245	236	164	381	30	407	2	
10	9	7	
2	407	381	
413	641	1218	


502	1	24	1
334	258	308	149	193	463	243	365	242	277	
10	8	5	6	
277	365	193	463	
577	650	1936	1927	


502	1	25	1
377	437	338	428	25	160	321	465	471	393	
10	9	7	3	6	
393	471	321	338	160	
81	655	941	3473	11268	


502	1	26	1
159	376	272	466	13	194	398	360	32	283	
10	9	2	3	6	
283	32	376	272	194	
281	732	1423	1495	2191	


502	1	27	1
259	117	427	255	378	94	214	335	275	26	
10	9	7	6	8	
26	275	214	94	335	
372	496	832	1554	1936	


502	1	28	1
292	310	323	402	271	237	457	169	340	403	
10	9	8	5	7	
403	340	169	271	457	
190	787	1150	1377	859	


502	1	29	1
16	189	111	177	235	219	36	425	21	100	
10	9	1	8	-105	
100	21	16	425	271	
231	2023	1259	1873	18204	


502	1	30	1
423	35	426	439	390	248	113	92	379	95	
10	9	
95	379	
268	550	


502	1	31	1
451	286	301	416	85	348	256	391	351	229	
10	1	3	8	6	
229	451	301	391	348	
286	1354	1032	2559	14169	


502	1	32	1
350	300	460	295	372	76	203	299	382	165	
10	9	4	-203	
165	382	295	426	
536	632	1232	11259	


502	1	33	1
155	173	183	69	227	186	83	182	309	151	
-99	9	2	1	7	
151	309	173	155	83	
400	1227	1782	1195	2664	


73	1	1	1
378	462	122	141	314	210	61	13	251	395	
10	4	-99	-99	-99	
395	141	62	0	0	
3845	1036	878	1463	7978	


73	1	2	1
264	352	147	54	471	287	42	327	75	203	
1	2	1	10	
264	352	264	203	
1627	1718	1264	1577	


73	1	3	1
188	409	351	91	215	374	361	257	268	177	
9	10	6	8	4	-99	
268	177	374	257	91	0	
1186	700	764	686	5682	18754	


73	1	4	1
450	273	195	427	272	216	428	187	225	392	
9	10	5	2	1	
225	392	272	273	450	
700	522	1218	682	759	


73	1	5	1
387	278	146	368	397	50	357	424	341	180	
8	-99	9	2	6	
424	0	341	278	50	
577	991	741	1172	18609	


73	1	6	1
211	19	232	386	260	373	151	419	183	111	
8	-99	9	10	1	2	-102	-101	
419	64	183	111	211	19	278	387	
754	746	818	704	1464	941	10654	8437	


73	1	7	1
108	470	455	69	288	105	71	107	148	120	
8	9	10	7	2	1	
107	148	120	71	470	108	
831	632	796	559	736	2400	


73	1	8	1
23	22	235	459	464	324	403	86	29	166	
8	9	10	2	7	1	
86	29	166	22	403	23	
663	677	655	773	4550	8982	


73	1	9	1
231	57	27	335	35	408	100	411	24	90	
8	-99	10	6	
411	301	90	408	
31	1159	687	2404	


73	1	10	1
67	70	432	254	435	129	165	66	99	104	
10	9	-210	6	3	
104	99	166	129	432	
1331	800	1282	1450	1437	


73	1	11	1
2	305	121	406	289	95	283	94	101	73	
7	8	9	10	3	
283	94	101	73	121	
3213	632	1223	691	8231	


73	1	12	1
418	465	46	20	319	417	190	389	40	53	
-99	10	6	7	
0	53	417	190	
836	464	2981	1382	


73	1	13	1
82	298	172	280	263	199	261	125	269	391	
8	9	10	4	
125	269	391	280	
863	518	600	1028	


73	1	14	1
116	207	413	321	469	423	275	456	163	157	
8	9	10	7	
456	163	157	275	
1009	741	859	1527	


73	1	15	1
258	143	31	434	315	208	356	422	240	440	
8	9	10	7	-303	
422	240	440	356	46	
477	495	468	2660	6109	


73	1	16	1
295	64	340	160	282	375	149	119	441	318	
9	-405	6	2	1	8	5	
441	319	375	64	295	119	282	
686	700	1814	1868	582	3954	12436	


73	1	17	1
233	51	343	431	127	162	460	372	249	334	
8	9	10	5	1	2	7	
372	249	334	127	233	51	460	
659	581	646	1109	527	614	2554	


73	1	18	1
400	153	457	133	300	52	253	97	202	193	
10	9	6	8	7	
193	202	52	97	253	
745	600	836	819	12981	


73	1	19	1
136	338	47	308	371	449	436	59	185	404	
2	9	10	8	7	7	6	
338	185	404	59	436	436	449	
850	727	432	891	2877	1909	4368	


73	1	20	1
56	377	230	480	179	88	159	237	14	285	
-503	8	9	10	5	
31	237	14	285	179	
740	591	532	677	9541	


73	1	21	1
345	311	220	221	244	85	222	154	303	355	
8	9	10	7	1	8	2	
154	303	355	222	345	154	311	
622	518	741	523	718	2305	11032	


73	1	22	1
250	4	467	322	382	336	150	281	228	68	
8	9	-99	6	7	7	1	10	
281	228	132	336	150	150	250	68	
250	581	573	459	1114	1691	6668	7023	


73	1	23	1
139	201	25	394	49	323	77	266	473	410	
8	9	10	3	
266	473	410	25	
1731	700	578	1191	


73	1	24	1
293	87	405	294	320	388	21	197	132	365	
9	10	7	8	
132	365	21	197	
445	518	1227	2978	


73	1	25	1
223	433	468	307	328	89	451	381	79	137	
7	8	10	6	
451	381	137	89	
1177	683	660	500	


73	1	26	1
76	194	112	74	189	452	131	81	58	224	
9	10	8	7	
58	224	81	131	
527	582	677	664	


73	1	27	1
412	72	358	271	443	9	304	124	155	292	
-1106	10	8	3	5	
375	292	124	358	443	
672	764	695	3837	5341	


73	1	28	1
407	348	103	297	41	360	463	206	429	301	
9	10	7	1	2	
429	301	463	407	348	
431	850	646	3163	1055	


73	1	29	1
218	44	134	219	383	239	1	32	110	442	
8	9	10	5	-1903	
32	110	442	383	432	
390	578	772	4287	8082	


73	1	30	1
28	80	472	152	350	78	430	313	477	337	
8	9	10	7	6	
313	477	337	430	78	
540	541	814	605	2531	


73	1	31	1
130	6	238	291	265	458	346	65	156	192	
9	10	8	5	2	
156	192	65	265	6	
645	614	841	2468	832	


73	1	32	1
370	448	364	60	161	262	113	15	209	7	
9	10	
209	7	
300	618	


73	1	33	1
367	369	204	326	447	241	399	353	34	145	
9	-99	8	3	-2005	
34	145	353	204	263	
622	709	550	2023	12923	


74	1	1	1
13	460	149	139	165	337	410	374	49	87	
10	9	8	7	1	3	8	
87	49	374	410	13	149	374	
5513	582	491	341	1668	600	17559	


74	1	2	1
78	83	288	290	246	68	432	20	459	157	
10	7	8	9	1	6	4	
157	432	20	459	78	68	290	
1086	554	1278	613	1996	5668	7491	


74	1	3	1
75	271	88	364	111	110	249	169	42	292	
8	9	-99	1	6	8	9	-99	1	6	-103	
169	42	0	75	110	169	42	0	75	110	288	
195	705	459	472	1146	6118	536	300	523	441	1927	


74	1	4	1
359	293	19	391	230	281	119	123	266	8	
4	5	6	9	8	10	5	
391	230	281	266	123	8	230	
259	531	487	450	563	587	6295	


74	1	5	1
206	240	3	6	86	126	190	16	303	37	
10	9	7	5	10	9	-401	
37	303	190	86	37	303	13	
345	882	1168	1559	2586	9837	8554	


74	1	6	1
425	306	463	166	189	348	121	262	12	48	
8	9	10	1	2	5	7	9	
262	12	48	425	306	189	121	12	
309	722	678	500	927	5500	709	8164	


74	1	7	1
279	447	58	350	404	105	210	207	173	301	
9	10	5	7	-108	6	5	
173	301	404	210	262	105	404	
409	1004	573	1427	6559	4850	3432	


74	1	8	1
208	378	64	182	132	325	474	201	466	370	
9	8	10	1	6	4	-601	
466	201	370	208	325	182	78	
390	682	1409	723	5950	2805	4559	


74	1	9	1
250	55	294	232	90	41	298	415	444	76	
9	10	7	3	4	1	6	10	
444	76	298	294	232	250	41	76	
631	719	822	650	732	873	1304	22814	


74	1	10	1
115	440	263	345	441	128	305	114	193	289	
7	8	9	10	4	1	6	
305	114	193	289	345	115	128	
268	659	604	641	1309	12519	3895	


74	1	11	1
324	106	62	458	296	199	97	26	214	160	
1	5	7	9	10	8	5	-301	
324	296	97	214	160	26	296	208	
1840	891	705	2141	1327	1082	5445	9600	


74	1	12	1
104	468	343	174	239	256	198	220	276	91	
7	8	9	10	3	1	2	5	
198	220	276	91	343	104	468	239	
250	568	572	560	654	2655	4377	7559	


74	1	13	1
467	358	148	342	59	284	472	202	73	400	
10	9	7	8	3	7	4	9	7	8	
400	73	472	202	148	472	342	73	472	202	
1654	755	595	796	1613	1514	2913	8000	10169	450	


74	1	14	1
151	453	411	140	372	154	408	353	315	402	
8	9	10	4	6	5	8	4	
353	315	402	140	154	372	353	140	
268	786	646	1145	705	1522	4968	5673	


74	1	15	1
143	164	30	307	179	435	116	231	195	221	
8	9	10	2	6	7	3	10	
231	195	221	164	435	116	30	221	
359	918	754	1937	745	2127	714	15796	


74	1	16	1
194	371	70	134	9	29	63	396	5	39	
8	9	10	7	6	-101	5	
396	5	39	63	29	143	9	
227	1013	873	750	9796	3313	9914	


74	1	17	1
255	233	211	259	395	328	184	228	406	323	
10	8	9	6	7	5	9	
323	228	406	328	184	395	406	
231	487	404	1278	536	4123	13368	


74	1	18	1
21	108	31	299	434	46	209	423	316	28	
8	9	10	1	5	4	10	6	1	
423	316	28	21	434	299	28	46	21	
100	677	754	878	1391	550	6231	578	14541	


74	1	19	1
383	405	319	197	133	357	120	69	27	373	
7	8	9	10	-507	7	
120	69	27	373	408	120	
300	813	864	1341	2450	16482	


74	1	20	1
124	71	227	277	431	215	102	267	1	461	
9	10	1	4	3	1	
1	461	124	277	227	124	
386	954	1028	1509	4045	14323	


74	1	21	1
67	351	291	192	241	244	109	278	175	17	
7	8	10	
109	278	17	
9	491	2313	


74	1	22	1
113	420	150	399	50	457	355	34	320	283	
8	9	10	5	2	2	
34	320	283	50	420	420	
490	864	1014	1236	959	22400	


74	1	23	1
424	60	56	252	152	180	367	2	57	205	
9	10	6	1	2	7	
57	205	180	424	60	367	
509	1045	864	1054	1137	1109	


74	1	24	1
247	347	310	172	413	340	45	329	379	156	
8	9	10	1	4	8	9	
329	379	156	247	172	329	379	
436	718	1277	1137	11722	6264	491	


74	1	25	1
392	386	265	101	437	251	196	407	409	18	
8	9	10	1	7	5	
407	409	18	392	196	437	
118	709	1054	687	1072	11619	


74	1	26	1
465	117	439	272	377	380	442	167	314	142	
9	10	4	8	1	10	8	9	4	
314	142	272	167	465	142	167	314	272	
2568	868	1109	1445	7787	4441	2650	563	519	


74	1	27	1
162	178	398	436	475	268	478	363	433	464	
6	8	9	10	6	5	
268	363	433	464	268	475	
595	809	846	1486	4145	1882	


74	1	28	1
66	155	96	286	454	213	422	321	326	118	
2	10	9	8	4	1	
155	118	326	321	286	66	
45	577	764	727	950	859	


74	1	29	1
245	346	170	275	393	33	94	176	280	462	
7	8	9	10	-102	-401	
94	176	280	462	155	392	
636	845	1755	1404	11900	5446	


74	1	30	1
318	450	168	122	394	362	322	344	451	414	
5	8	10	3	7	2	
394	344	414	168	322	450	
2513	1305	377	7027	8955	7913	


74	1	31	1
430	181	10	452	352	40	332	129	375	418	
8	9	10	7	3	1	8	
129	375	418	332	10	430	129	
477	845	959	969	800	2072	7505	


74	1	32	1
295	376	360	225	427	14	282	384	84	146	
10	9	7	6	8	-104	1	
146	84	282	14	384	452	295	
336	723	750	736	1086	11541	4396	


74	1	33	1
7	77	52	238	200	127	254	35	382	163	
-99	9	8	5	3	1	7	8	-1502	
163	382	35	200	52	7	254	35	108	
522	468	773	723	1152	1148	2193	4577	12727	


76	1	1	1
5	99	42	392	333	373	94	289	268	107	
4	-99	10	1	-99	1	
392	348	107	5	348	5	
4731	2619	1904	3668	15141	727	


76	1	2	1
310	90	308	376	445	157	338	92	2	17	
10	7	9	-101	2	
17	338	2	5	90	
1072	1332	650	14846	10454	


76	1	3	1
46	194	254	246	125	428	450	437	312	342	
1	2	7	10	-99	
46	194	450	342	348	
2086	745	759	1037	12523	


76	1	4	1
291	351	48	21	397	266	418	15	47	221	
7	8	9	10	1	-99	-108	-99	
418	15	47	221	291	0	437	215	
1640	1305	873	786	2377	3559	3855	11009	


76	1	5	1
474	374	161	446	269	383	171	183	284	182	
10	8	9	4	-202	5	
182	183	284	446	194	269	
954	1000	986	1746	19091	1900	


76	1	6	1
219	302	285	184	117	449	164	447	137	133	
-104	9	10	7	-110	
446	137	133	164	182	
1227	682	559	1472	18396	


76	1	7	1
234	467	283	357	468	197	93	441	277	55	
10	9	2	8	6	
55	277	467	441	197	
1100	1400	1200	1000	12350	


76	1	8	1
173	433	165	206	453	142	311	413	196	443	
5	9	10	-101	1	
453	196	443	234	173	
1886	964	759	4695	13500	


76	1	9	1
121	274	136	228	220	426	106	87	4	389	
2	3	1	10	-602	-105	-102	-303	3	2	3	
274	136	121	389	194	453	433	285	136	274	136	
890	928	609	1845	5368	5464	2632	2727	4214	1841	400	


76	1	10	1
215	247	260	211	458	118	216	370	404	273	
5	-104	6	-99	8	7	-205	
458	228	118	91	370	216	453	
1131	1055	2068	11236	519	8968	3813	


76	1	11	1
477	57	411	349	451	257	204	423	149	114	
10	9	8	7	
114	149	423	204	
1359	868	827	2168	


76	1	12	1
120	324	64	239	138	124	261	131	236	210	
7	9	10	-109	
261	236	210	149	
945	695	928	25863	


76	1	13	1
39	409	452	170	156	205	30	465	43	424	
1	4	-602	2	7	4	
39	170	467	409	30	170	
1150	1318	1822	773	16046	1518	


76	1	14	1
407	272	421	209	175	174	466	320	442	405	
5	3	2	9	5	3	2	-104	
175	421	272	442	175	421	272	170	
3177	445	1050	791	20300	259	550	559	


76	1	15	1
192	416	193	104	438	155	460	323	334	265	
10	6	3	4	
265	155	193	104	
986	777	759	1023	


76	1	16	1
440	414	478	372	429	127	359	212	364	12	
6	7	9	8	10	
127	359	364	212	12	
1268	582	595	827	709	


76	1	17	1
52	36	328	375	44	190	417	179	176	23	
1	5	-110	-109	6	4	1	-108	-106	
52	44	12	364	190	375	52	212	127	
1413	3814	995	3964	509	4291	4795	2900	4769	


76	1	18	1
315	146	327	303	434	111	3	341	391	415	
10	7	8	1	7	
415	3	341	315	3	
636	1536	1005	804	19396	


76	1	19	1
112	306	85	231	83	475	97	318	286	54	
9	10	8	6	
286	54	318	475	
518	550	1072	2119	


76	1	20	1
31	126	24	248	75	225	28	280	158	45	
2	9	10	7	8	-909	-109	
126	158	45	28	280	149	286	
1354	741	641	3604	660	4704	6696	


76	1	21	1
71	455	98	245	304	264	240	238	237	319	
-208	10	7	4	-99	-99	5	
318	319	240	245	32	348	304	
872	1005	941	1527	10491	6936	4423	


76	1	22	1
436	469	115	38	188	476	66	288	213	169	
9	10	2	-99	-99	4	-1109	
213	169	469	73	103	38	149	
1077	600	1027	1650	7550	2786	6010	


76	1	23	1
162	222	144	301	7	290	145	91	296	275	
9	10	1	6	1	-501	
296	275	162	290	162	315	
863	600	718	9305	882	13018	


76	1	24	1
8	279	368	387	34	159	329	229	281	398	
10	9	7	
398	281	329	
518	1045	1041	


76	1	25	1
80	68	253	459	41	226	53	250	56	276	
10	9	5	4	-2110	-2110	4	
276	56	41	459	221	221	459	
1681	987	2222	1487	13413	3828	436	


76	1	26	1
202	19	141	255	448	299	18	89	72	292	
3	10	9	7	2	10	
141	292	72	18	19	292	
668	1386	736	3718	949	3183	


76	1	27	1
218	113	16	365	198	385	325	259	74	11	
5	4	10	9	10	
198	365	11	74	11	
1354	850	1286	1687	6150	


76	1	28	1
367	463	295	336	214	454	252	143	377	462	
6	3	10	5	
454	295	462	214	
1213	873	782	718	


76	1	29	1
298	326	13	20	172	62	456	317	300	189	
10	8	9	5	10	
189	317	300	172	189	
709	636	791	1509	1682	


76	1	30	1
381	396	10	380	430	139	352	224	366	345	
1	8	9	10	6	3	4	1	4	-1408	3	
381	224	366	345	139	10	380	381	380	212	10	
900	900	945	1745	1891	750	8019	4309	756	1155	1768	


76	1	31	1
473	185	77	6	355	235	227	369	399	96	
4	-1204	9	10	1	1	
6	231	399	96	473	473	
1122	1341	491	1014	6282	17563	


76	1	32	1
14	195	65	330	191	177	354	297	431	337	
8	7	9	10	
297	354	431	337	
895	827	564	1709	


76	1	33	1
346	232	408	130	271	59	123	151	278	26	
8	9	-99	-1404	7	6	
151	278	26	231	123	59	
1127	727	1005	2041	813	4282	


77	1	1	1
146	80	259	316	23	400	22	425	134	68	
10	7	2	
68	22	80	
6050	1727	13104	


77	1	2	1
130	169	185	15	103	469	115	33	105	241	
10	9	6	2	1	
241	105	469	169	130	
1963	1346	3413	3809	3905	


77	1	3	1
333	275	36	63	28	358	347	308	128	442	
10	-99	6	1	3	
442	0	358	333	36	
1913	1346	8754	4423	2391	


77	1	4	1
145	321	206	76	302	85	35	84	381	69	
-99	9	10	7	6	4	-101	
100	381	69	35	85	76	333	
1918	1259	1259	2927	8391	4168	5646	


77	1	5	1
455	212	239	228	88	452	285	160	280	27	
10	2	2	
27	212	212	
3236	9350	12745	


77	1	6	1
120	26	61	122	305	311	37	173	312	183	
10	7	9	4	
183	37	312	122	
1650	1336	1409	1568	


77	1	7	1
142	287	178	417	411	436	149	104	70	87	
10	10	6	8	
87	87	436	104	
2127	3877	1477	3014	


77	1	8	1
79	147	269	181	336	474	402	113	317	332	
10	9	1	8	
332	317	79	113	
2918	1250	1391	4831	


77	1	9	1
139	182	56	323	175	192	50	310	431	429	
-107	9	2	
402	431	182	
1463	1041	2127	


77	1	10	1
99	55	466	54	74	326	218	291	60	360	
10	9	8	-610	
360	60	291	69	
586	832	918	26673	


77	1	11	1
249	235	96	309	77	42	270	17	67	207	
10	9	-99	3	
207	67	0	96	
5504	1518	1628	7745	


77	1	12	1
222	211	295	219	152	109	296	467	14	362	
10	9	-1007	7	
362	14	115	296	
654	1011	3891	4574	


77	1	13	1
188	174	202	151	179	306	324	203	111	292	
10	8	4	6	10	-107	
292	203	151	306	292	296	
696	1304	1472	4742	3727	16786	


77	1	14	1
157	359	73	138	112	19	300	271	298	100	
9	10	7	1	
298	100	300	157	
1209	918	950	8341	


77	1	15	1
340	421	322	30	44	215	451	279	187	53	
10	7	5	
53	451	44	
1104	1596	22122	


77	1	16	1
119	83	389	143	102	114	376	472	90	363	
1	2	9	-1502	8	
119	83	90	80	472	
800	863	2350	2123	2036	


77	1	17	1
437	6	470	247	380	233	314	394	129	334	
4	9	10	-108	
247	129	334	472	
1445	1072	1303	1207	


77	1	18	1
29	293	458	307	318	361	254	398	277	101	
-99	8	7	3	2	
94	398	254	458	293	
1395	568	982	6682	6495	


77	1	19	1
8	439	480	110	168	253	331	166	221	479	
8	9	10	-99	2	
166	221	479	3	439	
1836	614	813	1505	1577	


77	1	20	1
424	246	459	345	263	397	290	315	374	299	
1	10	8	-99	
424	299	315	473	
2390	1519	1259	2322	


77	1	21	1
352	127	164	282	427	65	4	368	66	343	
3	-108	8	7	
164	315	368	4	
2068	3254	4687	18722	


77	1	22	1
339	231	337	353	375	434	244	158	132	464	
4	9	10	-99	10	
353	132	464	0	464	
1577	1313	1260	1400	13163	


77	1	23	1
165	468	150	7	412	59	264	209	177	224	
8	9	10	1	
209	177	224	165	
1800	640	719	5754	


77	1	24	1
453	342	5	210	133	82	262	319	463	266	
-1609	9	10	2	
317	463	266	342	
3922	3182	1309	5559	


77	1	25	1
193	97	93	121	267	135	131	155	197	387	
8	-99	4	1	
155	0	121	193	
2322	1596	1709	17887	


77	1	26	1
281	255	276	390	154	46	320	385	272	226	
9	10	5	
272	226	154	
754	818	1400	


77	1	27	1
349	225	410	313	12	448	329	223	62	95	
9	10	-109	
62	95	272	
840	728	1009	


77	1	28	1
377	330	10	126	196	327	369	167	248	81	
10	6	
81	327	
8827	1196	


77	1	29	1
365	57	195	364	371	475	38	72	156	198	
8	10	7	
72	198	38	
1336	1068	1018	


77	1	30	1
245	367	404	301	388	403	184	64	471	406	
9	10	1	
471	406	245	
659	813	2237	


77	1	31	1
373	40	405	303	297	465	454	423	384	240	
7	8	9	
454	423	384	
945	759	1250	


77	1	32	1
18	478	438	214	461	141	24	190	2	98	
9	10	5	-99	
2	98	461	0	
4022	1268	1332	12128	


77	1	33	1
432	171	16	414	449	39	447	268	108	444	
9	-99	1	
108	444	432	
695	814	891	


78	1	1	1
240	278	253	32	355	304	130	376	342	51	
10	9	1	
51	342	240	
818	1263	1991	


78	1	2	1
79	150	434	111	252	107	369	67	83	58	
10	8	3	
58	67	434	
386	886	1223	


78	1	3	1
309	167	71	277	360	363	157	163	136	232	
10	9	8	2	-99	
232	136	163	167	172	
218	754	809	5323	4482	


78	1	4	1
450	288	307	88	164	50	143	287	457	356	
9	10	1	2	
457	356	450	288	
227	632	754	2782	


78	1	5	1
362	442	62	359	91	121	337	255	33	412	
10	8	7	6	
412	255	337	121	
281	899	770	2030	


78	1	6	1
116	135	213	311	210	74	461	364	57	431	
10	9	1	3	
431	57	116	213	
800	1163	959	4259	


78	1	7	1
112	302	424	291	141	176	66	283	99	474	
10	9	8	3	9	
474	99	283	424	99	
9	491	772	1896	10386	


78	1	8	1
159	211	199	444	95	371	23	77	42	3	
-606	10	-109	1	10	
107	3	99	159	3	
27	223	1340	2773	7727	


78	1	9	1
237	308	214	463	119	400	178	104	195	5	
10	9	8	3	
5	195	104	214	
31	550	582	682	


78	1	10	1
172	98	387	365	430	344	460	393	209	326	
5	9	10	7	
430	209	326	460	
31	769	1331	3669	


78	1	11	1
391	193	428	229	298	147	203	76	205	128	
10	9	2	3	
128	205	193	428	
9	491	1381	1837	


78	1	12	1
168	63	166	144	241	155	353	246	183	12	
10	9	7	4	6	
12	183	353	144	155	
50	654	1378	3555	4933	


78	1	13	1
275	197	478	126	248	265	341	390	202	20	
9	-99	8	4	
202	0	390	126	
13	577	491	1223	


78	1	14	1
361	187	85	404	316	479	423	64	317	281	
10	9	-99	
281	317	113	
4	568	1305	


78	1	15	1
244	384	134	191	218	115	35	231	78	219	
-99	9	8	4	
7	78	231	191	
435	-135	1136	3009	


78	1	16	1
453	97	440	455	38	242	1	8	290	454	
10	9	-810	1	
454	290	3	453	
9	418	1050	2377	


78	1	17	1
401	185	102	321	405	13	140	69	18	177	
10	1	-107	
177	401	1	
13	277	12964	


78	1	18	1
45	19	306	284	414	469	305	238	396	142	
10	9	6	
142	396	469	
86	432	768	


78	1	19	1
398	368	9	420	215	451	186	358	380	329	
-99	6	10	
44	451	329	
13	327	550	


78	1	20	1
82	448	129	416	409	378	397	261	245	370	
8	-99	10	1	6	
261	0	370	82	378	
36	368	1341	1436	1782	


78	1	21	1
34	17	256	410	385	436	315	438	122	200	
-99	9	7	-99	
6	122	315	0	
199	164	1505	2141	


78	1	22	1
221	296	247	194	295	333	475	239	216	374	
9	10	1	
216	374	221	
531	559	1110	


78	1	23	1
49	357	93	16	470	301	286	61	324	10	
10	8	9	1	-105	
10	61	324	49	295	
113	568	1478	1936	16659	


78	1	24	1
41	417	89	254	320	217	14	48	27	189	
-99	8	6	9	
6	48	217	27	
188	552	760	936	


78	1	25	1
466	418	446	230	372	323	437	109	262	103	
10	9	8	7	8	1	
103	262	109	437	109	466	
9	418	732	3191	12672	5268	


78	1	26	1
445	345	90	96	60	472	352	37	22	432	
6	10	9	
472	432	22	
9	891	850	


78	1	27	1
233	269	133	179	394	377	408	402	435	87	
10	8	9	4	8	
87	402	435	179	402	
168	500	959	5868	19841	


78	1	28	1
433	392	373	86	260	250	118	25	415	452	
10	9	7	-99	
452	415	118	0	
9	413	978	2813	


78	1	29	1
300	156	220	2	447	293	458	354	294	124	
9	-99	-99	
294	0	0	
536	8409	4632	


78	1	30	1
335	110	299	468	406	72	313	388	429	106	
10	9	4	
106	429	468	
2604	1586	2463	


78	1	31	1
196	52	6	11	312	113	145	4	267	322	
10	8	9	6	8	
322	4	267	113	4	
9	809	618	1532	20132	


78	1	32	1
174	266	314	162	276	379	422	123	249	264	
-2106	6	7	-99	
147	379	422	151	
4	441	2155	4509	


78	1	33	1
399	137	204	282	24	279	338	188	395	208	
-99	8	9	1	
208	188	395	399	
9	800	477	745	


79	1	1	1
78	88	250	93	187	47	476	478	11	185	
10	8	7	9	6	
185	478	476	11	47	
6590	564	509	514	582	


79	1	2	1
71	201	70	59	318	14	126	456	417	176	
10	9	8	-99	
176	417	456	0	
731	682	409	732	


79	1	3	1
200	33	8	410	165	149	48	52	316	131	
4	9	10	6	
410	316	131	149	
450	1318	882	886	


79	1	4	1
28	155	178	169	261	237	58	82	4	7	
9	10	8	5	
4	7	82	261	
1395	523	600	522	


79	1	5	1
105	86	425	41	339	387	139	152	391	77	
10	9	4	-99	4	
77	391	41	140	41	
500	531	819	5018	14945	


79	1	6	1
181	189	407	226	96	91	137	215	300	81	
2	3	10	-104	
189	407	81	41	
1963	2287	2140	12174	


79	1	7	1
466	44	235	306	183	150	265	167	313	146	
8	9	7	10	
167	313	265	146	
2036	1223	559	945	


79	1	8	1
34	27	309	79	471	136	311	286	338	381	
1	3	2	10	8	
34	309	27	381	286	
1495	1632	695	723	991	


79	1	9	1
428	43	57	278	442	357	84	108	175	454	
8	7	10	-99	9	-99	
108	84	454	0	175	0	
2590	641	609	1123	1632	7168	


79	1	10	1
22	89	143	144	299	203	438	164	206	399	
1	-99	9	8	10	
22	0	206	164	399	
172	905	777	641	773	


79	1	11	1
446	469	336	384	188	186	329	400	304	275	
1	3	8	-99	
446	336	400	287	
940	787	645	4914	


79	1	12	1
340	154	284	148	457	472	25	64	184	122	
5	6	10	9	8	
457	472	122	184	64	
1809	563	1228	1472	1509	


79	1	13	1
21	223	443	125	322	133	414	205	465	240	
1	4	2	7	9	
21	125	223	414	465	
2240	1605	1855	2845	3059	


79	1	14	1
429	12	267	321	280	315	271	241	475	342	
2	7	1	10	
12	271	429	342	
3668	1100	1272	1273	


79	1	15	1
295	277	130	341	433	103	437	320	361	168	
1	3	8	7	
295	130	320	437	
1877	918	1327	1073	


79	1	16	1
362	348	301	197	171	269	163	303	162	382	
10	6	-101	-99	
382	269	295	0	
4118	1022	900	714	


79	1	17	1
406	473	90	232	115	191	260	375	219	430	
1	7	5	8	9	
406	260	115	375	219	
2381	1055	734	737	785	


79	1	18	1
247	307	151	479	335	40	420	252	412	124	
1	-99	8	4	10	
247	0	252	479	124	
945	4682	2641	2091	1677	


79	1	19	1
95	294	145	239	83	434	359	35	256	225	
-1306	10	4	
91	225	239	
1363	2987	11868	


79	1	20	1
182	74	193	323	172	233	276	402	138	212	
8	9	6	
402	138	233	
2895	1945	1414	


79	1	21	1
262	452	19	218	120	367	285	390	238	114	
7	-301	8	
285	247	390	
2818	636	1691	


79	1	22	1
372	102	334	32	132	153	324	445	424	296	
8	9	10	7	9	
445	424	296	324	424	
1609	1796	1663	1412	14113	


79	1	23	1
195	121	308	347	29	10	461	63	358	398	
6	8	7	10	
10	63	461	398	
3395	2255	1168	2036	


79	1	24	1
291	463	416	85	460	192	214	467	408	388	
8	10	9	7	-804	
467	388	408	214	197	
3154	2164	2122	1660	12436	


79	1	25	1
156	353	119	109	283	409	326	106	92	46	
-1501	-99	6	9	
22	0	409	92	
2159	3809	2454	2341	


79	1	26	1
270	319	464	80	374	251	224	292	405	344	
6	7	8	10	9	
251	224	292	344	405	
259	1021	1092	1056	945	


79	1	27	1
368	216	328	403	116	230	166	54	249	383	
5	7	6	9	10	
116	166	230	249	383	
354	1041	950	859	914	


79	1	28	1
246	287	298	422	377	179	134	354	76	117	
6	7	9	-99	
179	134	76	0	
3477	1295	1450	7382	


79	1	29	1
305	258	69	204	242	42	202	288	351	45	
5	9	6	4	-106	
242	351	42	204	179	
377	2500	1454	1337	1968	


79	1	30	1
436	346	392	453	365	325	9	194	264	427	
5	7	10	-99	
365	9	427	0	
563	1577	3037	1673	


79	1	31	1
37	333	462	207	97	282	411	49	419	13	
6	8	7	10	8	
282	49	411	13	49	
354	742	352	1742	692	


79	1	32	1
213	220	55	18	273	444	343	173	228	67	
5	9	8	7	10	
273	228	173	343	67	
2727	2336	1632	1432	1341	


79	1	33	1
243	62	394	259	455	73	98	266	363	123	
1	2	-99	9	
243	62	123	363	
4104	873	1454	4382	


81	1	1	1
433	437	340	41	251	266	163	456	126	133	
10	9	6	
133	126	266	
1118	482	1036	


81	1	2	1
115	156	59	118	175	141	402	195	23	412	
4	7	8	9	8	
118	402	195	23	195	
327	1627	1923	1573	14831	


81	1	3	1
294	450	97	360	218	66	132	259	253	161	
9	10	7	8	1	
253	161	132	259	294	
122	1578	1427	1386	1673	


81	1	4	1
221	383	167	301	295	243	162	436	119	224	
10	5	9	8	-101	
224	295	119	436	294	
677	1563	1378	1300	1977	


81	1	5	1
104	21	173	272	323	120	37	404	254	88	
10	8	9	1	
88	404	254	104	
409	900	1109	1200	


81	1	6	1
9	299	101	242	232	82	33	401	428	310	
10	9	5	3	6	
310	428	232	101	82	
486	1154	1432	10859	3405	


81	1	7	1
293	389	212	290	208	125	279	331	160	270	
10	6	8	7	10	-103	
270	125	331	279	270	101	
22	1314	1277	1146	2031	4305	


81	1	8	1
20	472	246	439	358	151	145	280	140	344	
10	3	9	-203	3	
344	246	140	101	246	
140	1250	1782	9241	15937	


81	1	9	1
348	154	150	325	231	387	362	90	92	184	
10	2	9	
184	154	92	
268	1018	1277	


81	1	10	1
329	281	121	185	284	425	24	467	69	209	
-99	9	1	-403	
308	69	329	101	
9	391	590	10114	


81	1	11	1
171	76	198	236	321	32	54	30	398	111	
10	9	8	-99	
111	398	30	0	
240	696	1973	818	


81	1	12	1
223	257	268	227	365	4	105	244	11	263	
10	8	9	4	-99	
263	244	11	227	0	
13	1041	1382	1127	6041	


81	1	13	1
165	375	448	152	58	191	459	444	347	322	
10	7	9	-207	
322	459	347	54	
95	1005	1436	1282	


81	1	14	1
317	307	202	376	414	103	157	460	188	200	
10	9	8	-99	-107	
200	188	460	304	459	
9	354	437	1259	8281	


81	1	15	1
265	127	237	462	287	275	468	159	153	277	
10	9	1	10	-310	
277	153	265	277	263	
13	891	2655	16518	704	


81	1	16	1
219	353	211	65	77	183	89	371	96	170	
10	1	9	8	
170	219	96	371	
9	1000	913	1346	


81	1	17	1
57	313	475	334	3	14	139	1	84	255	
10	9	5	
255	84	3	
9	813	2118	


81	1	18	1
372	31	258	248	415	273	2	380	260	130	
10	9	8	7	1	
130	260	380	2	372	
163	723	791	877	1082	


81	1	19	1
461	67	324	164	225	335	430	147	351	214	
10	9	3	7	1	-310	
214	351	324	430	461	170	
22	564	745	8764	2491	2114	


81	1	20	1
319	394	333	197	247	26	181	196	445	403	
10	9	8	
403	445	196	
18	1104	1191	


81	1	21	1
416	291	417	229	384	99	252	228	346	373	
10	9	1	
373	346	416	
122	1118	1060	


81	1	22	1
326	46	199	204	56	289	328	34	330	128	
10	5	9	1	-99	7	
128	56	330	326	44	328	
731	1105	1200	2086	8673	12891	


81	1	23	1
432	63	122	85	79	39	40	285	377	70	
-99	9	1	-209	
476	377	432	346	
9	622	1355	11677	


81	1	24	1
269	158	149	213	453	466	393	424	303	332	
10	9	5	
332	303	453	
9	1059	1286	


81	1	25	1
471	364	278	5	327	6	168	479	449	201	
7	-105	10	
168	453	201	
545	2359	1977	


81	1	26	1
357	226	312	230	343	399	455	189	179	363	
-106	8	-99	-103	
6	189	352	278	
362	619	5273	8091	


81	1	27	1
369	203	45	390	470	408	48	78	256	102	
10	9	5	7	6	
102	256	470	48	408	
127	1150	1545	1305	900	


81	1	28	1
55	350	354	180	49	400	44	22	17	68	
10	9	8	7	1	
68	17	22	44	55	
18	1041	1377	1250	1786	


81	1	29	1
144	93	397	314	262	337	395	382	308	12	
10	9	2	7	-101	
12	308	93	395	55	
95	1009	1068	1309	6482	


81	1	30	1
396	447	480	64	36	134	413	60	318	16	
10	-1001	9	-99	
16	319	318	107	
9	1154	1373	3050	


81	1	31	1
138	476	51	434	129	477	75	370	264	29	
10	7	9	2	5	
29	75	264	476	129	
236	1000	1436	2641	7364	


81	1	32	1
338	267	261	83	117	28	423	386	274	442	
10	9	8	1	
442	274	386	338	
18	972	1032	1159	


81	1	33	1
311	409	421	391	35	276	457	454	98	451	
-99	7	9	
451	457	98	
50	877	1091	


82	1	1	1
11	123	179	66	478	58	281	7	102	121	
1	-99	9	2	
11	0	102	123	
395	1036	1450	3564	


82	1	2	1
325	277	136	144	446	55	307	64	44	40	
10	9	8	1	2	4	5	2	4	
40	44	64	325	277	144	446	277	144	
286	545	591	1246	577	741	1568	19918	373	


82	1	3	1
233	81	331	444	70	171	434	177	163	366	
9	10	8	1	2	3	
163	366	177	233	81	331	
227	427	800	1518	728	16895	


82	1	4	1
324	190	360	94	350	106	117	132	246	471	
8	10	-99	1	2	
132	471	0	324	190	
777	654	764	1209	13436	


82	1	5	1
327	316	358	53	37	145	260	101	393	99	
-99	9	3	1	
8	393	358	327	
98	361	1495	1809	


82	1	6	1
10	185	345	248	125	412	357	184	183	147	
10	9	8	3	4	1	5	9	
147	183	184	345	248	10	125	183	
31	478	995	1314	995	1341	1141	7241	


82	1	7	1
242	378	399	388	437	164	244	426	21	362	
8	9	7	6	1	9	5	
426	21	244	164	242	21	437	
222	505	463	1496	1268	1859	6496	


82	1	8	1
218	216	128	208	195	458	273	400	312	200	
10	1	2	8	9	7	8	3	
200	218	216	400	312	273	400	128	
13	614	586	937	940	1878	4572	6923	


82	1	9	1
134	45	361	167	268	224	279	146	386	150	
-99	-99	7	8	1	7	4	
421	0	279	146	134	279	167	
31	669	704	846	959	6291	18018	


82	1	10	1
265	120	14	59	110	214	346	178	159	126	
10	9	8	6	10	
126	159	178	214	126	
9	481	387	600	23509	


82	1	11	1
396	475	68	258	141	22	212	13	254	414	
1	8	10	7	6	2	-304	
396	13	414	212	22	475	208	
9	1272	709	1100	723	2600	22514	


82	1	12	1
237	198	263	469	93	9	39	461	148	251	
-99	8	7	4	
8	461	39	469	
248	247	2623	1522	


82	1	13	1
340	165	154	8	368	112	429	71	352	12	
9	7	3	5	7	4	3	
352	429	154	368	429	8	154	
145	427	555	1759	16318	5214	3477	


82	1	14	1
166	56	228	285	131	385	47	49	211	24	
7	8	9	1	3	3	4	7	1	3	
47	49	211	166	228	228	285	47	166	228	
718	1200	891	954	1396	4518	2859	6209	7182	2882	


82	1	15	1
267	319	294	76	32	445	264	300	449	402	
10	9	2	8	1	5	-204	
402	449	319	300	267	32	8	
9	331	1046	764	1195	2736	13491	


82	1	16	1
422	223	398	236	465	62	397	188	252	274	
-406	9	6	8	2	7	
9	252	62	188	223	397	
273	63	698	892	1898	1114	


82	1	17	1
420	213	409	403	256	170	61	118	419	157	
-99	9	8	7	
432	419	118	61	
4	486	464	646	


82	1	18	1
407	410	86	343	463	79	381	320	344	389	
9	8	3	1	-1104	2	3	4	
344	320	86	407	388	410	86	343	
340	550	837	709	1818	2900	4527	3919	


82	1	19	1
365	425	60	480	51	371	245	143	430	476	
-604	9	4	6	
8	430	480	371	
475	-98	668	782	


82	1	20	1
90	241	282	187	280	109	456	428	269	96	
10	9	8	3	7	6	
96	269	428	282	456	109	
136	714	509	1227	1923	8418	


82	1	21	1
401	130	65	405	323	460	16	257	299	73	
10	9	7	5	1	9	7	
73	299	16	323	401	299	16	
418	586	586	555	541	8559	15123	


82	1	22	1
392	247	275	448	135	330	442	317	302	189	
10	9	8	1	2	-102	-408	
189	302	317	392	247	130	320	
13	409	446	1763	1355	8632	9413	


82	1	23	1
296	338	477	433	42	303	140	359	468	415	
10	8	9	1	2	4	8	4	
415	359	468	296	338	433	359	433	
13	909	587	1045	750	1659	10527	8337	


82	1	24	1
290	156	181	383	82	295	363	266	432	417	
-2209	9	6	
44	432	295	
18	287	3215	


82	1	25	1
457	421	255	272	67	309	25	453	161	226	
10	9	4	8	1	2	8	
226	161	272	453	457	421	453	
13	464	700	586	705	686	9664	


82	1	26	1
253	314	464	342	137	50	158	197	395	356	
10	9	1	2	-506	1	
356	395	253	314	460	253	
9	368	1004	891	696	6291	


82	1	27	1
203	238	418	337	472	376	230	364	5	375	
9	7	3	4	2	7	
5	230	418	337	238	230	
345	495	700	1555	1773	8791	


82	1	28	1
129	72	92	103	78	262	46	424	283	204	
10	9	7	3	-99	6	3	
204	283	46	92	0	262	92	
18	422	932	946	1718	6000	15023	


82	1	29	1
191	108	306	54	423	354	202	440	438	89	
-99	
490	
45000	


82	1	30	1
17	441	138	180	459	85	380	369	462	119	
10	9	8	1	10	9	1	6	
119	462	369	17	119	462	17	85	
9	336	459	896	8054	464	354	1787	


82	1	31	1
384	87	447	332	406	377	215	353	116	27	
10	8	9	7	1	1	8	9	
27	353	116	215	384	384	353	116	
9	422	541	1328	1200	11040	5341	796	


82	1	32	1
322	291	83	284	293	182	374	379	142	217	
10	9	5	1	2	9	
217	142	293	322	291	142	
9	477	1682	1359	636	21282	


82	1	33	1
199	168	297	4	151	176	413	124	69	6	
-2701	9	8	7	
10	69	124	413	
121	183	473	659	


83	1	1	1
438	380	320	332	369	339	39	56	146	162	
-99	6	1	9	
0	339	438	146	
17359	1318	1141	2295	


83	1	2	1
425	31	293	343	121	25	68	360	218	311	
8	9	10	-99	2	
360	218	311	159	31	
1990	2205	1932	2163	11028	


83	1	3	1
479	129	371	135	244	294	69	76	184	120	
10	9	2	1	9	
120	184	129	479	184	
1336	1318	1455	18031	4646	


83	1	4	1
261	157	345	214	126	41	59	140	462	239	
3	4	8	10	
345	214	140	239	
3690	1710	1672	4637	


83	1	5	1
77	124	107	393	433	163	225	4	330	144	
8	9	10	2	
4	330	144	124	
1254	1214	1813	5582	


83	1	6	1
187	210	276	439	254	73	138	190	416	1	
10	9	5	2	6	
1	416	254	210	73	
1009	1454	1909	3024	3944	


83	1	7	1
155	430	389	85	260	50	46	427	267	448	
1	10	-201	
155	448	77	
1286	1718	4432	


83	1	8	1
151	455	93	443	230	397	387	156	57	473	
10	9	1	-101	
473	57	151	155	
990	860	3504	2859	


83	1	9	1
251	202	88	36	66	344	94	275	324	396	
9	10	1	1	9	
324	396	251	251	324	
1545	641	927	8073	15195	


83	1	10	1
476	282	253	82	72	451	165	149	134	196	
10	9	6	8	1	-101	-101	
196	134	451	149	476	251	251	
1122	1364	1341	1832	1059	7872	2082	


83	1	11	1
32	278	463	434	367	399	185	40	243	388	
10	8	9	-99	3	2	9	
388	40	243	472	463	278	243	
1977	1163	1232	2309	5000	3019	6900	


83	1	12	1
24	415	362	386	235	55	78	402	13	319	
10	8	9	5	5	9	
319	402	13	235	235	13	
640	805	1636	1614	7995	4050	


83	1	13	1
26	166	114	392	209	117	106	123	118	37	
10	9	8	2	5	7	
37	118	123	166	209	106	
790	700	578	2695	2837	11450	


83	1	14	1
424	363	148	431	64	38	272	139	193	153	
10	8	9	7	9	9	
153	139	193	272	193	193	
745	605	1854	2027	9996	3332	


83	1	15	1
297	18	247	469	240	236	221	383	110	111	
8	9	10	1	8	6	
383	110	111	297	383	236	
445	1018	814	1659	9627	15391	


83	1	16	1
220	104	342	477	348	95	233	226	27	180	
10	7	9	5	10	1	
180	233	27	348	180	220	
563	709	809	1728	2377	12282	


83	1	17	1
198	408	413	411	170	288	252	168	333	141	
7	8	10	
252	168	141	
1313	659	850	


83	1	18	1
474	164	323	464	84	314	191	286	407	422	
8	9	10	2	1	-102	2	
286	407	422	164	474	408	164	
395	864	1354	1887	5027	6563	4755	


83	1	19	1
49	108	414	222	183	228	283	334	224	45	
1	10	7	9	
49	45	283	224	
1554	1596	1759	9168	


83	1	20	1
195	215	295	309	390	350	326	60	372	211	
8	9	1	
60	372	195	
777	959	2054	


83	1	21	1
303	231	132	318	101	203	178	279	217	277	
1	8	7	9	2	
303	279	178	217	231	
554	1246	981	1396	3368	


83	1	22	1
351	268	313	459	310	299	182	207	290	301	
7	9	-99	1	2	
182	290	0	351	268	
550	3827	3154	4250	6673	


83	1	23	1
352	133	255	53	365	337	98	478	89	394	
6	7	8	10	1	2	7	
337	98	478	394	352	133	98	
368	966	1436	1306	3822	4407	9098	


83	1	24	1
409	29	105	421	249	21	212	417	28	169	
8	2	10	7	
417	29	169	212	
1222	891	1017	928	


83	1	25	1
229	298	256	266	44	300	171	289	472	304	
8	9	10	
289	472	304	
422	414	454	


83	1	26	1
47	19	12	384	3	223	22	197	285	86	
7	-99	9	10	2	1	
22	0	285	86	19	47	
586	2209	555	718	1668	859	


83	1	27	1
62	194	213	404	274	370	335	292	329	325	
5	6	9	4	
274	370	329	404	
231	987	1418	1568	


83	1	28	1
381	445	423	189	79	192	449	11	6	406	
7	-99	9	10	1	6	
449	0	6	406	381	192	
254	759	741	2427	5573	15823	


83	1	29	1
160	273	480	284	204	35	99	447	175	346	
1	9	10	2	
160	175	346	273	
1450	1027	1523	3104	


83	1	30	1
357	122	322	200	246	398	172	368	159	75	
6	8	7	9	10	1	4	
398	368	172	159	75	357	200	
918	1032	2554	1291	1582	1663	5905	


83	1	31	1
152	440	90	20	154	405	206	401	316	361	
6	9	10	1	9	
405	316	361	152	316	
822	1168	1819	5204	13382	


83	1	32	1
281	468	356	460	91	130	355	429	205	70	
7	1	10	
355	281	70	
286	1304	1346	


83	1	33	1
382	373	456	442	461	302	96	441	271	296	
7	-2805	9	-99	3	-203	
96	433	271	296	456	90	
681	905	695	791	2191	7746	


86	1	1	1
192	236	25	254	298	147	338	412	308	442	
1	2	8	4	3	10	
192	236	412	254	25	442	
2736	404	591	1246	1336	20977	


86	1	2	1
189	170	347	187	273	423	12	206	148	43	
1	3	2	10	5	4	
189	347	170	43	273	187	
1800	840	1405	3568	2482	4518	


86	1	3	1
184	238	243	420	251	149	406	196	229	179	
1	9	2	7	8	
184	229	238	406	196	
1090	1046	1000	1464	11009	


86	1	4	1
191	24	340	190	209	99	388	71	330	80	
10	9	1	2	4	10	
80	330	191	24	190	80	
1186	504	560	1218	6000	8563	


86	1	5	1
441	175	63	159	384	166	121	403	284	30	
9	10	1	2	6	9	
284	30	441	175	166	284	
1431	414	477	1237	2131	22237	


86	1	6	1
216	168	134	4	234	395	1	317	462	300	
10	5	8	6	1	2	8	
300	234	317	395	216	168	317	
1186	416	532	615	2952	2280	19208	


86	1	7	1
264	445	124	316	478	417	173	186	15	425	
10	9	8	2	1	8	
425	15	186	445	264	186	
1022	523	486	628	3000	18545	


86	1	8	1
81	150	203	127	286	244	344	42	212	331	
1	2	6	8	7	10	9	
81	150	244	42	344	331	212	
1604	891	877	964	1573	6954	2787	


86	1	9	1
363	346	137	230	378	235	342	426	185	466	
6	8	7	4	-101	-102	7	
235	426	342	230	81	150	342	
1290	623	1105	1782	3877	823	3163	


86	1	10	1
232	110	430	133	372	132	106	310	408	265	
10	7	1	3	5	4	7	6	
265	106	232	430	372	133	106	132	
1745	732	627	996	668	800	9418	5218	


86	1	11	1
322	139	360	413	448	364	386	219	231	122	
10	9	2	1	8	-99	
122	231	139	322	219	0	
2150	595	636	900	2823	5291	


86	1	12	1
160	341	53	113	242	381	54	93	469	353	
10	8	9	4	-103	
353	93	469	113	360	
1918	550	672	1282	5156	


86	1	13	1
356	13	157	161	224	6	409	165	281	359	
1	-302	2	3	4	8	10	
356	110	13	157	161	165	359	
1840	678	572	1887	1068	691	6195	


86	1	14	1
269	40	362	155	397	396	152	435	144	135	
10	6	8	4	5	1	7	
135	396	435	155	397	269	152	
750	772	682	623	441	2563	4391	


86	1	15	1
114	145	204	390	299	95	354	221	102	35	
10	9	3	5	1	2	
35	102	204	299	114	145	
968	422	819	600	2041	1668	


86	1	16	1
146	183	50	283	313	163	108	100	167	210	
4	9	10	5	1	
283	167	210	313	146	
1672	3278	727	6209	8859	


86	1	17	1
78	109	350	208	337	292	449	467	68	323	
9	10	8	6	2	7	
68	323	467	292	109	449	
945	423	1554	1237	1831	3264	


86	1	18	1
275	222	84	358	195	162	249	47	393	188	
1	2	3	-99	10	
275	222	84	0	188	
1445	545	587	2859	2032	


86	1	19	1
156	228	252	471	197	351	79	369	464	289	
8	9	10	4	2	1	5	9	
369	464	289	471	228	156	197	464	
950	472	441	1018	723	668	1668	3928	


86	1	20	1
177	201	233	296	272	349	321	20	266	136	
9	10	1	2	4	5	6	3	1	2	2	1	2	3	1	
266	136	177	201	296	272	349	233	177	201	201	177	201	233	177	
1045	505	650	559	581	1164	573	3177	6786	491	3287	777	927	1346	6232	


86	1	21	1
176	267	85	120	76	178	247	33	418	22	
10	7	1	9	2	1	6	10	7	5	
22	247	176	418	267	176	178	22	247	76	
1536	591	541	641	1631	855	2205	4763	524	7867	


86	1	22	1
440	21	288	261	112	276	380	36	327	428	
7	9	8	1	2	10	3	
380	327	36	440	21	428	288	
1854	932	1414	1540	941	3900	16087	


86	1	23	1
370	90	207	77	214	307	14	256	422	472	
9	10	7	5	6	3	1	
422	472	14	214	307	207	370	
1200	500	477	663	723	3073	3789	


86	1	24	1
218	374	373	365	444	355	262	154	182	44	
8	9	10	2	7	8	9	
154	182	44	374	262	154	182	
1100	509	472	1159	6750	9748	438	


86	1	25	1
270	326	305	290	457	11	468	29	352	324	
9	10	8	7	1	9	
352	324	29	468	270	352	
1063	391	491	486	955	11282	


86	1	26	1
302	312	56	459	226	402	107	28	46	227	
10	8	9	1	2	6	5	
227	28	46	302	312	402	226	
368	1000	513	1205	432	886	546	


86	1	27	1
477	143	211	92	205	377	280	410	301	345	
10	9	8	1	2	-101	-99	6	7	
345	301	410	477	143	302	0	377	280	
1140	410	704	577	1187	2913	7832	13432	795	


86	1	28	1
2	37	250	285	246	431	194	274	432	248	
7	10	9	4	8	1	7	
194	248	432	285	274	2	194	
1181	469	463	441	2905	1363	4618	


86	1	29	1
111	74	75	193	404	41	455	458	82	64	
-99	4	10	8	7	-104	
0	193	64	458	455	285	
1559	877	1332	932	1331	14523	


86	1	30	1
454	48	385	217	278	39	461	293	332	105	
10	9	10	2	1	8	7	1	
105	332	105	48	454	293	461	454	
36	1404	519	1027	477	3105	2022	4523	


86	1	31	1
306	38	470	439	16	115	424	282	260	343	
10	6	8	1	2	5	9	
343	115	282	306	38	16	260	
463	477	728	977	645	2582	6714	


86	1	32	1
45	473	158	141	401	407	73	366	88	101	
10	8	7	6	1	2	
101	366	73	407	45	473	
704	591	559	782	1336	1573	


86	1	33	1
181	367	429	220	382	416	400	94	465	304	
9	-99	7	8	1	2	9	-99	
465	304	400	94	181	367	465	304	
1131	523	1073	1477	1264	895	11227	569	


