participant,list,serial_position,word,category,size,first_letter,word_length,color_r,color_g,color_b,pos_x,pos_y,list_group
0,0,1,MOUSE,MAMMALS,small,M,5,77,68,176,59.810652085416955,50.61831054288134,early
0,0,2,KIWI,FRUITS,small,K,4,7,56,231,34.57080696605601,11.709213349719755,early
0,0,3,WINDOW,BUILDING RELATED,large,W,6,83,156,254,0.45490985709987,26.307509821682526,early
0,0,4,HALL,BUILDING RELATED,large,H,4,130,151,147,47.767514579058655,37.89007517747775,early
0,0,5,TANGELO,FRUITS,small,T,7,12,25,28,75.07140358243447,78.15029459071118,early
0,0,6,GIRAFFE,MAMMALS,large,G,7,138,222,211,38.683105725710135,64.62164785820148,early
0,0,7,SPATULA,KITCHEN-RELATED,small,S,7,37,140,38,56.44175630317629,40.94091280384076,early
0,0,8,GLASS,KITCHEN-RELATED,small,G,5,156,191,164,29.832939147346696,16.673664322998494,early
0,0,9,GUAVA,FRUITS,small,G,5,45,172,72,67.35857919372187,7.561434417340792,early
0,0,10,REFRIGERATOR,KITCHEN-RELATED,large,R,12,58,160,4,56.205582542471916,33.14757529500709,early
0,0,11,HORSE,MAMMALS,large,H,5,19,201,160,48.78376736127955,20.976093770970028,early
0,0,12,CORRIDOR,BUILDING RELATED,large,C,8,169,90,7,13.986170582593987,58.77192221610172,early
0,0,13,COW,MAMMALS,large,C,3,253,125,12,31.796204547513504,50.92959787083468,early
0,0,14,POT,KITCHEN-RELATED,large,P,3,145,175,85,72.15695454113433,18.83909086841015,early
0,0,15,DOOR,BUILDING RELATED,large,D,4,138,65,62,67.2962899202169,57.999101555678436,early
0,0,16,STRAWBERRY,FRUITS,small,S,10,250,92,237,11.454749003906645,53.64198469998106,early
0,1,1,RUTABAGA,VEGETABLES,small,R,8,56,86,223,25.434460788135898,17.048949884180015,early
0,1,2,RABBIT,MAMMALS,small,R,6,154,77,52,28.452975658425615,73.1879248441662,early
0,1,3,TERMITE,INSECTS,small,T,7,186,29,110,26.16838519840783,76.10168381225351,early
0,1,4,ALASKA,STATES,large,A,6,45,253,227,18.597350370304156,62.82347508416411,early
0,1,5,WASP,INSECTS,small,W,4,107,86,164,52.78738328742075,31.856845045588287,early
0,1,6,RHINOCEROS,MAMMALS,large,R,10,1,195,227,48.19676316994214,36.083406089692325,early
0,1,7,CHRYSALIS,INSECTS,small,C,9,204,63,78,8.541357256689189,26.86136367796535,early
0,1,8,OKRA,VEGETABLES,small,O,4,34,149,94,63.5488793804003,33.82188772019793,early
0,1,9,PENNSYLVANIA,STATES,large,P,12,149,60,3,38.71564846403877,48.70546049907588,early
0,1,10,FOX,MAMMALS,large,F,3,55,48,133,47.11115625057937,52.762487581973744,early
0,1,11,GINGER,VEGETABLES,small,G,6,211,159,37,9.663378494952928,77.12772928645099,early
0,1,12,BEETLE,INSECTS,small,B,6,231,69,158,9.128492696250106,36.163711182034184,early
0,1,13,PUMPKIN,VEGETABLES,large,P,7,246,150,220,53.96487810612866,37.982253872814645,early
0,1,14,OHIO,STATES,large,O,4,49,214,219,45.92648305583518,18.18154063460225,early
0,1,15,LLAMA,MAMMALS,large,L,5,147,46,213,49.952104717025286,47.88430554434197,early
0,1,16,TEXAS,STATES,large,T,5,165,104,80,63.19821855623194,69.97566586610422,early
0,2,1,JUMPER,CLOTHING,small,J,6,91,74,232,23.222959111703247,62.975762813390176,early
0,2,2,UKULELE,INSTRUMENTS,small,U,7,142,82,170,60.85534181645579,27.385978236354692,early
0,2,3,SHIRT,CLOTHING,small,S,5,152,21,94,29.878017252872496,28.9986875473271,early
0,2,4,BLENDER,KITCHEN-RELATED,large,B,7,94,135,166,1.744066791783826,23.674848626201623,early
0,2,5,ROBE,CLOTHING,small,R,4,35,105,40,6.808949377214006,70.28764728903057,early
0,2,6,BANJO,INSTRUMENTS,large,B,5,108,205,191,83.8484062470262,11.561011339765415,early
0,2,7,MARIMBA,INSTRUMENTS,large,M,7,5,191,11,43.56034006285363,23.38421172286151,early
0,2,8,CUP,KITCHEN-RELATED,small,C,3,250,20,9,15.96901155666559,82.70682360828636,early
0,2,9,COTTONWOOD,TREES,large,C,10,173,209,105,18.438047030562185,33.27416144872748,early
0,2,10,SPRUCE,TREES,large,S,6,154,10,47,7.287294882294422,16.210344861399584,early
0,2,11,BELT,CLOTHING,small,B,4,43,114,157,5.887808908567176,18.05279711970698,early
0,2,12,MIXER,KITCHEN-RELATED,large,M,5,19,9,10,6.829619226400495,57.636617427470654,early
0,2,13,OAK,TREES,large,O,3,28,197,113,11.531848104162863,9.416947270839504,early
0,2,14,EVERGREEN,TREES,large,E,9,142,2,243,20.94434984573969,19.388343399628425,early
0,2,15,HARMONICA,INSTRUMENTS,small,H,9,105,43,133,84.57176992567959,47.29121891531385,early
0,2,16,COLANDER,KITCHEN-RELATED,small,C,8,138,197,73,3.564024602504341,16.94314928480554,early
0,3,1,LEOPARD,MAMMALS,large,L,7,83,245,217,49.64312279864308,61.09815441977546,early
0,3,2,PIANO,INSTRUMENTS,large,P,5,223,97,141,64.66635021317659,67.03766420385534,early
0,3,3,FERRET,MAMMALS,small,F,6,252,113,174,47.26573869932465,18.330291742356625,early
0,3,4,SAW,TOOLS,small,S,3,15,242,180,47.314117599510205,66.8697771444238,early
0,3,5,PROTRACTOR,TOOLS,small,P,10,15,249,169,28.897882660970584,26.568977801455187,early
0,3,6,SWITZERLAND,COUNTRIES,large,S,11,101,135,220,84.11213965837553,28.093953508825173,early
0,3,7,ENGLAND,COUNTRIES,large,E,7,82,159,23,67.85793623169411,52.30808269896894,early
0,3,8,CAT,MAMMALS,large,C,3,193,159,179,34.699719356673434,20.668221367513006,early
0,3,9,CLARINET,INSTRUMENTS,small,C,8,172,254,100,60.295147787563636,26.77917200813721,early
0,3,10,KAZOO,INSTRUMENTS,small,K,5,22,186,166,33.25023245676263,38.25289795885972,early
0,3,11,FRANCE,COUNTRIES,large,F,6,115,191,66,28.421891518279445,25.373357031210382,early
0,3,12,JAPAN,COUNTRIES,large,J,5,61,220,86,46.20231963174459,22.279651495938687,early
0,3,13,CHISEL,TOOLS,small,C,6,134,189,87,71.90541582798348,65.05831133646393,early
0,3,14,DRUM,INSTRUMENTS,large,D,4,21,68,164,16.30841064776281,32.95286906838625,early
0,3,15,BOLTS,TOOLS,small,B,5,43,189,73,46.340240358260964,48.44509651666513,early
0,3,16,SQUIRREL,MAMMALS,small,S,8,24,116,116,58.73079785096668,41.3033546256151,early
0,4,1,HAND,BODY PARTS,small,H,4,112,48,130,63.12555446395905,76.96410283484619,early
0,4,2,SCORPION,INSECTS,small,S,8,197,197,138,78.50152870409373,59.698755655271185,early
0,4,3,ANKLE,BODY PARTS,small,A,5,175,242,115,21.93489604106179,82.04175506928136,early
0,4,4,GUITAR,INSTRUMENTS,large,G,6,164,225,194,26.991281611986764,79.32882105307716,early
0,4,5,EUCALYPTUS,TREES,large,E,10,156,160,244,66.96266319222673,50.09256800946907,early
0,4,6,XYLOPHONE,INSTRUMENTS,large,X,9,137,207,92,7.833307343513843,52.570150015288206,early
0,4,7,MONARCH,INSECTS,small,M,7,182,40,6,70.81635068411573,37.48648508926969,early
0,4,8,ASH,TREES,large,A,3,97,75,136,33.57844337061722,61.80271691639259,early
0,4,9,FINGER,BODY PARTS,small,F,6,93,207,204,61.70917608580667,17.200684804850077,early
0,4,10,WORM,INSECTS,small,W,4,114,9,172,55.6582210681968,52.986919627191156,early
0,4,11,POPLAR,TREES,large,P,6,153,134,125,56.71285525291266,38.120772446694886,early
0,4,12,WILLOW,TREES,large,W,6,53,45,30,57.941158370885326,5.498898758251262,early
0,4,13,ACCORDION,INSTRUMENTS,large,A,9,234,172,3,73.66697146749537,19.474742017179203,early
0,4,14,LARVA,INSECTS,small,L,5,68,73,133,35.22504593550881,2.861176028973591,early
0,4,15,BONGOS,INSTRUMENTS,large,B,6,132,190,31,60.179804595181565,74.65190892497054,early
0,4,16,LIP,BODY PARTS,small,L,3,9,70,80,17.40293749966667,25.138212507611613,early
0,5,1,UTAH,STATES,large,U,4,148,155,7,27.060612507644567,2.482846462229631,early
0,5,2,FORK,KITCHEN-RELATED,small,F,4,189,0,92,61.21040195856666,25.94011477919521,early
0,5,3,PANTS,CLOTHING,small,P,5,58,155,238,76.30497782383702,0.3657034296206263,early
0,5,4,LILY,FLOWERS,small,L,4,24,38,241,7.613855737062593,49.773183011553776,early
0,5,5,MONTANA,STATES,large,M,7,85,226,157,82.12197150465204,65.5175868285278,early
0,5,6,MAINE,STATES,large,M,5,95,3,73,14.672168330308956,78.14769858902973,early
0,5,7,GIRDLE,CLOTHING,small,G,6,13,28,173,83.86129211587344,49.86283100369606,early
0,5,8,DRESS,CLOTHING,small,D,5,210,198,24,40.639001246813834,70.13269185125439,early
0,5,9,SUNFLOWER,FLOWERS,small,S,9,163,197,250,73.59791994496842,57.4532830112955,early
0,5,10,TOASTER,KITCHEN-RELATED,large,T,7,105,118,213,3.3163054924121838,10.744551868998517,early
0,5,11,UNDERWEAR,CLOTHING,small,U,9,36,110,230,84.46962499742095,45.566862551446775,early
0,5,12,ARIZONA,STATES,large,A,7,222,207,34,47.35091985382799,13.83634878373832,early
0,5,13,NARCISSUS,FLOWERS,small,N,9,26,188,252,36.37114781669352,68.0958872456289,early
0,5,14,SKILLET,KITCHEN-RELATED,large,S,7,118,222,155,23.749567449603372,65.71779197851795,early
0,5,15,DAISY,FLOWERS,small,D,5,132,8,149,72.28784071031444,15.964463528331422,early
0,5,16,KNIFE,KITCHEN-RELATED,small,K,5,185,203,17,69.53727338799222,47.80425257144931,early
0,6,1,ELEVATOR,BUILDING RELATED,large,E,8,208,224,194,70.19510144451424,54.34691054610783,early
0,6,2,AZALEA,FLOWERS,small,A,6,94,156,83,30.695897267120035,58.46846229164451,early
0,6,3,BUTTERCUP,FLOWERS,small,B,9,113,17,66,71.11499416268401,7.773084675198122,early
0,6,4,FOUNDATION,BUILDING RELATED,large,F,10,92,8,123,45.18360211436648,61.13385891199847,early
0,6,5,DAHLIA,FLOWERS,small,D,6,153,79,4,84.98387361901439,2.974338038307845,early
0,6,6,SAUCER,KITCHEN-RELATED,small,S,6,191,6,178,65.22924900859691,7.037309788287016,early
0,6,7,PICKLE,VEGETABLES,small,P,6,123,145,89,58.622009368926875,77.97142832947321,early
0,6,8,ONION,VEGETABLES,small,O,5,121,188,135,22.135000980786177,73.01916123578167,early
0,6,9,BROCCOLI,VEGETABLES,small,B,8,247,57,144,31.68637391024796,15.78288151470386,early
0,6,10,CAULIFLOWER,VEGETABLES,small,C,11,13,251,85,81.7016085577731,45.47037236808811,early
0,6,11,GRIDDLE,KITCHEN-RELATED,small,G,7,177,229,164,40.15401448455074,19.202508021746812,early
0,6,12,CARPET,BUILDING RELATED,large,C,6,173,173,160,79.70628192573321,69.8781859466394,early
0,6,13,LOG,FLOWERS,small,L,3,254,90,50,19.225691254153784,14.076878793557668,early
0,6,14,FLOOR,BUILDING RELATED,large,F,5,68,33,87,5.565598276086813,17.5279231983556,early
0,6,15,STRAINER,KITCHEN-RELATED,small,S,8,105,22,49,79.30406217547474,56.033582496275415,early
0,6,16,DISH,KITCHEN-RELATED,small,D,4,75,101,227,28.951595478714818,33.179987313934554,early
0,7,1,GLOVES,CLOTHING,small,G,6,125,195,91,70.34797533582525,24.092213660648547,early
0,7,2,TROUSERS,CLOTHING,small,T,8,143,90,132,68.70226289341423,37.22822187136013,early
0,7,3,TEAK,TREES,large,T,4,247,39,175,14.155105677185404,66.61452940247503,early
0,7,4,MANTIS,INSECTS,small,M,6,115,123,232,46.32142959093592,78.1391170500332,early
0,7,5,SWEATER,CLOTHING,small,S,7,8,88,30,70.06271955350405,71.76014539541193,early
0,7,6,BRA,CLOTHING,small,B,3,68,252,47,18.703261621857454,1.1430182624622687,early
0,7,7,CHICAGO,CITIES,large,C,7,183,46,148,29.728362226039373,62.19612799649093,early
0,7,8,SYCAMORE,TREES,large,S,8,177,244,152,19.752705577281027,5.851112693162857,early
0,7,9,MOSQUITO,INSECTS,small,M,8,90,248,69,41.304094649480355,6.5094245167594575,early
0,7,10,RENO,CITIES,large,R,4,202,158,125,30.10597408996172,59.167765170987565,early
0,7,11,MILLIPEDE,INSECTS,small,M,9,151,106,2,38.21517180257733,62.26795381374657,early
0,7,12,BERLIN,CITIES,large,B,6,182,58,208,61.37663534570197,70.74291601944626,early
0,7,13,HORNET,INSECTS,small,H,6,84,229,68,83.22638209076908,18.09976547452869,early
0,7,14,SYDNEY,CITIES,large,S,6,242,205,101,33.03552573194394,11.318627409050134,early
0,7,15,CEDAR,TREES,large,C,5,2,40,184,19.82713969489014,44.64989344985405,early
0,7,16,PALM,TREES,large,P,4,131,16,9,11.220785125542037,82.48498604948645,early
0,8,1,ITALY,COUNTRIES,large,I,5,141,170,240,3.126066432192076,40.93765993168495,late
0,8,2,BASS,INSTRUMENTS,large,B,4,86,2,253,43.50397133609936,87.10037709843371,late
0,8,3,LION,MAMMALS,large,L,4,32,247,120,5.289761599737506,3.993923249411921,late
0,8,4,TROMBONE,INSTRUMENTS,large,T,8,162,125,19,16.032083825217278,60.68452286661826,late
0,8,5,POLAND,COUNTRIES,large,P,6,126,49,10,9.232284298513422,9.54263246039004,late
0,8,6,VIOLA,INSTRUMENTS,large,V,5,150,230,35,40.212998045980925,30.10992896876,late
0,8,7,YAMS,VEGETABLES,small,Y,4,120,58,71,11.805821516658924,72.70508195631898,late
0,8,8,CARROT,VEGETABLES,small,C,6,119,32,22,60.166849852840414,3.965926227424216,late
0,8,9,ETHIOPIA,COUNTRIES,large,E,8,125,209,4,36.27573013081962,19.039862628548608,late
0,8,10,AUSTRALIA,COUNTRIES,large,A,9,24,61,188,73.28868017119936,51.19580567728759,late
0,8,11,MARACAS,INSTRUMENTS,small,M,7,72,216,39,21.94910179126261,1.2407564181483002,late
0,8,12,ZEBRA,MAMMALS,large,Z,5,216,253,225,12.323747189939533,55.50028706386781,late
0,8,13,LETTUCE,VEGETABLES,small,L,7,163,253,224,76.91227977418116,19.853138574757484,late
0,8,14,CELERY,VEGETABLES,small,C,6,215,60,210,23.646940390366243,1.7412581913647687,late
0,8,15,ELEPHANT,MAMMALS,large,E,8,33,204,32,63.62914370610556,21.28295137194388,late
0,8,16,PIG,MAMMALS,large,P,3,94,135,99,7.494198049213287,16.93571574327084,late
0,9,1,MONTREAL,CITIES,large,M,8,105,126,17,45.62838437740843,66.16102291440222,late
0,9,2,BROILER,KITCHEN-RELATED,large,B,7,195,163,64,24.437588127996314,3.1390430345824507,late
0,9,3,THERMOMETER,KITCHEN-RELATED,small,T,11,20,18,74,10.094634619226465,60.87935466554149,late
0,9,4,OVEN,KITCHEN-RELATED,large,O,4,55,123,69,65.45897140126112,82.99164136236877,late
0,9,5,ARMS,BODY PARTS,large,A,4,185,94,110,40.71866100281834,29.303169709392733,late
0,9,6,PELVIS,BODY PARTS,large,P,6,100,172,83,77.87639334531471,19.403176075355365,late
0,9,7,TUBA,INSTRUMENTS,large,T,4,211,62,251,31.888571107269186,17.364997239364577,late
0,9,8,PARIS,CITIES,large,P,5,201,18,71,3.7602150199849182,43.24420119254745,late
0,9,9,PICCOLO,INSTRUMENTS,small,P,7,200,166,5,14.13618819520346,78.62316368154238,late
0,9,10,ROME,CITIES,large,R,4,23,198,27,31.0181192258174,28.40564949441535,late
0,9,11,HIP,BODY PARTS,small,H,3,147,113,171,57.9919917038129,88.0019543643746,late
0,9,12,STOMACH,BODY PARTS,small,S,7,165,46,157,48.48716628909605,18.89041230614555,late
0,9,13,TAMBOURINE,INSTRUMENTS,small,T,10,87,51,137,35.87183859291377,66.70524473421024,late
0,9,14,TRUMPET,INSTRUMENTS,large,T,7,171,145,63,79.86750357325393,31.915509855764004,late
0,9,15,DALLAS,CITIES,large,D,6,67,50,170,33.48719080655623,23.758776491491968,late
0,9,16,MUG,KITCHEN-RELATED,small,M,3,181,140,156,5.2837574398664975,30.37468219686233,late
0,10,1,TORONTO,CITIES,large,T,7,58,195,142,74.62772590976259,55.45178004281489,late
0,10,2,OLIVE,VEGETABLES,small,O,5,200,107,119,79.48272874885087,31.8187312629907,late
0,10,3,KIDNEY,BODY PARTS,small,K,6,212,22,11,46.08166680371451,76.40729603525442,late
0,10,4,FOOT,BODY PARTS,small,F,4,173,182,233,78.79587909113806,49.97051499127181,late
0,10,5,MIAMI,CITIES,large,M,5,134,82,99,17.599778428736954,73.87513281832629,late
0,10,6,GOAT,MAMMALS,large,G,4,175,79,225,17.28257303542849,38.10712199344542,late
0,10,7,SHOULDER,BODY PARTS,small,S,8,120,200,79,67.75345367391662,50.91228300778312,late
0,10,8,SHEEP,MAMMALS,large,S,5,231,154,34,42.43716482680358,61.49355787394774,late
0,10,9,PANTHER,MAMMALS,large,P,7,177,190,168,38.40514644798641,23.340254669731397,late
0,10,10,SQUASH,VEGETABLES,small,S,6,252,11,231,80.84984383718647,66.48824018204131,late
0,10,11,ELBOW,BODY PARTS,small,E,5,96,186,169,67.93329372731728,9.456711918771362,late
0,10,12,AUBERGINE,VEGETABLES,small,A,9,247,251,175,1.3212571809977824,65.78507500197759,late
0,10,13,BOMBAY,CITIES,large,B,6,30,222,35,56.383669370249464,44.7741683755208,late
0,10,14,STOCKHOLM,CITIES,large,S,9,54,64,238,0.3384934124235417,40.16775958481047,late
0,10,15,WOLF,MAMMALS,large,W,4,253,199,13,84.65345617937501,22.470388430348034,late
0,10,16,ZUCCHINI,VEGETABLES,small,Z,8,62,9,195,66.51862175842281,32.0250060907544,late
0,11,1,JACKET,CLOTHING,small,J,6,56,175,153,53.05497756719338,25.559847441831618,late
0,11,2,GERMANY,COUNTRIES,large,G,7,60,123,195,48.334200342977724,33.82945639295277,late
0,11,3,EGYPT,COUNTRIES,large,E,5,90,190,7,1.3898997490664355,22.50817185909933,late
0,11,4,IRAN,COUNTRIES,large,I,4,224,129,194,32.132664886171284,18.53070730599603,late
0,11,5,POTATO,VEGETABLES,small,P,6,58,2,124,48.392340462337046,75.52259537121992,late
0,11,6,BLOUSE,CLOTHING,small,B,6,163,117,172,62.6213952935255,73.61328763377404,late
0,11,7,FURNACE,BUILDING RELATED,large,F,7,164,15,250,75.69790638677456,62.78501118783744,late
0,11,8,CHIMNEY,BUILDING RELATED,large,C,7,136,209,90,26.40176991039106,60.81030581318064,late
0,11,9,GARLIC,VEGETABLES,small,G,6,89,141,250,45.53320456553698,37.41405211595673,late
0,11,10,LOBBY,BUILDING RELATED,large,L,5,202,223,80,16.67703590136154,24.614045476461765,late
0,11,11,CLOSET,BUILDING RELATED,large,C,6,11,31,226,21.99012160204691,25.293325203566337,late
0,11,12,CAMISOLE,CLOTHING,small,C,8,63,234,153,55.33754742316369,61.90713498556758,late
0,11,13,SUIT,CLOTHING,small,S,4,196,66,214,7.201827568221217,8.78478671883187,late
0,11,14,CUBA,COUNTRIES,large,C,4,187,15,108,80.64445432279406,18.558880444475268,late
0,11,15,ARTICHOKE,VEGETABLES,small,A,9,136,120,222,31.833505461627727,38.83537912759213,late
0,11,16,SPINACH,VEGETABLES,small,S,7,134,225,229,21.004667383359976,24.755828311533886,late
0,12,1,FLORIDA,STATES,large,F,7,36,72,89,5.1322695373424345,2.6804424498807986,late
0,12,2,LEMON,FRUITS,small,L,5,222,4,110,69.96561618028866,9.502707172398528,late
0,12,3,MOOSE,MAMMALS,large,M,5,151,23,236,66.73031464940559,24.98265671433875,late
0,12,4,RIB,BODY PARTS,small,R,3,16,95,186,30.203377380171112,52.173783803399026,late
0,12,5,CLEMENTINE,FRUITS,small,C,10,244,136,45,44.779116273785455,55.50724679931585,late
0,12,6,PANCREAS,BODY PARTS,small,P,8,95,130,47,61.92615663466783,2.419767651948481,late
0,12,7,PEAR,FRUITS,small,P,4,223,90,57,23.602711428906648,49.40206175765222,late
0,12,8,MONKEY,MAMMALS,large,M,6,87,28,10,30.505723436168537,11.770030955297308,late
0,12,9,TONGUE,BODY PARTS,small,T,6,196,7,193,0.32812750325173945,57.35678555070096,late
0,12,10,TOOTH,BODY PARTS,small,T,5,49,198,142,5.759369602570131,30.398596992306537,late
0,12,11,IOWA,STATES,large,I,4,4,87,108,16.651982799063962,62.62905034950937,late
0,12,12,RACOON,MAMMALS,large,R,6,47,94,149,58.7680440752495,42.16939054614799,late
0,12,13,MICHIGAN,STATES,large,M,8,138,55,118,16.280891409243523,51.10366668321965,late
0,12,14,ANTELOPE,MAMMALS,large,A,8,59,166,68,3.815419375583483,59.0955509485667,late
0,12,15,POMEGRANATE,FRUITS,small,P,11,232,7,134,50.37566976522454,10.954247253171102,late
0,12,16,KANSAS,STATES,large,K,6,24,240,236,37.76313008694138,73.55571789775395,late
0,13,1,VANCOUVER,CITIES,large,V,9,129,48,46,56.34582233747511,17.952863755969293,late
0,13,2,NUTS,TOOLS,small,N,4,33,37,243,21.768227154728617,74.24223504186386,late
0,13,3,RULER,TOOLS,small,R,5,12,73,30,68.37003980159703,6.161226028556963,late
0,13,4,WISCONSIN,STATES,large,W,9,48,217,202,45.57403336844428,51.41739622074876,late
0,13,5,MANGO,FRUITS,small,M,5,43,171,8,71.1930461960546,1.3675901296351534,late
0,13,6,KUMQUAT,FRUITS,small,K,7,180,26,28,46.59352091848665,52.52232895914241,late
0,13,7,HAWAII,STATES,large,H,6,253,52,115,79.73452173536201,17.016576694020664,late
0,13,8,GLUE,TOOLS,small,G,4,16,248,184,34.812069515118544,40.23482519712073,late
0,13,9,WASHER,TOOLS,small,W,6,211,93,141,48.42489702519201,24.25998742937495,late
0,13,10,PHILADELPHIA,CITIES,large,P,12,204,178,164,8.829625555498765,13.457468726549962,late
0,13,11,BANANA,FRUITS,small,B,6,30,70,168,40.710368348235995,43.36688035713553,late
0,13,12,NECTARINE,FRUITS,small,N,9,118,220,244,12.37373971086999,22.25078256449388,late
0,13,13,CALIFORNIA,STATES,large,C,10,23,3,135,61.049908233994124,46.776553722569645,late
0,13,14,VERMONT,STATES,large,V,7,185,179,41,53.42491926091302,64.37869764369793,late
0,13,15,JERUSALEM,CITIES,large,J,9,123,94,34,38.48134645112438,72.47005695185084,late
0,13,16,TOKYO,CITIES,large,T,5,9,14,112,61.84061552029606,13.563051466918859,late
0,14,1,PETUNIA,FLOWERS,small,P,7,94,166,180,5.653184552983554,59.527370983174585,late
0,14,2,CARNATION,FLOWERS,small,C,9,4,198,212,13.067935144721345,53.9150097398493,late
0,14,3,KITCHEN,BUILDING RELATED,large,K,7,202,176,10,41.29837390273626,75.89709914208763,late
0,14,4,KNUCKLE,BODY PARTS,small,K,7,118,99,46,1.231317357625069,9.470727783621273,late
0,14,5,EAR,BODY PARTS,small,E,3,86,108,132,28.3497627107963,62.02153136350082,late
0,14,6,HEART,BODY PARTS,small,H,5,254,16,18,66.90621100921202,73.26227010256564,late
0,14,7,BARN,BUILDING RELATED,large,B,4,223,169,198,80.95298301629552,40.531649350009786,late
0,14,8,TIGER,MAMMALS,large,T,5,190,124,20,37.63260180673905,73.55720432836858,late
0,14,9,FACE,BODY PARTS,small,F,4,226,232,243,71.0237030992511,34.6071488691125,late
0,14,10,ROSE,FLOWERS,small,R,4,106,145,90,53.05652611174522,86.33314005314541,late
0,14,11,TULIP,FLOWERS,small,T,5,142,229,28,79.16407714067705,56.96481834398816,late
0,14,12,DONKEY,MAMMALS,large,D,6,186,35,38,68.8757583548338,58.190124274167985,late
0,14,13,ALCOVE,BUILDING RELATED,large,A,6,73,130,75,45.022744961860056,10.248866707862195,late
0,14,14,DOG,MAMMALS,large,D,3,54,83,146,36.20122812617506,49.37772403192474,late
0,14,15,GAZEBO,BUILDING RELATED,large,G,6,101,59,51,7.11977099658742,40.14736336329561,late
0,14,16,HIPPOPOTAMUS,MAMMALS,large,H,12,9,227,252,75.76279607901103,1.9288924227535773,late
0,15,1,HAMMER,TOOLS,small,H,6,75,96,103,69.56032757382272,13.577046019745847,late
0,15,2,MAPLE,TREES,large,M,5,246,247,152,50.54646838219632,45.02578468604393,late
0,15,3,FIG,FRUITS,small,F,3,37,34,165,66.93754200538643,17.069179206096393,late
0,15,4,SCREWS,TOOLS,small,S,6,69,175,130,68.54807115131015,21.46703634679754,late
0,15,5,ELM,TREES,large,E,3,92,148,114,50.86855353687591,40.74172358774179,late
0,15,6,TRIANGLE,INSTRUMENTS,small,T,8,128,225,122,67.07257327726062,22.22225681006511,late
0,15,7,WIRE,TOOLS,small,W,4,37,85,72,3.9064353395371034,59.46792702466739,late
0,15,8,HONEYDEW,FRUITS,small,H,8,88,218,14,79.20513191925818,20.504198242239763,late
0,15,9,HICKORY,TREES,large,H,7,218,49,128,33.12180527498976,7.295628041032124,late
0,15,10,CELLO,INSTRUMENTS,large,C,5,5,171,207,71.49076551123818,59.45610018764905,late
0,15,11,PLUM,FRUITS,small,P,4,242,32,205,74.8352235660923,21.09254084380259,late
0,15,12,WEDGE,TOOLS,small,W,5,182,15,198,53.18827101537807,72.94808559883516,late
0,15,13,PINE,TREES,large,P,4,248,49,81,54.60865313430231,22.250750196741816,late
0,15,14,RASPBERRY,FRUITS,small,R,9,173,118,80,38.677402018876556,35.833626042466975,late
0,15,15,VIOLIN,INSTRUMENTS,large,V,6,175,61,168,64.93076712417955,65.56244640669574,late
0,15,16,SAXOPHONE,INSTRUMENTS,large,S,9,103,185,202,60.695402410450626,10.006489059841122,late
1,0,1,PANTS,CLOTHING,small,P,5,226,155,199,42.91945079377388,66.64928318619654,early
1,0,2,GIRDLE,CLOTHING,small,G,6,114,186,7,16.83782322239699,53.906485793666036,early
1,0,3,UNDERWEAR,CLOTHING,small,U,9,102,40,198,74.06005873598612,63.32731521573635,early
1,0,4,DRESS,CLOTHING,small,D,5,21,56,144,80.87014996810083,13.029642746352284,early
1,0,5,FORK,KITCHEN-RELATED,small,F,4,48,13,96,77.43083711101981,40.45046779392436,early
1,0,6,SKILLET,KITCHEN-RELATED,large,S,7,89,108,47,35.30452527956931,19.50245050926389,early
1,0,7,KNIFE,KITCHEN-RELATED,small,K,5,115,2,250,80.68504043015037,60.74227882770316,early
1,0,8,TOASTER,KITCHEN-RELATED,large,T,7,231,64,231,50.11649188197997,64.6983487118969,early
1,0,9,ARIZONA,STATES,large,A,7,16,25,35,24.446302301730036,50.09455647390856,early
1,0,10,MONTANA,STATES,large,M,7,13,13,241,39.52097410251044,46.82861471001511,early
1,0,11,UTAH,STATES,large,U,4,220,204,172,7.195715989810163,11.481699054896136,early
1,0,12,MAINE,STATES,large,M,5,196,112,142,43.34272269231847,29.507092637641186,early
1,0,13,LILY,FLOWERS,small,L,4,185,74,201,8.201785661543019,62.124451445057595,early
1,0,14,NARCISSUS,FLOWERS,small,N,9,13,9,251,47.15811479379927,6.062075034899437,early
1,0,15,SUNFLOWER,FLOWERS,small,S,9,124,168,206,81.01451026123436,37.52741316522264,early
1,0,16,DAISY,FLOWERS,small,D,5,64,88,94,48.64744936469323,9.32108796323517,early
1,1,1,ANTELOPE,MAMMALS,large,A,8,93,209,98,39.63801248825479,10.927792910273624,early
1,1,2,RACOON,MAMMALS,large,R,6,236,169,19,61.43343735933526,60.77823033778512,early
1,1,3,MOOSE,MAMMALS,large,M,5,254,225,189,60.160891412121444,8.78554103682913,early
1,1,4,MONKEY,MAMMALS,large,M,6,25,86,157,65.01198603555997,20.466784885874645,early
1,1,5,TOOTH,BODY PARTS,small,T,5,145,160,162,49.659090834256745,53.93793586235534,early
1,1,6,RIB,BODY PARTS,small,R,3,227,157,162,51.413254457008954,22.634702486624565,early
1,1,7,PANCREAS,BODY PARTS,small,P,8,114,86,178,51.00639801814891,49.97543486213991,early
1,1,8,TONGUE,BODY PARTS,small,T,6,36,102,203,6.021361538661257,76.06141817572944,early
1,1,9,IOWA,STATES,large,I,4,154,65,251,18.51521155607116,20.513020749664435,early
1,1,10,FLORIDA,STATES,large,F,7,62,216,181,40.14894898111512,69.60417825299594,early
1,1,11,KANSAS,STATES,large,K,6,84,34,82,3.88341871239121,10.709012785030753,early
1,1,12,MICHIGAN,STATES,large,M,8,17,167,207,13.92133981322113,58.85490078239761,early
1,1,13,LEMON,FRUITS,small,L,5,9,23,248,70.06291428341814,12.458731445862172,early
1,1,14,POMEGRANATE,FRUITS,small,P,11,153,71,84,52.668794999858534,58.623723841962175,early
1,1,15,CLEMENTINE,FRUITS,small,C,10,238,253,5,18.12881513832334,13.510522061107702,early
1,1,16,PEAR,FRUITS,small,P,4,189,2,115,76.35576376428365,53.4263070429309,early
1,2,1,ZEBRA,MAMMALS,large,Z,5,203,118,138,70.48674974969131,55.43318258247766,early
1,2,2,ELEPHANT,MAMMALS,large,E,8,164,253,131,29.41782671384371,2.8838168232113395,early
1,2,3,LION,MAMMALS,large,L,4,80,104,46,18.63951842419368,12.24656795324409,early
1,2,4,PIG,MAMMALS,large,P,3,94,56,134,6.662871266853868,36.56122491500126,early
1,2,5,YAMS,VEGETABLES,small,Y,4,201,241,109,57.76440954533988,39.48899839720814,early
1,2,6,CARROT,VEGETABLES,small,C,6,139,65,7,33.75567942904732,72.30490693610766,early
1,2,7,LETTUCE,VEGETABLES,small,L,7,246,7,241,19.799789783837706,15.2376450938133,early
1,2,8,CELERY,VEGETABLES,small,C,6,245,37,220,40.652970505963474,45.112958387816285,early
1,2,9,ETHIOPIA,COUNTRIES,large,E,8,214,23,226,60.26619425140362,37.62383073740152,early
1,2,10,ITALY,COUNTRIES,large,I,5,192,84,252,84.9050824164085,34.06324467614261,early
1,2,11,POLAND,COUNTRIES,large,P,6,236,173,71,17.20062212816461,69.68668175751256,early
1,2,12,AUSTRALIA,COUNTRIES,large,A,9,179,241,2,22.918369244412904,61.6449586920698,early
1,2,13,VIOLA,INSTRUMENTS,large,V,5,18,7,98,28.068321640835265,79.55294991454495,early
1,2,14,MARACAS,INSTRUMENTS,small,M,7,46,183,192,80.26104265432397,65.79753893710033,early
1,2,15,BASS,INSTRUMENTS,large,B,4,136,104,207,59.51138236220492,72.71928192250348,early
1,2,16,TROMBONE,INSTRUMENTS,large,T,8,33,120,178,47.71865868338128,68.86551853000843,early
1,3,1,TORONTO,CITIES,large,T,7,81,85,148,4.517793133534413,43.47939590239368,early
1,3,2,BOMBAY,CITIES,large,B,6,77,187,152,40.864117103183204,68.83646279204059,early
1,3,3,MIAMI,CITIES,large,M,5,210,202,194,17.78017789198201,83.39490664993716,early
1,3,4,STOCKHOLM,CITIES,large,S,9,34,94,51,55.45031627758809,20.073581807988468,early
1,3,5,GOAT,MAMMALS,large,G,4,40,52,12,63.81760852029419,49.645309511847735,early
1,3,6,PANTHER,MAMMALS,large,P,7,44,160,232,72.97607364014928,34.5375731824894,early
1,3,7,SHEEP,MAMMALS,large,S,5,160,12,141,73.66957607154639,16.435675834267933,early
1,3,8,WOLF,MAMMALS,large,W,4,82,16,149,38.9847564433091,58.06887463435051,early
1,3,9,SQUASH,VEGETABLES,small,S,6,169,179,159,46.38194678836632,5.755429077738938,early
1,3,10,OLIVE,VEGETABLES,small,O,5,209,142,185,51.22796404434112,16.96120766913677,early
1,3,11,AUBERGINE,VEGETABLES,small,A,9,118,114,152,50.891086212572034,28.49529060923048,early
1,3,12,ZUCCHINI,VEGETABLES,small,Z,8,116,23,141,29.075095523643157,45.16816934240095,early
1,3,13,SHOULDER,BODY PARTS,small,S,8,57,121,209,12.49665915259228,61.543938015461706,early
1,3,14,FOOT,BODY PARTS,small,F,4,89,136,108,19.86908343542466,9.920047501844078,early
1,3,15,KIDNEY,BODY PARTS,small,K,6,238,121,81,19.437290339743235,68.63185321683243,early
1,3,16,ELBOW,BODY PARTS,small,E,5,205,239,243,27.770637637446285,35.563413695838506,early
1,4,1,FERRET,MAMMALS,small,F,6,146,201,111,19.905776928053484,8.97349442413252,early
1,4,2,CAT,MAMMALS,large,C,3,36,71,60,39.58841958089826,57.98666245491706,early
1,4,3,SQUIRREL,MAMMALS,small,S,8,139,117,2,49.00767207548493,65.05982107053441,early
1,4,4,LEOPARD,MAMMALS,large,L,7,29,194,234,64.46087436984907,56.76227453312644,early
1,4,5,DRUM,INSTRUMENTS,large,D,4,136,241,54,54.202411306363665,87.93534110963121,early
1,4,6,PIANO,INSTRUMENTS,large,P,5,128,42,4,75.88191666474924,28.223793398390907,early
1,4,7,CLARINET,INSTRUMENTS,small,C,8,248,106,57,30.44413028142062,31.519492337365357,early
1,4,8,KAZOO,INSTRUMENTS,small,K,5,49,218,78,72.36555565809027,52.95375570830593,early
1,4,9,BOLTS,TOOLS,small,B,5,47,205,33,76.4279688677962,24.566536771460616,early
1,4,10,PROTRACTOR,TOOLS,small,P,10,114,240,64,27.194623866063935,35.46906811676653,early
1,4,11,SAW,TOOLS,small,S,3,97,229,160,31.750897102404775,29.209607949105802,early
1,4,12,CHISEL,TOOLS,small,C,6,17,142,247,77.32388568868699,18.87831836912564,early
1,4,13,SWITZERLAND,COUNTRIES,large,S,11,66,223,171,82.84277351357255,48.150106137209264,early
1,4,14,FRANCE,COUNTRIES,large,F,6,126,67,173,59.01077526579957,51.07003612028932,early
1,4,15,ENGLAND,COUNTRIES,large,E,7,162,28,135,79.85516338422185,45.49498843424361,early
1,4,16,JAPAN,COUNTRIES,large,J,5,142,240,132,23.845788750026205,40.55975047647768,early
1,5,1,CEDAR,TREES,large,C,5,97,100,81,66.00363359169344,30.458779757045022,early
1,5,2,TEAK,TREES,large,T,4,27,210,43,79.86682012316422,23.700100311412548,early
1,5,3,SYCAMORE,TREES,large,S,8,93,48,249,20.88009033310804,33.47897102296293,early
1,5,4,PALM,TREES,large,P,4,109,214,203,47.09632747846282,32.19810507993784,early
1,5,5,CHICAGO,CITIES,large,C,7,153,220,23,60.64846968589583,4.825147240762381,early
1,5,6,SYDNEY,CITIES,large,S,6,8,122,129,21.89326705421082,4.670153553052655,early
1,5,7,BERLIN,CITIES,large,B,6,137,5,0,33.874250416527694,74.32832188115205,early
1,5,8,RENO,CITIES,large,R,4,8,156,132,49.16372209943653,16.03799286436997,early
1,5,9,TROUSERS,CLOTHING,small,T,8,222,11,184,25.029191647321674,35.7073549519701,early
1,5,10,GLOVES,CLOTHING,small,G,6,182,102,79,40.092565838903205,65.24848019140099,early
1,5,11,SWEATER,CLOTHING,small,S,7,234,205,201,12.129149976918184,10.294656600702977,early
1,5,12,BRA,CLOTHING,small,B,3,236,45,235,29.432505605713487,45.04128334573813,early
1,5,13,MILLIPEDE,INSECTS,small,M,9,233,153,171,36.29211379347245,53.73349386231155,early
1,5,14,HORNET,INSECTS,small,H,6,122,107,135,54.106058914991785,23.64293588536398,early
1,5,15,MOSQUITO,INSECTS,small,M,8,74,197,254,24.510654262119694,31.421237107715772,early
1,5,16,MANTIS,INSECTS,small,M,6,253,126,222,29.65463567486242,7.544884477932212,early
1,6,1,VIOLIN,INSTRUMENTS,large,V,6,97,209,72,33.28298354009653,12.471084505512547,early
1,6,2,CELLO,INSTRUMENTS,large,C,5,64,26,98,7.216556824456627,8.456731068428537,early
1,6,3,TRIANGLE,INSTRUMENTS,small,T,8,80,89,172,34.03949356777284,47.731689680744395,early
1,6,4,SAXOPHONE,INSTRUMENTS,large,S,9,251,246,154,72.11201501057108,43.686575529491066,early
1,6,5,WIRE,TOOLS,small,W,4,169,45,227,22.624259676832512,60.00078089346757,early
1,6,6,HAMMER,TOOLS,small,H,6,191,243,254,4.467954707454701,56.6418116401786,early
1,6,7,SCREWS,TOOLS,small,S,6,200,141,46,33.33672224851329,7.0722762585729715,early
1,6,8,WEDGE,TOOLS,small,W,5,150,122,184,10.25424733368485,69.07075710375723,early
1,6,9,PLUM,FRUITS,small,P,4,118,40,143,30.74576601330835,53.56098606174355,early
1,6,10,RASPBERRY,FRUITS,small,R,9,129,162,41,44.235016149018634,19.85061611519296,early
1,6,11,FIG,FRUITS,small,F,3,26,106,189,37.909836494479904,21.531082750310183,early
1,6,12,HONEYDEW,FRUITS,small,H,8,61,167,117,57.58461906890646,29.54276277237696,early
1,6,13,MAPLE,TREES,large,M,5,126,147,157,42.08755695713255,55.31749424374691,early
1,6,14,ELM,TREES,large,E,3,71,94,167,13.928427551499384,24.0439313073591,early
1,6,15,PINE,TREES,large,P,4,138,15,149,17.074189628829316,81.33889611080676,early
1,6,16,HICKORY,TREES,large,H,7,72,253,52,13.709546726313803,23.027775510774525,early
1,7,1,WISCONSIN,STATES,large,W,9,192,23,179,68.7067311114647,65.55532231391273,early
1,7,2,VERMONT,STATES,large,V,7,227,76,194,20.156205867574325,49.64548842110354,early
1,7,3,CALIFORNIA,STATES,large,C,10,224,132,198,61.27242954558858,57.95511244811882,early
1,7,4,HAWAII,STATES,large,H,6,69,69,215,13.39684792646841,77.88763265348707,early
1,7,5,PHILADELPHIA,CITIES,large,P,12,46,48,29,35.67283537716434,26.279062247025422,early
1,7,6,TOKYO,CITIES,large,T,5,1,20,36,80.64498764878591,28.155440487611852,early
1,7,7,VANCOUVER,CITIES,large,V,9,38,220,32,50.2345832682771,71.33186857166974,early
1,7,8,JERUSALEM,CITIES,large,J,9,9,52,148,1.152177490967482,26.23001115934673,early
1,7,9,RULER,TOOLS,small,R,5,30,82,82,0.0904201482127387,14.615337128950003,early
1,7,10,NUTS,TOOLS,small,N,4,227,141,224,21.164202904975042,3.132358571142287,early
1,7,11,WASHER,TOOLS,small,W,6,0,143,210,81.84069839347764,56.916153633536894,early
1,7,12,GLUE,TOOLS,small,G,4,123,86,59,57.70144231726629,61.26549136474683,early
1,7,13,MANGO,FRUITS,small,M,5,110,160,149,20.366167377557318,68.51101591288129,early
1,7,14,NECTARINE,FRUITS,small,N,9,34,121,179,79.51486782130253,1.3910795887436718,early
1,7,15,KUMQUAT,FRUITS,small,K,7,28,175,59,61.87149748929915,59.84158826424709,early
1,7,16,BANANA,FRUITS,small,B,6,154,97,159,79.80930719406676,40.14777704567989,early
1,8,1,MONTREAL,CITIES,large,M,8,199,65,139,13.397370609348389,75.60261931220138,late
1,8,2,MUG,KITCHEN-RELATED,small,M,3,158,15,89,62.61188792110644,47.985390843063534,late
1,8,3,TUBA,INSTRUMENTS,large,T,4,19,57,19,12.167719075824728,28.82266718472264,late
1,8,4,PARIS,CITIES,large,P,5,13,129,204,58.03558594527995,35.47170914145416,late
1,8,5,STOMACH,BODY PARTS,small,S,7,24,140,186,31.240773944720825,43.117781248589395,late
1,8,6,ROME,CITIES,large,R,4,28,23,59,1.0784185410685088,12.673113797006078,late
1,8,7,OVEN,KITCHEN-RELATED,large,O,4,63,212,178,33.228749732207426,57.36738815438272,late
1,8,8,TRUMPET,INSTRUMENTS,large,T,7,164,56,50,25.64434775873573,42.650059390724934,late
1,8,9,PICCOLO,INSTRUMENTS,small,P,7,166,207,172,67.39657763502419,34.64592725938939,late
1,8,10,BROILER,KITCHEN-RELATED,large,B,7,14,125,171,54.00210274620596,40.50733370925492,late
1,8,11,TAMBOURINE,INSTRUMENTS,small,T,10,88,52,169,82.76789887675615,29.10312042483849,late
1,8,12,DALLAS,CITIES,large,D,6,211,197,50,13.941741954479664,63.38461494317887,late
1,8,13,THERMOMETER,KITCHEN-RELATED,small,T,11,29,53,156,77.12651998781212,64.4262839513255,late
1,8,14,ARMS,BODY PARTS,large,A,4,213,191,142,35.25199663626151,55.866565228881825,late
1,8,15,HIP,BODY PARTS,small,H,3,59,200,155,25.482311920038907,55.96091989465568,late
1,8,16,PELVIS,BODY PARTS,large,P,6,152,43,190,59.37471670482392,5.3533828412739695,late
1,9,1,SAUCER,KITCHEN-RELATED,small,S,6,164,225,46,30.93986713227699,23.296834269640733,late
1,9,2,DAHLIA,FLOWERS,small,D,6,7,180,123,20.962399698219222,66.31226899516999,late
1,9,3,BROCCOLI,VEGETABLES,small,B,8,126,209,90,6.3870477011729365,16.441785430343316,late
1,9,4,GRIDDLE,KITCHEN-RELATED,small,G,7,66,121,138,22.147836599846574,68.37158574762157,late
1,9,5,CARPET,BUILDING RELATED,large,C,6,58,121,11,69.1328937220455,69.59087035579677,late
1,9,6,AZALEA,FLOWERS,small,A,6,7,157,120,39.10635148529776,3.5453248149231382,late
1,9,7,ONION,VEGETABLES,small,O,5,103,66,75,48.834577384092285,5.302153287175788,late
1,9,8,LOG,FLOWERS,small,L,3,139,99,111,41.978656379823754,24.872463902326547,late
1,9,9,STRAINER,KITCHEN-RELATED,small,S,8,154,56,106,67.7558281449664,39.56278320955849,late
1,9,10,BUTTERCUP,FLOWERS,small,B,9,147,115,46,48.13570901219404,17.565963500324663,late
1,9,11,PICKLE,VEGETABLES,small,P,6,163,213,53,8.460584701478009,3.187531082080773,late
1,9,12,FLOOR,BUILDING RELATED,large,F,5,58,172,219,40.368381881295136,11.364030441640052,late
1,9,13,ELEVATOR,BUILDING RELATED,large,E,8,170,54,127,2.7327176340205273,51.82384682227592,late
1,9,14,DISH,KITCHEN-RELATED,small,D,4,1,47,199,62.00374768026983,39.954309971150266,late
1,9,15,CAULIFLOWER,VEGETABLES,small,C,11,218,117,86,3.170808130242352,12.922846290221598,late
1,9,16,FOUNDATION,BUILDING RELATED,large,F,10,45,79,209,6.664216576370373,41.7387567067199,late
1,10,1,REFRIGERATOR,KITCHEN-RELATED,large,R,12,67,146,61,70.01088028933702,39.31759569585961,late
1,10,2,KIWI,FRUITS,small,K,4,243,75,51,23.75744545220415,7.987399544847582,late
1,10,3,TANGELO,FRUITS,small,T,7,178,83,10,27.193992543747925,51.42402407665538,late
1,10,4,GUAVA,FRUITS,small,G,5,58,78,178,13.23564562817283,27.083319022972315,late
1,10,5,GIRAFFE,MAMMALS,large,G,7,226,201,19,61.79032240201239,61.60342628826957,late
1,10,6,WINDOW,BUILDING RELATED,large,W,6,65,199,128,22.438231910511266,58.80809268529084,late
1,10,7,DOOR,BUILDING RELATED,large,D,4,16,118,91,11.085713576418415,78.54236894390091,late
1,10,8,CORRIDOR,BUILDING RELATED,large,C,8,40,250,219,69.52489237416243,46.78205735774569,late
1,10,9,COW,MAMMALS,large,C,3,187,97,208,81.64146834281829,21.571834233124033,late
1,10,10,GLASS,KITCHEN-RELATED,small,G,5,155,139,7,49.08589879755225,61.08441143559058,late
1,10,11,HALL,BUILDING RELATED,large,H,4,99,229,4,65.21130413747973,39.94499508537951,late
1,10,12,STRAWBERRY,FRUITS,small,S,10,120,93,243,5.800673383807226,35.905297145144324,late
1,10,13,POT,KITCHEN-RELATED,large,P,3,4,13,197,12.546539253895993,31.30178418158924,late
1,10,14,MOUSE,MAMMALS,small,M,5,98,109,135,26.477829034941415,36.56237697445947,late
1,10,15,SPATULA,KITCHEN-RELATED,small,S,7,228,81,240,0.8165022545959377,19.19255730033361,late
1,10,16,HORSE,MAMMALS,large,H,5,179,175,241,39.01379310712898,16.002139440308497,late
1,11,1,MIXER,KITCHEN-RELATED,large,M,5,49,88,86,51.91419404114798,33.9701183307466,late
1,11,2,UKULELE,INSTRUMENTS,small,U,7,241,80,7,62.846125898069396,30.24161778323669,late
1,11,3,EVERGREEN,TREES,large,E,9,114,191,180,18.655214879224417,45.28373349391869,late
1,11,4,SPRUCE,TREES,large,S,6,91,53,91,40.591135446517136,80.97562520142048,late
1,11,5,OAK,TREES,large,O,3,85,69,29,12.581080371063617,10.851915835800359,late
1,11,6,ROBE,CLOTHING,small,R,4,78,251,217,42.35931411837192,42.99684893944211,late
1,11,7,COLANDER,KITCHEN-RELATED,small,C,8,222,72,1,39.91709254063152,30.89434058412402,late
1,11,8,BLENDER,KITCHEN-RELATED,large,B,7,138,248,78,35.74385141960433,55.64933316084119,late
1,11,9,BANJO,INSTRUMENTS,large,B,5,196,43,132,15.202636572658898,75.86812046528027,late
1,11,10,SHIRT,CLOTHING,small,S,5,155,209,122,17.145481252246366,31.754916437420537,late
1,11,11,HARMONICA,INSTRUMENTS,small,H,9,145,68,221,70.46477914392777,22.171014253198337,late
1,11,12,JUMPER,CLOTHING,small,J,6,37,135,79,82.17717811379084,31.52974273534985,late
1,11,13,CUP,KITCHEN-RELATED,small,C,3,127,192,55,47.83146295849973,55.025393376225175,late
1,11,14,BELT,CLOTHING,small,B,4,119,41,108,27.023434436452337,10.470499634474479,late
1,11,15,COTTONWOOD,TREES,large,C,10,147,176,201,27.43740149821675,35.802566450906006,late
1,11,16,MARIMBA,INSTRUMENTS,large,M,7,235,63,212,16.179968473551487,76.95782020304512,late
1,12,1,LARVA,INSECTS,small,L,5,60,69,215,10.644675063339468,0.642222892718417,late
1,12,2,XYLOPHONE,INSTRUMENTS,large,X,9,51,109,140,60.994055369050294,7.838360578766042,late
1,12,3,MONARCH,INSECTS,small,M,7,95,74,218,31.32422377306761,58.138591163104444,late
1,12,4,ANKLE,BODY PARTS,small,A,5,137,111,229,29.79541353670691,9.050164878741992,late
1,12,5,POPLAR,TREES,large,P,6,179,119,53,34.02203310691416,38.76157435515105,late
1,12,6,GUITAR,INSTRUMENTS,large,G,6,40,192,215,43.154442967443934,69.65084010077872,late
1,12,7,WILLOW,TREES,large,W,6,82,164,226,10.791100478506342,5.528754298802921,late
1,12,8,EUCALYPTUS,TREES,large,E,10,161,191,129,71.5979888730371,24.54203687053324,late
1,12,9,SCORPION,INSECTS,small,S,8,7,247,47,21.41566819938539,53.29729984373372,late
1,12,10,BONGOS,INSTRUMENTS,large,B,6,94,195,249,80.59786195561695,62.40747483664919,late
1,12,11,LIP,BODY PARTS,small,L,3,167,49,236,74.55511612869485,10.946959510257274,late
1,12,12,HAND,BODY PARTS,small,H,4,233,7,6,3.5328354640260273,14.101591917277533,late
1,12,13,WORM,INSECTS,small,W,4,149,190,181,64.94530429965421,73.3420793313106,late
1,12,14,ACCORDION,INSTRUMENTS,large,A,9,185,42,186,29.287037443272066,66.78745805510667,late
1,12,15,FINGER,BODY PARTS,small,F,6,135,105,104,11.50739818244076,56.6851147076835,late
1,12,16,ASH,TREES,large,A,3,2,184,61,63.09788839720693,38.638804921687345,late
1,13,1,RHINOCEROS,MAMMALS,large,R,10,80,238,55,51.76572459570058,30.08332138399691,late
1,13,2,BEETLE,INSECTS,small,B,6,187,76,137,46.64927185800892,31.855723404278688,late
1,13,3,RABBIT,MAMMALS,small,R,6,160,124,127,31.136634327084952,47.08749119098079,late
1,13,4,WASP,INSECTS,small,W,4,58,5,171,55.060260632390055,34.99631551752012,late
1,13,5,PUMPKIN,VEGETABLES,large,P,7,104,11,103,60.90836498463947,7.517770059714996,late
1,13,6,RUTABAGA,VEGETABLES,small,R,8,178,114,92,22.108719340015558,17.106391292249427,late
1,13,7,TERMITE,INSECTS,small,T,7,85,157,222,8.04721249755904,36.122693854098046,late
1,13,8,PENNSYLVANIA,STATES,large,P,12,141,50,134,80.66691972375065,36.487858351457874,late
1,13,9,TEXAS,STATES,large,T,5,213,81,159,10.914465016798605,44.3439126538733,late
1,13,10,OHIO,STATES,large,O,4,219,53,180,2.169639324670578,60.09077145936287,late
1,13,11,GINGER,VEGETABLES,small,G,6,62,209,68,15.124745043523006,76.38167807840232,late
1,13,12,FOX,MAMMALS,large,F,3,139,147,102,73.40501919989032,82.20902252659145,late
1,13,13,LLAMA,MAMMALS,large,L,5,235,118,135,71.0036873246001,3.9010724622977646,late
1,13,14,CHRYSALIS,INSECTS,small,C,9,116,51,18,63.39592487824284,66.62668613369408,late
1,13,15,OKRA,VEGETABLES,small,O,4,19,71,161,77.40391803178281,63.1828046948398,late
1,13,16,ALASKA,STATES,large,A,6,67,83,30,12.41763907646897,72.15318011155253,late
1,14,1,SPINACH,VEGETABLES,small,S,7,95,158,103,43.92813577773117,34.546804274956756,late
1,14,2,FURNACE,BUILDING RELATED,large,F,7,232,200,111,42.736870625759046,57.12018928889969,late
1,14,3,CAMISOLE,CLOTHING,small,C,8,162,111,244,32.80413702166158,33.48831670513958,late
1,14,4,IRAN,COUNTRIES,large,I,4,158,23,107,29.284528571823383,9.65495889809569,late
1,14,5,LOBBY,BUILDING RELATED,large,L,5,187,73,227,25.525565599077982,76.2531141219231,late
1,14,6,JACKET,CLOTHING,small,J,6,88,94,195,53.91801132434596,27.944566556334088,late
1,14,7,ARTICHOKE,VEGETABLES,small,A,9,132,254,246,57.79332448346077,2.0535269094116133,late
1,14,8,POTATO,VEGETABLES,small,P,6,133,45,175,25.366658088675543,32.858683067261346,late
1,14,9,CLOSET,BUILDING RELATED,large,C,6,140,132,63,70.46526703493606,62.40660474514538,late
1,14,10,GERMANY,COUNTRIES,large,G,7,137,114,243,16.448509696781496,27.713535933933535,late
1,14,11,EGYPT,COUNTRIES,large,E,5,79,102,22,45.20580748962119,30.532507719014365,late
1,14,12,CUBA,COUNTRIES,large,C,4,127,149,39,84.06795053796631,33.9993975649878,late
1,14,13,CHIMNEY,BUILDING RELATED,large,C,7,184,102,216,11.408634504604041,22.93105311037904,late
1,14,14,SUIT,CLOTHING,small,S,4,233,240,98,80.21719588670257,47.535644558827556,late
1,14,15,BLOUSE,CLOTHING,small,B,6,11,225,109,69.91946854667242,11.184433992961456,late
1,14,16,GARLIC,VEGETABLES,small,G,6,93,53,130,82.96375201345235,55.21652454373398,late
1,15,1,KNUCKLE,BODY PARTS,small,K,7,117,244,99,38.91327539619679,64.33069542904731,late
1,15,2,KITCHEN,BUILDING RELATED,large,K,7,119,118,77,23.701406275279602,12.106915003319052,late
1,15,3,FACE,BODY PARTS,small,F,4,189,210,88,70.29268652547164,2.1915386757388795,late
1,15,4,DOG,MAMMALS,large,D,3,253,102,182,44.20999768422447,81.52266274628349,late
1,15,5,DONKEY,MAMMALS,large,D,6,181,105,75,36.48507852578896,12.089572439083856,late
1,15,6,CARNATION,FLOWERS,small,C,9,0,11,227,38.01292933271247,8.486723540312152,late
1,15,7,BARN,BUILDING RELATED,large,B,4,153,205,250,20.29467302004267,80.62905647246195,late
1,15,8,PETUNIA,FLOWERS,small,P,7,50,234,153,10.221681525770771,0.8225154197934268,late
1,15,9,ALCOVE,BUILDING RELATED,large,A,6,179,247,59,21.462111212364665,4.522804162174092,late
1,15,10,TIGER,MAMMALS,large,T,5,235,31,80,54.04922206062828,67.19969059977673,late
1,15,11,EAR,BODY PARTS,small,E,3,161,3,116,45.41199884345984,46.02699029548187,late
1,15,12,ROSE,FLOWERS,small,R,4,250,26,206,72.22605021260465,63.67050017872437,late
1,15,13,GAZEBO,BUILDING RELATED,large,G,6,90,18,110,73.4615700094031,32.771445991413266,late
1,15,14,HEART,BODY PARTS,small,H,5,127,33,115,26.43284977273871,20.97347668177536,late
1,15,15,HIPPOPOTAMUS,MAMMALS,large,H,12,169,209,155,21.93487657871763,60.38608588100111,late
1,15,16,TULIP,FLOWERS,small,T,5,142,4,80,57.37003124067483,19.409704221383393,late
2,0,1,PIG,MAMMALS,large,P,3,118,212,169,80.66153456443116,30.6396901591387,early
2,0,2,ZEBRA,MAMMALS,large,Z,5,219,71,24,47.69158184716859,15.109009699622893,early
2,0,3,LION,MAMMALS,large,L,4,23,149,3,60.27145871229516,47.550703745707075,early
2,0,4,ELEPHANT,MAMMALS,large,E,8,178,161,148,7.812382196265081,63.326539219399535,early
2,0,5,AUSTRALIA,COUNTRIES,large,A,9,158,156,139,60.317099469565704,49.79687612868632,early
2,0,6,ETHIOPIA,COUNTRIES,large,E,8,134,240,116,32.204306236437894,45.47773873029038,early
2,0,7,POLAND,COUNTRIES,large,P,6,54,17,67,60.380292256100006,68.88999969416211,early
2,0,8,ITALY,COUNTRIES,large,I,5,240,120,204,33.83720800315409,82.38949737529973,early
2,0,9,CELERY,VEGETABLES,small,C,6,70,216,58,44.78714689663611,24.389105273473263,early
2,0,10,CARROT,VEGETABLES,small,C,6,241,65,242,15.557557133387593,80.49101656417875,early
2,0,11,YAMS,VEGETABLES,small,Y,4,23,96,132,79.2822845652578,87.13019610689533,early
2,0,12,LETTUCE,VEGETABLES,small,L,7,64,142,117,37.14246189104587,36.00772317459294,early
2,0,13,TROMBONE,INSTRUMENTS,large,T,8,178,197,124,64.00928805695676,40.00374271868059,early
2,0,14,BASS,INSTRUMENTS,large,B,4,82,131,183,44.36138535653508,16.114029649520763,early
2,0,15,MARACAS,INSTRUMENTS,small,M,7,33,146,234,27.177444466691963,7.563725006029713,early
2,0,16,VIOLA,INSTRUMENTS,large,V,5,141,231,174,59.70853686947503,43.89776064992444,early
2,1,1,TOOTH,BODY PARTS,small,T,5,99,248,141,33.610209489585735,35.893382443948184,early
2,1,2,PANCREAS,BODY PARTS,small,P,8,130,95,200,47.08005347637126,41.313304555261944,early
2,1,3,TONGUE,BODY PARTS,small,T,6,201,162,209,74.91406009733174,52.01906742256324,early
2,1,4,RIB,BODY PARTS,small,R,3,234,217,21,16.500001651649015,68.0111192723793,early
2,1,5,MONKEY,MAMMALS,large,M,6,121,38,91,43.57222442212381,56.10221075420698,early
2,1,6,RACOON,MAMMALS,large,R,6,230,195,60,34.341116404549496,52.51518313419634,early
2,1,7,MOOSE,MAMMALS,large,M,5,103,104,214,3.386847601010974,74.20480231739803,early
2,1,8,ANTELOPE,MAMMALS,large,A,8,7,87,39,59.44887656419524,51.63129716755024,early
2,1,9,MICHIGAN,STATES,large,M,8,52,217,121,8.672544242799237,60.11577695027163,early
2,1,10,IOWA,STATES,large,I,4,79,127,144,7.15721948770704,26.56533186188159,early
2,1,11,FLORIDA,STATES,large,F,7,174,55,119,47.4725965326737,43.58739719375333,early
2,1,12,KANSAS,STATES,large,K,6,106,181,203,30.656882434942617,37.47680274334132,early
2,1,13,CLEMENTINE,FRUITS,small,C,10,33,52,163,17.635023971663514,20.864179000933042,early
2,1,14,POMEGRANATE,FRUITS,small,P,11,141,118,238,58.12313790654893,7.298876947369803,early
2,1,15,LEMON,FRUITS,small,L,5,212,1,4,33.98104018508535,66.52691710882412,early
2,1,16,PEAR,FRUITS,small,P,4,119,72,155,29.405718861087436,85.71472514840893,early
2,2,1,HAWAII,STATES,large,H,6,44,76,159,34.39420282684457,35.25704526732612,early
2,2,2,VERMONT,STATES,large,V,7,26,177,249,82.3022011455366,21.681126108394892,early
2,2,3,CALIFORNIA,STATES,large,C,10,97,226,35,25.590051368035873,22.775249657510713,early
2,2,4,WISCONSIN,STATES,large,W,9,237,175,51,23.900463525332476,68.77832758680138,early
2,2,5,JERUSALEM,CITIES,large,J,9,223,138,155,47.858889223843036,38.556503492954526,early
2,2,6,VANCOUVER,CITIES,large,V,9,252,160,102,40.348609648012136,66.67074557550043,early
2,2,7,TOKYO,CITIES,large,T,5,233,228,214,66.5437925288687,61.28283593001281,early
2,2,8,PHILADELPHIA,CITIES,large,P,12,98,26,221,79.42486130467832,29.99341948166628,early
2,2,9,BANANA,FRUITS,small,B,6,91,252,243,0.35677862186689335,0.908480098494286,early
2,2,10,KUMQUAT,FRUITS,small,K,7,213,134,212,50.46412786918603,63.764591310555616,early
2,2,11,NECTARINE,FRUITS,small,N,9,113,80,68,58.56456392660778,32.157267201254356,early
2,2,12,MANGO,FRUITS,small,M,5,214,29,45,84.8342979964963,8.971996922905625,early
2,2,13,GLUE,TOOLS,small,G,4,67,97,225,25.417184941738075,51.085733588680085,early
2,2,14,NUTS,TOOLS,small,N,4,130,214,111,33.313718702871725,72.86659866716022,early
2,2,15,WASHER,TOOLS,small,W,6,204,108,100,1.1517885777389614,60.83316675073786,early
2,2,16,RULER,TOOLS,small,R,5,199,185,179,51.757370250089075,81.02490316217725,early
2,3,1,CLOSET,BUILDING RELATED,large,C,6,16,160,51,79.95347824508936,25.070300759987376,early
2,3,2,LOBBY,BUILDING RELATED,large,L,5,74,65,193,70.29455846435168,70.7765902246565,early
2,3,3,CHIMNEY,BUILDING RELATED,large,C,7,183,31,199,55.62501363045202,38.19116201379649,early
2,3,4,FURNACE,BUILDING RELATED,large,F,7,97,138,83,63.11724409410996,49.854671251648085,early
2,3,5,GARLIC,VEGETABLES,small,G,6,146,104,75,34.41947001194538,2.935447579259103,early
2,3,6,ARTICHOKE,VEGETABLES,small,A,9,83,215,100,6.150748345188902,57.904167022581774,early
2,3,7,POTATO,VEGETABLES,small,P,6,39,196,24,54.63968702095531,71.32523432235372,early
2,3,8,SPINACH,VEGETABLES,small,S,7,207,243,230,49.22535794858874,74.46693049405856,early
2,3,9,EGYPT,COUNTRIES,large,E,5,165,17,206,11.54452378931653,32.68470715322587,early
2,3,10,IRAN,COUNTRIES,large,I,4,243,71,52,62.950877346009726,48.77789870661943,early
2,3,11,GERMANY,COUNTRIES,large,G,7,21,206,244,46.46291626768016,1.8922070532712414,early
2,3,12,CUBA,COUNTRIES,large,C,4,178,163,98,8.752804606382231,51.69580761698272,early
2,3,13,SUIT,CLOTHING,small,S,4,243,134,20,48.96548238615614,7.873443092670261,early
2,3,14,JACKET,CLOTHING,small,J,6,83,61,40,77.22383301365699,2.686243789208489,early
2,3,15,CAMISOLE,CLOTHING,small,C,8,92,129,206,70.18972557948649,62.793706239158794,early
2,3,16,BLOUSE,CLOTHING,small,B,6,155,207,220,30.015376106549112,28.756265127548108,early
2,4,1,PICKLE,VEGETABLES,small,P,6,136,157,113,2.998304633704226,60.56186203966975,early
2,4,2,CAULIFLOWER,VEGETABLES,small,C,11,87,47,2,12.886626363125487,28.03628851662736,early
2,4,3,BROCCOLI,VEGETABLES,small,B,8,233,177,160,43.88858516583306,70.34779442825835,early
2,4,4,ONION,VEGETABLES,small,O,5,183,177,233,26.3726772938587,20.55445432993878,early
2,4,5,AZALEA,FLOWERS,small,A,6,27,214,242,73.93581839195714,26.342447163460502,early
2,4,6,DAHLIA,FLOWERS,small,D,6,249,192,157,19.875133703323524,4.926571615911329,early
2,4,7,LOG,FLOWERS,small,L,3,129,219,205,43.14113029351294,23.824604118937565,early
2,4,8,BUTTERCUP,FLOWERS,small,B,9,8,61,147,4.618829057028241,53.20245112208466,early
2,4,9,DISH,KITCHEN-RELATED,small,D,4,178,201,229,36.78385237043466,50.55218399435231,early
2,4,10,GRIDDLE,KITCHEN-RELATED,small,G,7,251,201,80,63.132226055036135,49.89451517966854,early
2,4,11,SAUCER,KITCHEN-RELATED,small,S,6,44,29,232,25.093652624466767,33.69344861087882,early
2,4,12,STRAINER,KITCHEN-RELATED,small,S,8,139,205,237,51.39588757419962,71.96058507021102,early
2,4,13,FLOOR,BUILDING RELATED,large,F,5,155,65,199,45.675256305430565,15.782257401665072,early
2,4,14,FOUNDATION,BUILDING RELATED,large,F,10,207,50,143,81.56018188524133,47.448011729088876,early
2,4,15,CARPET,BUILDING RELATED,large,C,6,221,135,17,69.2870997739692,56.038309922640686,early
2,4,16,ELEVATOR,BUILDING RELATED,large,E,8,181,224,210,47.99405007262765,0.34283132371861225,early
2,5,1,UKULELE,INSTRUMENTS,small,U,7,236,243,136,34.252885963033286,62.855826116356404,early
2,5,2,HARMONICA,INSTRUMENTS,small,H,9,67,0,243,68.36629143016492,28.042361331898277,early
2,5,3,BANJO,INSTRUMENTS,large,B,5,144,48,95,36.292712396587206,17.837638431562368,early
2,5,4,MARIMBA,INSTRUMENTS,large,M,7,184,202,13,28.40988344444655,46.83699941708632,early
2,5,5,COLANDER,KITCHEN-RELATED,small,C,8,219,95,88,16.533864737239313,63.71815904836217,early
2,5,6,MIXER,KITCHEN-RELATED,large,M,5,118,92,213,84.1358900865759,32.29358648052385,early
2,5,7,CUP,KITCHEN-RELATED,small,C,3,11,136,67,36.16553704837031,0.2238667691937044,early
2,5,8,BLENDER,KITCHEN-RELATED,large,B,7,175,3,34,52.45300972648501,2.386121167337251,early
2,5,9,JUMPER,CLOTHING,small,J,6,68,134,72,57.3826977135135,65.28528110198661,early
2,5,10,ROBE,CLOTHING,small,R,4,102,204,130,83.18782259758693,68.97114071382695,early
2,5,11,SHIRT,CLOTHING,small,S,5,178,247,158,53.24411224491674,79.08545686395256,early
2,5,12,BELT,CLOTHING,small,B,4,135,195,226,58.10855891579901,74.03863209749653,early
2,5,13,COTTONWOOD,TREES,large,C,10,56,88,93,80.97726736762564,48.25159899857304,early
2,5,14,OAK,TREES,large,O,3,245,15,117,73.31725744398177,31.274154691725787,early
2,5,15,SPRUCE,TREES,large,S,6,210,175,27,79.30159814742639,33.522050660569874,early
2,5,16,EVERGREEN,TREES,large,E,9,175,148,13,48.85762305371353,26.228895943140994,early
2,6,1,SHOULDER,BODY PARTS,small,S,8,156,54,56,11.426348869798487,24.528374596763697,early
2,6,2,FOOT,BODY PARTS,small,F,4,176,128,177,16.387361041040364,7.6329628856218275,early
2,6,3,KIDNEY,BODY PARTS,small,K,6,33,29,210,17.4994806418043,62.57764556528208,early
2,6,4,ELBOW,BODY PARTS,small,E,5,110,207,152,46.20511456914158,18.25371919612096,early
2,6,5,MIAMI,CITIES,large,M,5,135,151,71,7.503916252336521,16.236553566061733,early
2,6,6,TORONTO,CITIES,large,T,7,224,200,56,83.60746034413852,64.0510771121912,early
2,6,7,STOCKHOLM,CITIES,large,S,9,243,30,30,48.678898390169145,67.3804593878698,early
2,6,8,BOMBAY,CITIES,large,B,6,135,152,208,35.175966370337726,16.702584894194835,early
2,6,9,ZUCCHINI,VEGETABLES,small,Z,8,61,130,235,45.61502125498082,7.903265713620218,early
2,6,10,OLIVE,VEGETABLES,small,O,5,47,173,168,77.01892111336235,68.45271706117786,early
2,6,11,SQUASH,VEGETABLES,small,S,6,148,239,160,71.24021452671387,8.08896958249068,early
2,6,12,AUBERGINE,VEGETABLES,small,A,9,20,100,138,52.35790438565663,30.304454563753698,early
2,6,13,GOAT,MAMMALS,large,G,4,241,193,144,15.61255526422576,35.38205660391912,early
2,6,14,PANTHER,MAMMALS,large,P,7,101,244,25,84.86585795960505,8.69892388683702,early
2,6,15,WOLF,MAMMALS,large,W,4,154,250,101,60.921016057288284,10.104623026359974,early
2,6,16,SHEEP,MAMMALS,large,S,5,190,43,135,21.633528446754404,81.91925898215324,early
2,7,1,BONGOS,INSTRUMENTS,large,B,6,238,180,101,23.098876857996505,53.06428310853733,early
2,7,2,XYLOPHONE,INSTRUMENTS,large,X,9,246,199,76,71.18963695398399,5.436999308771616,early
2,7,3,ACCORDION,INSTRUMENTS,large,A,9,176,211,139,63.3038490356029,29.11267179637868,early
2,7,4,GUITAR,INSTRUMENTS,large,G,6,21,17,55,71.19639886969101,39.918126248843095,early
2,7,5,EUCALYPTUS,TREES,large,E,10,224,241,117,64.56718337339431,47.779343156909604,early
2,7,6,WILLOW,TREES,large,W,6,234,49,133,71.8473935473938,42.729357444256514,early
2,7,7,POPLAR,TREES,large,P,6,206,215,231,61.06602168389909,31.211907455318354,early
2,7,8,ASH,TREES,large,A,3,104,243,39,74.00023893258538,85.05108673089394,early
2,7,9,HAND,BODY PARTS,small,H,4,214,161,96,30.3311308259756,36.92615756346825,early
2,7,10,ANKLE,BODY PARTS,small,A,5,45,229,55,68.4935561904296,77.18514233648646,early
2,7,11,LIP,BODY PARTS,small,L,3,96,89,133,53.91248812251373,43.1438038976083,early
2,7,12,FINGER,BODY PARTS,small,F,6,206,224,137,7.028935741265152,23.599556228381434,early
2,7,13,MONARCH,INSECTS,small,M,7,162,182,113,63.680581375782054,23.267017437021533,early
2,7,14,WORM,INSECTS,small,W,4,238,94,196,66.08063549937665,7.251928765551396,early
2,7,15,SCORPION,INSECTS,small,S,8,214,132,135,8.996015489061296,66.26171589984261,early
2,7,16,LARVA,INSECTS,small,L,5,112,67,75,46.26386098856895,37.66002670008795,early
2,8,1,GLOVES,CLOTHING,small,G,6,127,182,202,78.2089431238319,37.889141023020166,late
2,8,2,MANTIS,INSECTS,small,M,6,125,73,7,25.8922483281796,9.717094878394297,late
2,8,3,TROUSERS,CLOTHING,small,T,8,227,74,58,20.66531926200893,63.20396185317533,late
2,8,4,SYCAMORE,TREES,large,S,8,148,242,134,5.523106597278523,49.16703154968696,late
2,8,5,SWEATER,CLOTHING,small,S,7,236,148,136,7.904381941884598,69.19963145794492,late
2,8,6,SYDNEY,CITIES,large,S,6,54,85,103,5.164841776419763,8.496503514207898,late
2,8,7,PALM,TREES,large,P,4,90,240,85,49.62595059933906,85.01573508774983,late
2,8,8,MOSQUITO,INSECTS,small,M,8,44,95,29,84.94773961983083,52.415778971711525,late
2,8,9,RENO,CITIES,large,R,4,165,213,81,65.7699738414867,69.10780402246938,late
2,8,10,CHICAGO,CITIES,large,C,7,212,116,214,53.27703665071024,17.97839550339116,late
2,8,11,MILLIPEDE,INSECTS,small,M,9,170,114,177,59.432348257830945,64.78877706819266,late
2,8,12,TEAK,TREES,large,T,4,185,112,10,50.96213063382573,50.987890163447815,late
2,8,13,CEDAR,TREES,large,C,5,39,13,41,32.98633194568672,52.42823148674052,late
2,8,14,HORNET,INSECTS,small,H,6,204,105,194,18.709612954276537,4.733236710370025,late
2,8,15,BRA,CLOTHING,small,B,3,232,41,80,69.6258650801859,7.46801772867149,late
2,8,16,BERLIN,CITIES,large,B,6,25,56,20,46.75504379224133,40.8122014206678,late
2,9,1,BOLTS,TOOLS,small,B,5,237,124,123,79.64417190747913,30.47178502625424,late
2,9,2,PIANO,INSTRUMENTS,large,P,5,24,80,146,82.82238503494754,79.79315681103708,late
2,9,3,ENGLAND,COUNTRIES,large,E,7,151,240,216,24.19404414930877,69.37456181554488,late
2,9,4,CAT,MAMMALS,large,C,3,85,124,98,73.81732090159082,76.47907056822402,late
2,9,5,SQUIRREL,MAMMALS,small,S,8,62,9,0,61.1028493886813,36.63201986489251,late
2,9,6,DRUM,INSTRUMENTS,large,D,4,39,152,161,32.6701211509002,71.87056368085018,late
2,9,7,CLARINET,INSTRUMENTS,small,C,8,169,113,20,51.44763457213733,75.75105190784546,late
2,9,8,SWITZERLAND,COUNTRIES,large,S,11,207,101,109,80.50345814705244,51.15559954346843,late
2,9,9,LEOPARD,MAMMALS,large,L,7,122,232,87,17.256553617478453,1.4052578227731314,late
2,9,10,PROTRACTOR,TOOLS,small,P,10,97,168,221,50.62045158930511,21.300021886571876,late
2,9,11,JAPAN,COUNTRIES,large,J,5,69,235,32,57.91936769768389,13.35027512388147,late
2,9,12,CHISEL,TOOLS,small,C,6,166,241,234,68.23204433004233,37.350077240361294,late
2,9,13,KAZOO,INSTRUMENTS,small,K,5,171,205,163,50.965084955777655,82.17892320008625,late
2,9,14,SAW,TOOLS,small,S,3,26,88,229,72.33602590483156,37.94326482113535,late
2,9,15,FRANCE,COUNTRIES,large,F,6,111,174,54,7.261762544936178,11.594648840162018,late
2,9,16,FERRET,MAMMALS,small,F,6,12,68,248,30.607493880109516,6.463108418891391,late
2,10,1,FIG,FRUITS,small,F,3,28,180,100,19.368744671884343,78.58760247055025,late
2,10,2,SAXOPHONE,INSTRUMENTS,large,S,9,50,234,236,48.97537326780082,40.40011862310595,late
2,10,3,HICKORY,TREES,large,H,7,66,84,245,79.7293600047831,77.75612740762432,late
2,10,4,SCREWS,TOOLS,small,S,6,190,155,253,2.9453867961004008,64.26729892612737,late
2,10,5,PLUM,FRUITS,small,P,4,87,37,51,70.65869719743421,26.50648074721815,late
2,10,6,TRIANGLE,INSTRUMENTS,small,T,8,153,208,170,50.726019436722325,12.970612091137355,late
2,10,7,VIOLIN,INSTRUMENTS,large,V,6,233,146,178,36.835037947258826,77.76303356226512,late
2,10,8,WEDGE,TOOLS,small,W,5,130,79,133,10.5578828459707,70.22450067714084,late
2,10,9,WIRE,TOOLS,small,W,4,7,49,117,69.94088478008646,39.63161312470809,late
2,10,10,HONEYDEW,FRUITS,small,H,8,155,238,32,82.9540704849826,4.515144349190297,late
2,10,11,CELLO,INSTRUMENTS,large,C,5,247,213,44,39.23340704140433,62.301537347539615,late
2,10,12,HAMMER,TOOLS,small,H,6,18,23,88,46.738448225000454,80.50005339637526,late
2,10,13,PINE,TREES,large,P,4,94,124,221,45.82928789179524,13.785300488147458,late
2,10,14,ELM,TREES,large,E,3,234,155,113,9.7874721886799,85.60319873502904,late
2,10,15,RASPBERRY,FRUITS,small,R,9,207,177,65,28.68013410296191,27.3121976002012,late
2,10,16,MAPLE,TREES,large,M,5,56,170,105,11.20983602744687,8.714296905871137,late
2,11,1,FOX,MAMMALS,large,F,3,236,181,140,36.11391486472754,83.40463472247605,late
2,11,2,PENNSYLVANIA,STATES,large,P,12,134,87,252,39.038180008528684,43.833731253398184,late
2,11,3,BEETLE,INSECTS,small,B,6,117,101,148,75.49077140867904,79.444184897815,late
2,11,4,LLAMA,MAMMALS,large,L,5,40,10,211,29.505575815471374,9.44719342508487,late
2,11,5,PUMPKIN,VEGETABLES,large,P,7,148,50,68,62.74578037509671,51.261762351925654,late
2,11,6,CHRYSALIS,INSECTS,small,C,9,224,191,198,19.765026203426654,42.268709017225525,late
2,11,7,ALASKA,STATES,large,A,6,33,34,88,68.68942098831364,31.29375642483057,late
2,11,8,TEXAS,STATES,large,T,5,17,170,115,6.767918666424119,8.800713018775234,late
2,11,9,OHIO,STATES,large,O,4,36,213,246,8.616904508525984,79.73493150302117,late
2,11,10,RUTABAGA,VEGETABLES,small,R,8,165,246,71,41.5673873668211,28.23327696748439,late
2,11,11,TERMITE,INSECTS,small,T,7,82,231,177,58.55272218433171,35.55513014790981,late
2,11,12,RHINOCEROS,MAMMALS,large,R,10,174,241,33,54.53630316427841,3.4353009367957843,late
2,11,13,OKRA,VEGETABLES,small,O,4,22,52,124,6.9383668303647505,39.498019989733905,late
2,11,14,RABBIT,MAMMALS,small,R,6,184,21,216,28.777688828779937,58.99466832388583,late
2,11,15,GINGER,VEGETABLES,small,G,6,103,239,18,74.33315301233452,18.686837703871923,late
2,11,16,WASP,INSECTS,small,W,4,234,78,1,65.59054604539212,77.59676502434587,late
2,12,1,HORSE,MAMMALS,large,H,5,129,45,96,14.611945233210669,37.261922280099796,late
2,12,2,SPATULA,KITCHEN-RELATED,small,S,7,104,127,118,0.7715361042297442,77.40047613623386,late
2,12,3,GLASS,KITCHEN-RELATED,small,G,5,28,159,117,66.15995868540855,69.4658677009367,late
2,12,4,TANGELO,FRUITS,small,T,7,40,70,110,35.016653056306914,6.012670580645785,late
2,12,5,DOOR,BUILDING RELATED,large,D,4,59,137,19,53.92708832220856,7.9400001058785,late
2,12,6,HALL,BUILDING RELATED,large,H,4,151,71,2,34.60717577224976,56.32723385071402,late
2,12,7,GIRAFFE,MAMMALS,large,G,7,73,119,27,36.12121475526954,55.897125127903934,late
2,12,8,POT,KITCHEN-RELATED,large,P,3,39,215,90,15.208126316294507,11.92960906789356,late
2,12,9,REFRIGERATOR,KITCHEN-RELATED,large,R,12,217,238,28,10.992657260807972,31.22219038464648,late
2,12,10,WINDOW,BUILDING RELATED,large,W,6,95,92,83,53.724861734236875,29.385680039974858,late
2,12,11,KIWI,FRUITS,small,K,4,119,220,160,21.89501304376171,77.27942209680077,late
2,12,12,COW,MAMMALS,large,C,3,83,245,5,18.949735350681163,15.257508197586208,late
2,12,13,CORRIDOR,BUILDING RELATED,large,C,8,102,162,190,19.605746900433676,51.806784536248415,late
2,12,14,MOUSE,MAMMALS,small,M,5,235,12,106,37.63613531253523,4.1643066425700255,late
2,12,15,STRAWBERRY,FRUITS,small,S,10,124,40,161,75.7993473842474,1.2392745510737857,late
2,12,16,GUAVA,FRUITS,small,G,5,13,181,104,25.2702316509961,7.061222101709566,late
2,13,1,FORK,KITCHEN-RELATED,small,F,4,72,76,109,61.50729498563893,0.43428223925549325,late
2,13,2,GIRDLE,CLOTHING,small,G,6,7,90,7,45.92861236355058,78.3889745829049,late
2,13,3,UNDERWEAR,CLOTHING,small,U,9,211,131,216,84.9236112090063,15.225288867309521,late
2,13,4,DRESS,CLOTHING,small,D,5,247,238,176,67.21600875703206,70.66004096952256,late
2,13,5,KNIFE,KITCHEN-RELATED,small,K,5,211,115,187,39.826570012530446,70.26482647716789,late
2,13,6,NARCISSUS,FLOWERS,small,N,9,128,3,239,1.7906757741423074,41.98602750258126,late
2,13,7,UTAH,STATES,large,U,4,67,89,35,7.931169833322189,62.111781456913995,late
2,13,8,TOASTER,KITCHEN-RELATED,large,T,7,72,20,96,47.62135811488268,78.61829119954234,late
2,13,9,LILY,FLOWERS,small,L,4,101,116,159,26.743617810890385,87.37732672445759,late
2,13,10,SKILLET,KITCHEN-RELATED,large,S,7,163,250,195,21.38357923981001,29.734746488782513,late
2,13,11,MONTANA,STATES,large,M,7,196,153,249,5.622343769783702,22.568476157062513,late
2,13,12,DAISY,FLOWERS,small,D,5,189,15,240,41.503906974845016,53.932500452850455,late
2,13,13,SUNFLOWER,FLOWERS,small,S,9,28,224,9,40.88773684847865,36.44160816414935,late
2,13,14,MAINE,STATES,large,M,5,237,136,37,76.97151969486416,83.28072033369608,late
2,13,15,ARIZONA,STATES,large,A,7,9,253,7,26.65165329643699,28.533594409076386,late
2,13,16,PANTS,CLOTHING,small,P,5,158,47,140,67.05724661939827,33.36635373893183,late
2,14,1,HIP,BODY PARTS,small,H,3,154,137,48,65.98561225663838,32.405828047368445,late
2,14,2,OVEN,KITCHEN-RELATED,large,O,4,65,74,250,25.345426782184404,1.7595725258469201,late
2,14,3,DALLAS,CITIES,large,D,6,44,253,96,60.83844975734791,40.82503660739592,late
2,14,4,MONTREAL,CITIES,large,M,8,226,160,253,28.21540821164257,47.53809341546861,late
2,14,5,TAMBOURINE,INSTRUMENTS,small,T,10,232,108,125,37.61341825826041,30.48173793498134,late
2,14,6,ROME,CITIES,large,R,4,42,180,215,70.87435932971815,42.153015310229904,late
2,14,7,ARMS,BODY PARTS,large,A,4,79,252,236,45.37043855661143,3.009569206373623,late
2,14,8,THERMOMETER,KITCHEN-RELATED,small,T,11,87,56,103,60.30573653359485,29.39362278072516,late
2,14,9,STOMACH,BODY PARTS,small,S,7,55,170,242,21.111310628176547,12.69146112996805,late
2,14,10,MUG,KITCHEN-RELATED,small,M,3,89,10,177,9.410402524749891,33.937125441421,late
2,14,11,PARIS,CITIES,large,P,5,179,81,140,69.29068247201194,7.647650932006598,late
2,14,12,PELVIS,BODY PARTS,large,P,6,63,76,152,13.548095744053782,48.33137518447,late
2,14,13,BROILER,KITCHEN-RELATED,large,B,7,154,92,124,65.31619562071326,23.22118533292528,late
2,14,14,PICCOLO,INSTRUMENTS,small,P,7,69,60,11,74.63032432023932,69.10016555239001,late
2,14,15,TRUMPET,INSTRUMENTS,large,T,7,204,186,171,53.41311334228612,68.01282246535825,late
2,14,16,TUBA,INSTRUMENTS,large,T,4,9,65,212,44.733736209076014,84.07042179184616,late
2,15,1,PETUNIA,FLOWERS,small,P,7,200,243,228,18.870596766559498,57.85163312901122,late
2,15,2,EAR,BODY PARTS,small,E,3,19,202,153,83.6820845485749,38.017382980080725,late
2,15,3,TULIP,FLOWERS,small,T,5,129,21,184,55.83668877523647,50.202130876425485,late
2,15,4,TIGER,MAMMALS,large,T,5,10,235,244,58.18637139010314,1.5149762153882185,late
2,15,5,ALCOVE,BUILDING RELATED,large,A,6,22,83,235,37.55260778675346,27.40547102999242,late
2,15,6,KITCHEN,BUILDING RELATED,large,K,7,122,51,147,33.49723063554747,2.1630968243906805,late
2,15,7,DONKEY,MAMMALS,large,D,6,34,14,68,79.3772433506404,0.4330955459331549,late
2,15,8,ROSE,FLOWERS,small,R,4,229,89,107,65.47547804503682,73.88177529652111,late
2,15,9,BARN,BUILDING RELATED,large,B,4,102,74,25,12.860161946634985,57.26051744247934,late
2,15,10,CARNATION,FLOWERS,small,C,9,139,242,10,0.0991200631666489,50.08969150132482,late
2,15,11,GAZEBO,BUILDING RELATED,large,G,6,196,116,184,64.75807864438171,56.570645283722826,late
2,15,12,HIPPOPOTAMUS,MAMMALS,large,H,12,99,6,212,44.843007961367896,9.0917141238142,late
2,15,13,DOG,MAMMALS,large,D,3,72,45,48,83.3646902823503,27.57652020306674,late
2,15,14,KNUCKLE,BODY PARTS,small,K,7,69,189,8,35.555569982554154,2.8730884362445805,late
2,15,15,HEART,BODY PARTS,small,H,5,107,189,76,13.688863165288275,83.82617600147444,late
2,15,16,FACE,BODY PARTS,small,F,4,96,167,251,7.818415473422306,87.23904936731286,late
3,0,1,CAMISOLE,CLOTHING,small,C,8,112,199,158,62.47656731943072,2.4769243216695287,early
3,0,2,JACKET,CLOTHING,small,J,6,105,240,134,32.61253678925525,17.383705078138618,early
3,0,3,BLOUSE,CLOTHING,small,B,6,243,51,182,43.45821887531509,50.216715462139476,early
3,0,4,SUIT,CLOTHING,small,S,4,110,86,161,2.908713877687512,6.262960957999113,early
3,0,5,LOBBY,BUILDING RELATED,large,L,5,122,97,236,31.585228566949656,36.509189920952295,early
3,0,6,FURNACE,BUILDING RELATED,large,F,7,145,254,64,55.0322191695706,15.455253396613777,early
3,0,7,CHIMNEY,BUILDING RELATED,large,C,7,189,139,87,15.715663634345876,76.7528162677093,early
3,0,8,CLOSET,BUILDING RELATED,large,C,6,87,248,6,45.96611094997591,33.439752385753515,early
3,0,9,GERMANY,COUNTRIES,large,G,7,119,228,113,44.05405915764602,20.401541396586897,early
3,0,10,CUBA,COUNTRIES,large,C,4,149,93,193,10.616899528980412,20.998744043205363,early
3,0,11,EGYPT,COUNTRIES,large,E,5,217,70,26,57.52751630201388,79.5808723150623,early
3,0,12,IRAN,COUNTRIES,large,I,4,85,239,197,47.90114923115196,49.48652140029831,early
3,0,13,ARTICHOKE,VEGETABLES,small,A,9,54,194,125,78.49617596454982,1.8139388271858843,early
3,0,14,SPINACH,VEGETABLES,small,S,7,140,176,227,71.74091899606576,65.17122527206482,early
3,0,15,POTATO,VEGETABLES,small,P,6,167,190,203,41.778166919302286,34.59972530292951,early
3,0,16,GARLIC,VEGETABLES,small,G,6,14,221,224,55.16479562635743,57.15063877680554,early
3,1,1,IOWA,STATES,large,I,4,226,30,251,0.5119318307645282,40.773924127609945,early
3,1,2,FLORIDA,STATES,large,F,7,202,239,34,20.7607359478143,37.10686337662636,early
3,1,3,MICHIGAN,STATES,large,M,8,34,102,151,31.53273775203011,70.11680790354009,early
3,1,4,KANSAS,STATES,large,K,6,218,206,11,40.081286356003595,63.52524413076649,early
3,1,5,MOOSE,MAMMALS,large,M,5,80,77,229,20.720326095163234,51.524608877228985,early
3,1,6,MONKEY,MAMMALS,large,M,6,74,177,91,28.88955405017221,43.41785686222863,early
3,1,7,RACOON,MAMMALS,large,R,6,121,62,190,17.211016028977138,26.816880240848477,early
3,1,8,ANTELOPE,MAMMALS,large,A,8,185,39,201,20.011240195279584,68.86735300304645,early
3,1,9,LEMON,FRUITS,small,L,5,44,191,71,11.631565963416113,5.970712139674034,early
3,1,10,PEAR,FRUITS,small,P,4,119,47,189,13.665249999271206,40.77318964123056,early
3,1,11,CLEMENTINE,FRUITS,small,C,10,243,3,69,81.5134661864854,30.522088251795225,early
3,1,12,POMEGRANATE,FRUITS,small,P,11,159,118,117,32.82478543164805,29.73515878527853,early
3,1,13,PANCREAS,BODY PARTS,small,P,8,133,101,117,1.4706644057467644,72.0789337683447,early
3,1,14,TOOTH,BODY PARTS,small,T,5,145,180,47,79.91293295726148,56.262083120171795,early
3,1,15,RIB,BODY PARTS,small,R,3,37,76,179,45.986367729778465,62.03316133186102,early
3,1,16,TONGUE,BODY PARTS,small,T,6,162,93,162,33.29210946477029,65.06455256298707,early
3,2,1,PARIS,CITIES,large,P,5,3,123,18,9.164455954162976,24.39120252583054,early
3,2,2,DALLAS,CITIES,large,D,6,36,79,145,44.684699629803426,18.45805942758935,early
3,2,3,MONTREAL,CITIES,large,M,8,23,78,140,53.7461050002945,13.83540978981262,early
3,2,4,ROME,CITIES,large,R,4,179,110,116,26.698594093699363,62.99290136741119,early
3,2,5,TRUMPET,INSTRUMENTS,large,T,7,228,91,16,44.5294997895503,72.40572926672745,early
3,2,6,TUBA,INSTRUMENTS,large,T,4,106,222,128,50.48091075506869,65.15923086138784,early
3,2,7,PICCOLO,INSTRUMENTS,small,P,7,39,38,27,7.046215536108607,3.9054945440595903,early
3,2,8,TAMBOURINE,INSTRUMENTS,small,T,10,193,126,38,44.5729907991923,69.21477126711206,early
3,2,9,MUG,KITCHEN-RELATED,small,M,3,225,215,251,52.08497262681646,46.600091865393495,early
3,2,10,THERMOMETER,KITCHEN-RELATED,small,T,11,75,75,230,37.618661234823875,28.215154148321698,early
3,2,11,BROILER,KITCHEN-RELATED,large,B,7,211,121,251,57.8069517952579,68.11213170992554,early
3,2,12,OVEN,KITCHEN-RELATED,large,O,4,53,78,131,7.613515231017941,69.63662958677435,early
3,2,13,ARMS,BODY PARTS,large,A,4,183,104,70,25.415577047003378,32.7976645487988,early
3,2,14,PELVIS,BODY PARTS,large,P,6,24,53,245,72.7808711263416,10.2820749465702,early
3,2,15,STOMACH,BODY PARTS,small,S,7,234,112,129,53.37987751886891,45.927793876219106,early
3,2,16,HIP,BODY PARTS,small,H,3,88,130,21,77.27572145466807,43.70998040896765,early
3,3,1,YAMS,VEGETABLES,small,Y,4,238,164,219,27.50040908136047,26.446338207403386,early
3,3,2,LETTUCE,VEGETABLES,small,L,7,27,244,81,9.326123528859137,29.660088721275283,early
3,3,3,CELERY,VEGETABLES,small,C,6,253,116,142,58.80158445462559,34.332264355354255,early
3,3,4,CARROT,VEGETABLES,small,C,6,28,1,146,72.57505846373633,21.035702604698635,early
3,3,5,VIOLA,INSTRUMENTS,large,V,5,243,97,154,29.128761528168436,35.01287208501209,early
3,3,6,TROMBONE,INSTRUMENTS,large,T,8,245,214,22,79.2188207479873,8.43325927375422,early
3,3,7,MARACAS,INSTRUMENTS,small,M,7,36,48,25,22.280312703664535,57.31781346782593,early
3,3,8,BASS,INSTRUMENTS,large,B,4,159,125,80,55.96772620264742,56.55194257746239,early
3,3,9,PIG,MAMMALS,large,P,3,199,156,125,59.86154266035518,77.26581812034128,early
3,3,10,ELEPHANT,MAMMALS,large,E,8,25,120,147,55.12990441064797,75.79484554951698,early
3,3,11,ZEBRA,MAMMALS,large,Z,5,176,125,3,56.49332405814775,50.575969744709624,early
3,3,12,LION,MAMMALS,large,L,4,203,48,211,7.63349202576223,7.023410394771394,early
3,3,13,POLAND,COUNTRIES,large,P,6,137,159,45,11.286815279162196,71.80663099128206,early
3,3,14,ITALY,COUNTRIES,large,I,5,26,220,142,61.48788470884752,22.97922778176152,early
3,3,15,AUSTRALIA,COUNTRIES,large,A,9,82,196,168,20.0100537340129,40.415800137473624,early
3,3,16,ETHIOPIA,COUNTRIES,large,E,8,131,98,8,19.60890825158079,6.030865924111613,early
3,4,1,RABBIT,MAMMALS,small,R,6,88,201,137,29.094548273466266,43.70817281325597,early
3,4,2,RHINOCEROS,MAMMALS,large,R,10,251,88,195,6.583270679525843,25.116099330819385,early
3,4,3,FOX,MAMMALS,large,F,3,75,24,158,18.142926157883544,74.34818717667633,early
3,4,4,LLAMA,MAMMALS,large,L,5,37,249,172,51.029449649653905,25.838577796079818,early
3,4,5,GINGER,VEGETABLES,small,G,6,21,140,227,38.62840233991719,35.623399330868054,early
3,4,6,RUTABAGA,VEGETABLES,small,R,8,176,34,3,26.42310392795452,48.50904833623594,early
3,4,7,PUMPKIN,VEGETABLES,large,P,7,236,50,220,18.74302344715047,8.404357103793872,early
3,4,8,OKRA,VEGETABLES,small,O,4,125,169,5,19.178497329968522,1.0327045891914377,early
3,4,9,BEETLE,INSECTS,small,B,6,176,111,246,65.79930673182795,60.38542043670858,early
3,4,10,TERMITE,INSECTS,small,T,7,20,180,174,25.435782143364285,33.720161569225574,early
3,4,11,WASP,INSECTS,small,W,4,214,112,132,79.01335121159639,80.5811040320542,early
3,4,12,CHRYSALIS,INSECTS,small,C,9,65,125,136,11.290100701834703,22.175117931380395,early
3,4,13,OHIO,STATES,large,O,4,235,70,5,46.34224761516178,41.21547278674943,early
3,4,14,PENNSYLVANIA,STATES,large,P,12,135,12,43,56.086633000276905,39.58596007933299,early
3,4,15,ALASKA,STATES,large,A,6,119,61,197,52.94388916834178,70.84180333956293,early
3,4,16,TEXAS,STATES,large,T,5,167,214,172,51.94845647799569,55.27186773495638,early
3,5,1,JAPAN,COUNTRIES,large,J,5,47,162,124,49.051805411364285,61.48722747532545,early
3,5,2,SWITZERLAND,COUNTRIES,large,S,11,74,19,71,48.768926844324135,31.4293081525643,early
3,5,3,FRANCE,COUNTRIES,large,F,6,89,197,160,52.20145326875437,43.23736929633689,early
3,5,4,ENGLAND,COUNTRIES,large,E,7,8,126,127,62.94425436832262,29.5720901781147,early
3,5,5,BOLTS,TOOLS,small,B,5,129,7,41,8.709028941739229,46.81514391454556,early
3,5,6,PROTRACTOR,TOOLS,small,P,10,152,30,223,64.2551512958715,2.011407545909316,early
3,5,7,SAW,TOOLS,small,S,3,175,210,26,43.08718255409923,41.34968484539591,early
3,5,8,CHISEL,TOOLS,small,C,6,184,254,95,24.688886056362456,4.963268775746766,early
3,5,9,DRUM,INSTRUMENTS,large,D,4,251,218,215,60.92497622494858,59.08321564733194,early
3,5,10,PIANO,INSTRUMENTS,large,P,5,223,143,239,80.12759306739679,40.6082024608091,early
3,5,11,KAZOO,INSTRUMENTS,small,K,5,232,1,54,14.395331168537206,71.6770655745386,early
3,5,12,CLARINET,INSTRUMENTS,small,C,8,91,249,63,43.9948857178279,7.982896685863761,early
3,5,13,SQUIRREL,MAMMALS,small,S,8,45,243,107,66.37803201550743,36.724172563915474,early
3,5,14,CAT,MAMMALS,large,C,3,197,97,29,74.67135181236253,63.98816247659171,early
3,5,15,FERRET,MAMMALS,small,F,6,104,248,15,37.89415828660008,19.54612169108355,early
3,5,16,LEOPARD,MAMMALS,large,L,7,109,96,42,81.20422124977694,55.06927289801809,early
3,6,1,PETUNIA,FLOWERS,small,P,7,244,76,77,45.60318380996568,72.7472873952881,early
3,6,2,CARNATION,FLOWERS,small,C,9,206,43,100,21.649709216476346,72.13828175272795,early
3,6,3,TULIP,FLOWERS,small,T,5,202,60,105,35.86310553595171,0.12193871754560215,early
3,6,4,ROSE,FLOWERS,small,R,4,162,231,129,18.62898624808986,67.92181574012278,early
3,6,5,HIPPOPOTAMUS,MAMMALS,large,H,12,195,108,126,17.253402967429004,19.56941949956766,early
3,6,6,DOG,MAMMALS,large,D,3,194,191,81,50.26547910300254,10.035306697475031,early
3,6,7,TIGER,MAMMALS,large,T,5,155,112,176,0.9172909848525068,83.31896779054406,early
3,6,8,DONKEY,MAMMALS,large,D,6,121,227,198,57.88587994040009,33.779694017916924,early
3,6,9,ALCOVE,BUILDING RELATED,large,A,6,85,159,150,9.441760454929668,16.251375378672336,early
3,6,10,GAZEBO,BUILDING RELATED,large,G,6,31,208,188,73.95013622193527,75.71721716157592,early
3,6,11,BARN,BUILDING RELATED,large,B,4,224,249,47,8.484051444411602,38.52197552658839,early
3,6,12,KITCHEN,BUILDING RELATED,large,K,7,196,185,239,27.84450453109364,64.87246740580011,early
3,6,13,EAR,BODY PARTS,small,E,3,240,242,174,44.337625068727725,47.46376158827684,early
3,6,14,HEART,BODY PARTS,small,H,5,45,78,235,10.21836200338489,47.68296937060285,early
3,6,15,KNUCKLE,BODY PARTS,small,K,7,143,159,164,83.92052059494702,18.242629947096642,early
3,6,16,FACE,BODY PARTS,small,F,4,34,228,174,35.8026193195575,51.06181481493633,early
3,7,1,GUITAR,INSTRUMENTS,large,G,6,15,218,165,10.714423066119707,64.76794645265471,early
3,7,2,BONGOS,INSTRUMENTS,large,B,6,132,159,233,30.17434412135805,57.69654542300039,early
3,7,3,ACCORDION,INSTRUMENTS,large,A,9,142,114,12,19.955440546305816,47.2127476279308,early
3,7,4,XYLOPHONE,INSTRUMENTS,large,X,9,14,146,216,44.82383225598993,10.156901385735905,early
3,7,5,MONARCH,INSECTS,small,M,7,189,231,40,79.05369159604435,61.58943041116282,early
3,7,6,WORM,INSECTS,small,W,4,5,26,201,18.47393354582526,40.70472382870544,early
3,7,7,SCORPION,INSECTS,small,S,8,143,39,34,84.43506390529562,58.90647654312973,early
3,7,8,LARVA,INSECTS,small,L,5,159,146,32,74.16738297852613,67.41562707083943,early
3,7,9,POPLAR,TREES,large,P,6,226,205,47,40.533057129530256,35.55557583801219,early
3,7,10,EUCALYPTUS,TREES,large,E,10,89,171,66,57.489819011321956,22.851617413377564,early
3,7,11,ASH,TREES,large,A,3,219,209,42,31.963156148741774,37.8000035708126,early
3,7,12,WILLOW,TREES,large,W,6,210,172,13,37.51905814626438,22.481619058980954,early
3,7,13,ANKLE,BODY PARTS,small,A,5,134,61,46,76.42829072265916,15.952986112716285,early
3,7,14,LIP,BODY PARTS,small,L,3,143,218,20,12.327361096532275,31.6514754149462,early
3,7,15,FINGER,BODY PARTS,small,F,6,136,101,77,34.957766060288066,32.463231321049236,early
3,7,16,HAND,BODY PARTS,small,H,4,6,94,134,69.14598988440714,75.01721949472189,early
3,8,1,ROBE,CLOTHING,small,R,4,118,217,76,39.546817861196665,16.1551783855598,late
3,8,2,OAK,TREES,large,O,3,125,122,73,82.90994682870065,86.8028965327369,late
3,8,3,HARMONICA,INSTRUMENTS,small,H,9,85,123,94,34.20103617668847,47.100208779252114,late
3,8,4,BLENDER,KITCHEN-RELATED,large,B,7,22,193,172,80.19875021980575,47.06807567600328,late
3,8,5,COTTONWOOD,TREES,large,C,10,93,39,6,32.29515874122359,9.205247916926773,late
3,8,6,CUP,KITCHEN-RELATED,small,C,3,41,8,215,20.035028981334055,82.40504984244474,late
3,8,7,MIXER,KITCHEN-RELATED,large,M,5,39,173,10,55.25472751637247,65.30446726706752,late
3,8,8,COLANDER,KITCHEN-RELATED,small,C,8,115,216,131,3.7276060901407524,71.9674304139982,late
3,8,9,SHIRT,CLOTHING,small,S,5,245,175,129,58.84528605058311,64.09705865199956,late
3,8,10,JUMPER,CLOTHING,small,J,6,26,52,203,3.9817997608836295,11.520718459875866,late
3,8,11,BELT,CLOTHING,small,B,4,252,193,34,71.64305802182125,37.086438210524584,late
3,8,12,UKULELE,INSTRUMENTS,small,U,7,253,155,253,44.29853566856471,44.82719345700705,late
3,8,13,MARIMBA,INSTRUMENTS,large,M,7,44,174,186,48.93033389969695,38.55717986829066,late
3,8,14,EVERGREEN,TREES,large,E,9,195,191,91,45.72246640344723,41.61522945389473,late
3,8,15,BANJO,INSTRUMENTS,large,B,5,247,65,108,76.87756160738411,54.62637331852049,late
3,8,16,SPRUCE,TREES,large,S,6,2,77,115,11.949695720805035,5.927317438794288,late
3,9,1,BRA,CLOTHING,small,B,3,202,149,233,44.87878381889991,63.946619843187904,late
3,9,2,HORNET,INSECTS,small,H,6,223,254,41,36.321385654696705,53.5327503892517,late
3,9,3,MILLIPEDE,INSECTS,small,M,9,178,66,245,41.1183731074743,21.89947537953208,late
3,9,4,TROUSERS,CLOTHING,small,T,8,124,0,102,59.198714307597186,2.3993008064602748,late
3,9,5,CEDAR,TREES,large,C,5,70,241,252,35.13028494820126,58.935672878294106,late
3,9,6,CHICAGO,CITIES,large,C,7,184,68,3,15.20314595180545,48.44032402844283,late
3,9,7,GLOVES,CLOTHING,small,G,6,12,113,247,2.2996765310232794,15.600473171362943,late
3,9,8,SYCAMORE,TREES,large,S,8,114,183,142,71.80195143361736,37.27313296580408,late
3,9,9,MOSQUITO,INSECTS,small,M,8,64,125,18,80.52308404400311,12.403913723562814,late
3,9,10,MANTIS,INSECTS,small,M,6,222,169,108,11.56386343281831,43.33318516645612,late
3,9,11,PALM,TREES,large,P,4,218,28,91,64.24129462145514,55.636605841887125,late
3,9,12,SYDNEY,CITIES,large,S,6,181,145,138,70.23561904188003,5.382542350743609,late
3,9,13,TEAK,TREES,large,T,4,133,132,77,22.085416065043837,48.350902375688925,late
3,9,14,SWEATER,CLOTHING,small,S,7,30,21,230,27.82733115131836,30.54852238964154,late
3,9,15,BERLIN,CITIES,large,B,6,9,152,228,77.43075175212704,50.17372729652422,late
3,9,16,RENO,CITIES,large,R,4,25,253,162,14.254451627723828,25.839070201434307,late
3,10,1,BOMBAY,CITIES,large,B,6,48,103,14,57.691832398158716,7.064562630617775,late
3,10,2,SHOULDER,BODY PARTS,small,S,8,128,38,160,42.88429175290369,75.81658535636612,late
3,10,3,KIDNEY,BODY PARTS,small,K,6,110,214,126,60.48773484647312,61.5249359358052,late
3,10,4,TORONTO,CITIES,large,T,7,227,215,195,17.272163460032466,56.92170044193668,late
3,10,5,FOOT,BODY PARTS,small,F,4,190,120,7,10.492484316841729,8.196079156068974,late
3,10,6,SQUASH,VEGETABLES,small,S,6,32,73,168,21.078143081588735,65.0222274733979,late
3,10,7,GOAT,MAMMALS,large,G,4,223,110,244,43.21678820265375,8.859094151924308,late
3,10,8,SHEEP,MAMMALS,large,S,5,121,88,117,15.888486923818638,84.31664542760119,late
3,10,9,PANTHER,MAMMALS,large,P,7,131,243,186,56.894457879089806,69.30356891285368,late
3,10,10,ELBOW,BODY PARTS,small,E,5,98,24,42,18.614182073285747,26.836607958493694,late
3,10,11,ZUCCHINI,VEGETABLES,small,Z,8,249,119,30,16.507012690413056,40.69220543053798,late
3,10,12,OLIVE,VEGETABLES,small,O,5,241,167,174,27.73246425774174,56.034703022709294,late
3,10,13,WOLF,MAMMALS,large,W,4,222,141,78,62.59891150273487,56.058143285622414,late
3,10,14,MIAMI,CITIES,large,M,5,70,203,9,26.29550703212019,84.89796221769261,late
3,10,15,STOCKHOLM,CITIES,large,S,9,155,31,62,63.47623890278494,2.473341744045624,late
3,10,16,AUBERGINE,VEGETABLES,small,A,9,160,175,177,22.877593025158845,70.37885353085518,late
3,11,1,PINE,TREES,large,P,4,49,49,202,79.37582359695267,14.557762796565985,late
3,11,2,PLUM,FRUITS,small,P,4,53,10,161,32.11784946848718,73.71375098723631,late
3,11,3,RASPBERRY,FRUITS,small,R,9,30,122,136,56.17859397886877,19.414390521908715,late
3,11,4,WEDGE,TOOLS,small,W,5,65,128,147,64.55943275735916,15.896956299185147,late
3,11,5,VIOLIN,INSTRUMENTS,large,V,6,71,105,140,49.7807030441965,33.922837128902096,late
3,11,6,SAXOPHONE,INSTRUMENTS,large,S,9,213,111,181,9.600107853127447,31.407164802264855,late
3,11,7,FIG,FRUITS,small,F,3,155,214,198,66.28969511937797,9.082104277544985,late
3,11,8,TRIANGLE,INSTRUMENTS,small,T,8,241,50,38,72.88089510653475,25.02532099947563,late
3,11,9,HONEYDEW,FRUITS,small,H,8,17,72,19,5.357412153042715,46.910311329326774,late
3,11,10,HAMMER,TOOLS,small,H,6,48,56,191,76.12983823749921,69.27504663346372,late
3,11,11,HICKORY,TREES,large,H,7,198,253,6,42.08180306867791,26.383979397287636,late
3,11,12,MAPLE,TREES,large,M,5,41,120,148,11.821467689023894,1.8808285557530968,late
3,11,13,WIRE,TOOLS,small,W,4,139,2,152,75.60652186571527,3.8371298983218054,late
3,11,14,SCREWS,TOOLS,small,S,6,24,126,216,74.3839081193342,45.688155920102666,late
3,11,15,CELLO,INSTRUMENTS,large,C,5,148,7,229,51.15969059658782,74.1935826116303,late
3,11,16,ELM,TREES,large,E,3,224,126,168,59.46081067421267,23.37257040531058,late
3,12,1,TANGELO,FRUITS,small,T,7,128,202,14,2.8674711383847984,56.37935280696671,late
3,12,2,GLASS,KITCHEN-RELATED,small,G,5,59,195,126,51.04935085507329,45.89522631537623,late
3,12,3,HORSE,MAMMALS,large,H,5,150,10,1,27.89391207573115,18.908104341237813,late
3,12,4,WINDOW,BUILDING RELATED,large,W,6,27,151,193,83.61534695950525,64.46081812414234,late
3,12,5,GUAVA,FRUITS,small,G,5,106,89,78,20.395547551150138,13.449061820085358,late
3,12,6,KIWI,FRUITS,small,K,4,169,74,56,83.48926336120698,46.7542104378763,late
3,12,7,CORRIDOR,BUILDING RELATED,large,C,8,67,245,170,74.5713796137932,75.45753567792403,late
3,12,8,STRAWBERRY,FRUITS,small,S,10,153,105,205,60.98475969367094,18.992388232378033,late
3,12,9,SPATULA,KITCHEN-RELATED,small,S,7,177,64,243,56.301277661315275,72.18873741449517,late
3,12,10,HALL,BUILDING RELATED,large,H,4,137,100,163,40.43663115188087,23.501856858366278,late
3,12,11,DOOR,BUILDING RELATED,large,D,4,220,69,154,75.96239043226498,43.123545762173464,late
3,12,12,COW,MAMMALS,large,C,3,125,218,151,2.601400752033385,27.37894427784268,late
3,12,13,POT,KITCHEN-RELATED,large,P,3,112,130,114,57.21482838529175,59.92209897698418,late
3,12,14,GIRAFFE,MAMMALS,large,G,7,188,122,132,55.67389845109333,28.289703557363055,late
3,12,15,REFRIGERATOR,KITCHEN-RELATED,large,R,12,205,113,214,58.916710966185576,30.204961792573698,late
3,12,16,MOUSE,MAMMALS,small,M,5,170,250,46,73.17145869280318,46.80449212193584,late
3,13,1,WASHER,TOOLS,small,W,6,166,194,139,74.80029061517517,67.65055523423719,late
3,13,2,PHILADELPHIA,CITIES,large,P,12,106,121,219,28.109761547793937,54.013077198549354,late
3,13,3,HAWAII,STATES,large,H,6,210,236,17,12.405152438659938,15.478651521749727,late
3,13,4,JERUSALEM,CITIES,large,J,9,39,207,156,11.405663731374586,23.062261562559016,late
3,13,5,NECTARINE,FRUITS,small,N,9,90,64,101,79.7109651480321,37.42996633929026,late
3,13,6,RULER,TOOLS,small,R,5,177,232,182,52.19232781700269,40.317923454428076,late
3,13,7,NUTS,TOOLS,small,N,4,102,13,100,50.74780356913893,40.27395495599784,late
3,13,8,MANGO,FRUITS,small,M,5,10,39,220,55.500160863143684,67.0894192158871,late
3,13,9,KUMQUAT,FRUITS,small,K,7,107,142,56,20.61035644727799,72.86172117377647,late
3,13,10,TOKYO,CITIES,large,T,5,131,187,142,39.24428565302048,69.44367356799263,late
3,13,11,GLUE,TOOLS,small,G,4,25,200,146,30.019892991755317,78.69124117464831,late
3,13,12,BANANA,FRUITS,small,B,6,212,97,130,62.23523914395726,32.82066665716851,late
3,13,13,WISCONSIN,STATES,large,W,9,208,204,160,59.29670462471703,65.84883512313833,late
3,13,14,VERMONT,STATES,large,V,7,29,93,164,27.47732457777296,73.17739531763776,late
3,13,15,VANCOUVER,CITIES,large,V,9,250,66,151,25.485348790862137,38.24932919089157,late
3,13,16,CALIFORNIA,STATES,large,C,10,35,83,187,67.57048169918245,7.402001607379562,late
3,14,1,FOUNDATION,BUILDING RELATED,large,F,10,212,100,33,30.698842504739915,29.428887050489564,late
3,14,2,GRIDDLE,KITCHEN-RELATED,small,G,7,153,197,72,28.391378253391785,19.999569188289712,late
3,14,3,BUTTERCUP,FLOWERS,small,B,9,15,120,59,45.170177368576944,11.5350578697764,late
3,14,4,SAUCER,KITCHEN-RELATED,small,S,6,7,32,109,79.17946293677056,55.6085947906635,late
3,14,5,LOG,FLOWERS,small,L,3,115,57,143,60.36374395856823,11.77223270518694,late
3,14,6,DAHLIA,FLOWERS,small,D,6,126,70,126,79.50551536829562,55.78612645375568,late
3,14,7,DISH,KITCHEN-RELATED,small,D,4,107,16,246,43.580094545992324,36.790900803616374,late
3,14,8,FLOOR,BUILDING RELATED,large,F,5,231,90,41,34.17363229085161,13.27480411481946,late
3,14,9,AZALEA,FLOWERS,small,A,6,241,226,184,52.009530099807996,64.89406872891644,late
3,14,10,STRAINER,KITCHEN-RELATED,small,S,8,234,29,219,2.1513048622722253,52.40728132965763,late
3,14,11,BROCCOLI,VEGETABLES,small,B,8,172,199,120,19.71007047024185,20.805177806876827,late
3,14,12,ONION,VEGETABLES,small,O,5,96,131,35,44.738667888803654,39.25984843628413,late
3,14,13,PICKLE,VEGETABLES,small,P,6,70,125,92,51.5580049426664,80.62917512561508,late
3,14,14,ELEVATOR,BUILDING RELATED,large,E,8,48,251,17,73.92896492174002,44.993551548404966,late
3,14,15,CAULIFLOWER,VEGETABLES,small,C,11,217,114,1,72.29695537898662,13.392067656717277,late
3,14,16,CARPET,BUILDING RELATED,large,C,6,54,247,217,62.462759833559616,72.2707650046042,late
3,15,1,GIRDLE,CLOTHING,small,G,6,27,35,230,34.15130494707423,74.04182146626886,late
3,15,2,UNDERWEAR,CLOTHING,small,U,9,34,63,48,61.333202194977105,29.755616082324302,late
3,15,3,PANTS,CLOTHING,small,P,5,89,141,180,18.028990700524968,35.807888964406104,late
3,15,4,SUNFLOWER,FLOWERS,small,S,9,55,123,87,72.37409036887745,61.638672721154855,late
3,15,5,NARCISSUS,FLOWERS,small,N,9,107,226,113,4.762444271457138,25.668384878988252,late
3,15,6,FORK,KITCHEN-RELATED,small,F,4,250,207,39,40.64699242243971,4.051296779007398,late
3,15,7,TOASTER,KITCHEN-RELATED,large,T,7,146,167,170,58.80491983797998,40.97630765616166,late
3,15,8,DAISY,FLOWERS,small,D,5,68,165,72,10.35001490676477,6.839763670013431,late
3,15,9,SKILLET,KITCHEN-RELATED,large,S,7,211,96,152,38.00689925626786,49.89973173299971,late
3,15,10,LILY,FLOWERS,small,L,4,98,10,213,65.37637223952541,15.790611280703569,late
3,15,11,ARIZONA,STATES,large,A,7,51,56,1,22.87310994266245,26.16495303975369,late
3,15,12,MAINE,STATES,large,M,5,33,151,247,73.35824567750635,11.657406066113193,late
3,15,13,MONTANA,STATES,large,M,7,184,25,178,5.863401801990965,9.974637593052517,late
3,15,14,UTAH,STATES,large,U,4,143,29,55,84.32459547105697,81.8444155869009,late
3,15,15,DRESS,CLOTHING,small,D,5,131,177,219,57.3602277456224,21.89714376478755,late
3,15,16,KNIFE,KITCHEN-RELATED,small,K,5,16,205,35,84.53871410809917,0.661218424410358,late
4,0,1,SYDNEY,CITIES,large,S,6,231,96,215,41.428402084644596,46.964622101472266,early
4,0,2,BERLIN,CITIES,large,B,6,87,125,116,3.535198726486539,41.42102936413357,early
4,0,3,CHICAGO,CITIES,large,C,7,141,29,35,48.64089978289916,16.431659026455982,early
4,0,4,RENO,CITIES,large,R,4,242,209,153,35.31154553691996,45.370184719673844,early
4,0,5,SWEATER,CLOTHING,small,S,7,57,209,234,38.844549466670344,36.652320570422184,early
4,0,6,GLOVES,CLOTHING,small,G,6,103,204,183,33.33009506490133,78.87279370562717,early
4,0,7,TROUSERS,CLOTHING,small,T,8,142,31,30,27.691618328143342,65.33228971403787,early
4,0,8,BRA,CLOTHING,small,B,3,124,22,202,77.31461343088469,29.57344395197194,early
4,0,9,SYCAMORE,TREES,large,S,8,109,10,224,39.09060067390813,68.15671834593647,early
4,0,10,TEAK,TREES,large,T,4,154,121,130,79.1951020225532,23.890759898846408,early
4,0,11,CEDAR,TREES,large,C,5,20,235,114,23.200048212414213,40.042777387747996,early
4,0,12,PALM,TREES,large,P,4,95,71,232,41.74934005127627,48.6240644171825,early
4,0,13,MANTIS,INSECTS,small,M,6,160,137,235,37.60343214262038,80.57159360410408,early
4,0,14,MILLIPEDE,INSECTS,small,M,9,186,165,79,47.07441489654705,19.47715223459177,early
4,0,15,MOSQUITO,INSECTS,small,M,8,225,247,60,77.47978119241357,21.454604682525122,early
4,0,16,HORNET,INSECTS,small,H,6,189,196,10,48.209135008771796,53.63936330366154,early
4,1,1,KIWI,FRUITS,small,K,4,42,160,36,49.02075499123367,5.702318913417825,early
4,1,2,GUAVA,FRUITS,small,G,5,152,41,154,23.297313575821146,55.3934148398848,early
4,1,3,TANGELO,FRUITS,small,T,7,171,20,145,52.90598997153064,25.68128900875678,early
4,1,4,STRAWBERRY,FRUITS,small,S,10,45,247,220,69.44087534863543,28.367919336725265,early
4,1,5,WINDOW,BUILDING RELATED,large,W,6,7,67,173,37.05250133125929,15.426413787885298,early
4,1,6,HALL,BUILDING RELATED,large,H,4,64,150,25,64.48565064788126,15.582314878919385,early
4,1,7,DOOR,BUILDING RELATED,large,D,4,176,59,252,77.37232490237152,44.3786383870625,early
4,1,8,CORRIDOR,BUILDING RELATED,large,C,8,143,130,31,33.35845180404877,35.66757304658108,early
4,1,9,POT,KITCHEN-RELATED,large,P,3,86,82,186,73.24122751459315,54.68151837405971,early
4,1,10,GLASS,KITCHEN-RELATED,small,G,5,102,173,130,74.10800834615318,21.320962654061955,early
4,1,11,REFRIGERATOR,KITCHEN-RELATED,large,R,12,203,185,212,65.5329153358498,35.369561265865684,early
4,1,12,SPATULA,KITCHEN-RELATED,small,S,7,128,52,1,37.383853490104386,77.67474429805677,early
4,1,13,COW,MAMMALS,large,C,3,68,71,111,35.993349289733565,17.80848536962685,early
4,1,14,HORSE,MAMMALS,large,H,5,211,161,42,46.44856797436404,74.62290930290352,early
4,1,15,GIRAFFE,MAMMALS,large,G,7,64,120,3,59.96190737538299,67.14936759813602,early
4,1,16,MOUSE,MAMMALS,small,M,5,123,244,175,20.52031806655304,68.5310353957653,early
4,2,1,POTATO,VEGETABLES,small,P,6,97,49,209,69.38257431190304,46.54821917013165,early
4,2,2,SPINACH,VEGETABLES,small,S,7,182,5,149,78.92738192284736,37.07670280076791,early
4,2,3,GARLIC,VEGETABLES,small,G,6,206,6,176,49.71750423185592,55.651800147011336,early
4,2,4,ARTICHOKE,VEGETABLES,small,A,9,11,42,224,60.31376760911401,32.519182727739995,early
4,2,5,LOBBY,BUILDING RELATED,large,L,5,107,154,129,33.015964350882406,0.7999179126920442,early
4,2,6,CHIMNEY,BUILDING RELATED,large,C,7,205,118,105,56.75281592841304,25.022334816540212,early
4,2,7,CLOSET,BUILDING RELATED,large,C,6,245,59,220,31.612331123681397,57.532181174381066,early
4,2,8,FURNACE,BUILDING RELATED,large,F,7,215,97,107,12.184850753349943,57.876918070331705,early
4,2,9,CUBA,COUNTRIES,large,C,4,178,228,66,57.39870559029882,68.43413196126025,early
4,2,10,IRAN,COUNTRIES,large,I,4,254,214,158,57.1940021240505,22.68107417391569,early
4,2,11,EGYPT,COUNTRIES,large,E,5,37,249,218,20.127847824761712,39.718584600991356,early
4,2,12,GERMANY,COUNTRIES,large,G,7,153,41,181,63.95652055437281,31.834688025363807,early
4,2,13,JACKET,CLOTHING,small,J,6,39,250,249,58.582057941185916,64.59564674312743,early
4,2,14,BLOUSE,CLOTHING,small,B,6,228,166,239,0.9842598592605678,39.047303914777075,early
4,2,15,SUIT,CLOTHING,small,S,4,125,197,120,28.231508780898995,15.934987101562722,early
4,2,16,CAMISOLE,CLOTHING,small,C,8,86,1,208,32.72022837487225,28.938737625577765,early
4,3,1,TOASTER,KITCHEN-RELATED,large,T,7,218,67,221,23.576561095845275,71.8745372299115,early
4,3,2,KNIFE,KITCHEN-RELATED,small,K,5,158,11,78,52.38950535461592,13.539526386147168,early
4,3,3,FORK,KITCHEN-RELATED,small,F,4,122,94,217,36.6086559777579,55.532236115880806,early
4,3,4,SKILLET,KITCHEN-RELATED,large,S,7,205,6,126,69.1817131255254,2.449793107693857,early
4,3,5,LILY,FLOWERS,small,L,4,249,205,230,2.9990414233597926,16.739141795809104,early
4,3,6,DAISY,FLOWERS,small,D,5,215,233,29,36.80069271178804,48.63317553849735,early
4,3,7,NARCISSUS,FLOWERS,small,N,9,18,113,192,17.827925213318846,55.75648998822273,early
4,3,8,SUNFLOWER,FLOWERS,small,S,9,29,230,143,40.095745728465694,6.060097477381415,early
4,3,9,MONTANA,STATES,large,M,7,98,60,128,52.17929047040026,71.97125540579593,early
4,3,10,ARIZONA,STATES,large,A,7,28,101,97,78.80988003982742,59.85793502533202,early
4,3,11,UTAH,STATES,large,U,4,185,182,199,0.43950204897437617,26.256299978497566,early
4,3,12,MAINE,STATES,large,M,5,202,231,18,79.39668129894044,79.52427428087461,early
4,3,13,PANTS,CLOTHING,small,P,5,186,28,223,38.815589890629084,68.03332084668213,early
4,3,14,GIRDLE,CLOTHING,small,G,6,62,114,175,73.41936373396081,0.7473602612145247,early
4,3,15,DRESS,CLOTHING,small,D,5,31,48,201,68.06034660788858,35.22430736779431,early
4,3,16,UNDERWEAR,CLOTHING,small,U,9,246,200,225,36.80559862834461,39.99357295792828,early
4,4,1,CARPET,BUILDING RELATED,large,C,6,118,67,76,59.63236756591239,78.72453050666454,early
4,4,2,ELEVATOR,BUILDING RELATED,large,E,8,186,79,33,17.86510903457921,32.20176414340019,early
4,4,3,FLOOR,BUILDING RELATED,large,F,5,53,187,81,67.98501908760485,51.872659553594644,early
4,4,4,FOUNDATION,BUILDING RELATED,large,F,10,134,186,63,24.856234287904865,32.131606390013914,early
4,4,5,BROCCOLI,VEGETABLES,small,B,8,199,221,84,33.73800340203337,56.9084652714636,early
4,4,6,PICKLE,VEGETABLES,small,P,6,247,0,196,83.60685855122884,37.06171983906106,early
4,4,7,CAULIFLOWER,VEGETABLES,small,C,11,183,241,177,41.532532317341136,31.040609571912594,early
4,4,8,ONION,VEGETABLES,small,O,5,212,133,242,32.069859705934626,58.74727930154815,early
4,4,9,LOG,FLOWERS,small,L,3,133,225,102,25.78433819260086,41.96505961785426,early
4,4,10,BUTTERCUP,FLOWERS,small,B,9,52,176,44,30.530112304987586,2.686781081087495,early
4,4,11,DAHLIA,FLOWERS,small,D,6,80,240,78,50.6363496287194,55.40918103800885,early
4,4,12,AZALEA,FLOWERS,small,A,6,7,46,171,39.72847419608359,32.9665105448354,early
4,4,13,STRAINER,KITCHEN-RELATED,small,S,8,59,120,145,10.85621866050386,4.952353365152398,early
4,4,14,GRIDDLE,KITCHEN-RELATED,small,G,7,3,214,131,30.045202333006678,22.342048560689467,early
4,4,15,DISH,KITCHEN-RELATED,small,D,4,30,200,142,72.68968218037081,84.42646693352557,early
4,4,16,SAUCER,KITCHEN-RELATED,small,S,6,200,154,102,6.172632366928087,77.8120342787395,early
4,5,1,VANCOUVER,CITIES,large,V,9,34,176,44,27.772823674638076,49.494637152233736,early
4,5,2,TOKYO,CITIES,large,T,5,106,91,56,70.82760951713217,82.05992367814777,early
4,5,3,PHILADELPHIA,CITIES,large,P,12,82,51,78,24.529648214055776,31.705806547961586,early
4,5,4,JERUSALEM,CITIES,large,J,9,28,224,25,21.10560409279977,17.050367299834434,early
4,5,5,HAWAII,STATES,large,H,6,74,40,38,29.76228363712931,33.0001453620896,early
4,5,6,CALIFORNIA,STATES,large,C,10,251,170,22,56.461364908144915,7.372405868418815,early
4,5,7,WISCONSIN,STATES,large,W,9,226,207,158,80.05057633041613,10.051046653033998,early
4,5,8,VERMONT,STATES,large,V,7,27,169,235,40.55205397695096,29.62555569895561,early
4,5,9,MANGO,FRUITS,small,M,5,65,208,54,48.635112732623995,71.5922263938604,early
4,5,10,NECTARINE,FRUITS,small,N,9,240,95,189,39.69558883052279,15.332708665206397,early
4,5,11,KUMQUAT,FRUITS,small,K,7,79,2,81,16.419199611720007,48.733973004204856,early
4,5,12,BANANA,FRUITS,small,B,6,249,241,62,67.98776737301654,13.5078291676339,early
4,5,13,GLUE,TOOLS,small,G,4,218,26,193,43.444406161832816,26.44890065268163,early
4,5,14,NUTS,TOOLS,small,N,4,41,52,166,50.19257591518215,27.06276109030243,early
4,5,15,WASHER,TOOLS,small,W,6,204,155,84,78.00561432370434,62.04462029337027,early
4,5,16,RULER,TOOLS,small,R,5,88,23,51,61.003839484610026,4.83924592368111,early
4,6,1,ALCOVE,BUILDING RELATED,large,A,6,123,168,149,19.103560139932995,15.626895216659872,early
4,6,2,BARN,BUILDING RELATED,large,B,4,77,123,171,12.75895572958258,47.550940928609265,early
4,6,3,GAZEBO,BUILDING RELATED,large,G,6,164,79,177,12.745135982652197,16.418431065504258,early
4,6,4,KITCHEN,BUILDING RELATED,large,K,7,111,10,254,80.69319202119623,22.409342207792218,early
4,6,5,CARNATION,FLOWERS,small,C,9,78,129,221,28.730169254506823,11.414693280304844,early
4,6,6,PETUNIA,FLOWERS,small,P,7,65,182,199,63.43007339804179,20.726632158843312,early
4,6,7,ROSE,FLOWERS,small,R,4,156,101,169,34.31086246632877,51.41743222199909,early
4,6,8,TULIP,FLOWERS,small,T,5,134,101,114,7.769517251554823,9.976112361151326,early
4,6,9,FACE,BODY PARTS,small,F,4,112,10,124,58.65642792964982,45.090911489434255,early
4,6,10,HEART,BODY PARTS,small,H,5,253,147,103,19.052458054282752,3.3416975682972225,early
4,6,11,KNUCKLE,BODY PARTS,small,K,7,247,45,176,12.473433083090255,66.41565798673643,early
4,6,12,EAR,BODY PARTS,small,E,3,81,93,142,6.74106101824235,90.98111923452898,early
4,6,13,HIPPOPOTAMUS,MAMMALS,large,H,12,186,236,45,76.86993008244383,12.221498256246747,early
4,6,14,DONKEY,MAMMALS,large,D,6,105,62,112,55.212790147545306,32.32998662210174,early
4,6,15,TIGER,MAMMALS,large,T,5,88,9,65,53.53192798560927,5.866518118467871,early
4,6,16,DOG,MAMMALS,large,D,3,214,12,177,33.15285440287365,19.373254513248938,early
4,7,1,FINGER,BODY PARTS,small,F,6,15,36,185,16.0213241442151,0.3239365379841215,early
4,7,2,ANKLE,BODY PARTS,small,A,5,144,46,128,2.9057507171891617,26.42218896767682,early
4,7,3,HAND,BODY PARTS,small,H,4,242,244,226,61.85690244896343,10.682959840441818,early
4,7,4,LIP,BODY PARTS,small,L,3,188,7,47,81.39013670650195,1.4875443438473503,early
4,7,5,GUITAR,INSTRUMENTS,large,G,6,233,96,156,28.745848367893856,31.40448849642368,early
4,7,6,BONGOS,INSTRUMENTS,large,B,6,224,67,241,39.40783780471201,50.19056057369834,early
4,7,7,XYLOPHONE,INSTRUMENTS,large,X,9,55,47,175,62.455951795832,71.70095131254905,early
4,7,8,ACCORDION,INSTRUMENTS,large,A,9,111,106,32,43.19124628647221,27.276381367922824,early
4,7,9,SCORPION,INSECTS,small,S,8,92,240,151,6.410465640081398,21.60192173588596,early
4,7,10,WORM,INSECTS,small,W,4,206,227,224,49.8218120315905,37.01079670170394,early
4,7,11,MONARCH,INSECTS,small,M,7,87,22,156,50.77541286069884,36.26845090629474,early
4,7,12,LARVA,INSECTS,small,L,5,35,78,28,23.847820788142815,17.74438443968757,early
4,7,13,POPLAR,TREES,large,P,6,148,139,113,10.58656690446026,58.092139086548514,early
4,7,14,EUCALYPTUS,TREES,large,E,10,88,71,216,43.61011175415194,22.183146343605493,early
4,7,15,ASH,TREES,large,A,3,183,235,243,25.600631235778287,85.82247290617227,early
4,7,16,WILLOW,TREES,large,W,6,93,99,197,62.38899639540204,51.47153129045673,early
4,8,1,MONTREAL,CITIES,large,M,8,92,16,167,72.29074738620588,75.88394421306796,late
4,8,2,ARMS,BODY PARTS,large,A,4,25,75,210,77.07811033146517,10.964812312892281,late
4,8,3,MUG,KITCHEN-RELATED,small,M,3,173,99,190,63.12494364261703,26.906439306737077,late
4,8,4,TRUMPET,INSTRUMENTS,large,T,7,59,36,148,55.44151839050064,44.09461278155642,late
4,8,5,HIP,BODY PARTS,small,H,3,85,6,100,78.64064674935928,78.4091959015114,late
4,8,6,TUBA,INSTRUMENTS,large,T,4,228,204,71,50.43129707929917,7.197466002641304,late
4,8,7,STOMACH,BODY PARTS,small,S,7,201,246,11,39.59798992943895,40.602088076464504,late
4,8,8,OVEN,KITCHEN-RELATED,large,O,4,141,45,190,34.168110420006435,87.40759939274533,late
4,8,9,THERMOMETER,KITCHEN-RELATED,small,T,11,147,8,220,70.1733679280689,6.743005721081066,late
4,8,10,PICCOLO,INSTRUMENTS,small,P,7,16,37,195,2.935331674811631,77.46525036957951,late
4,8,11,PELVIS,BODY PARTS,large,P,6,124,212,46,78.15162469156778,46.5301885990576,late
4,8,12,PARIS,CITIES,large,P,5,13,150,166,81.85576585073017,54.91764289829392,late
4,8,13,BROILER,KITCHEN-RELATED,large,B,7,124,48,252,30.712010833728193,56.25237222690807,late
4,8,14,DALLAS,CITIES,large,D,6,56,26,245,53.272002006052645,32.70004282995873,late
4,8,15,TAMBOURINE,INSTRUMENTS,small,T,10,219,44,111,62.950319064368685,53.34457661176213,late
4,8,16,ROME,CITIES,large,R,4,48,22,14,38.93291766069431,16.94207869725426,late
4,9,1,COLANDER,KITCHEN-RELATED,small,C,8,60,131,78,21.750802066734906,48.069755566493235,late
4,9,2,JUMPER,CLOTHING,small,J,6,17,45,67,83.98660446384301,7.124214757031266,late
4,9,3,CUP,KITCHEN-RELATED,small,C,3,215,211,86,33.58787660116942,73.22784264063056,late
4,9,4,HARMONICA,INSTRUMENTS,small,H,9,31,5,78,5.7847117236643255,56.37502007155293,late
4,9,5,BELT,CLOTHING,small,B,4,145,99,133,50.57345277469553,71.92342531068697,late
4,9,6,OAK,TREES,large,O,3,71,78,8,22.06453866287781,81.35994497104818,late
4,9,7,MARIMBA,INSTRUMENTS,large,M,7,198,65,77,12.896884097533096,17.368473103435253,late
4,9,8,EVERGREEN,TREES,large,E,9,159,251,199,79.39002762460069,70.6644515990284,late
4,9,9,BLENDER,KITCHEN-RELATED,large,B,7,229,165,16,71.88603580033086,41.225251547632325,late
4,9,10,MIXER,KITCHEN-RELATED,large,M,5,107,23,145,70.65515727073299,66.88653429246317,late
4,9,11,BANJO,INSTRUMENTS,large,B,5,147,232,178,37.0932121578841,27.994658588834902,late
4,9,12,SPRUCE,TREES,large,S,6,185,207,100,84.77083940957091,34.91486913588767,late
4,9,13,SHIRT,CLOTHING,small,S,5,89,14,182,66.1628575653754,20.239234340805627,late
4,9,14,ROBE,CLOTHING,small,R,4,13,141,7,34.767427946585386,61.330369680963514,late
4,9,15,COTTONWOOD,TREES,large,C,10,50,8,132,15.31819792720228,18.921291270605536,late
4,9,16,UKULELE,INSTRUMENTS,small,U,7,190,131,13,70.5451557250727,51.07853906946241,late
4,10,1,SQUIRREL,MAMMALS,small,S,8,233,19,36,7.425361773489913,71.84127598427379,late
4,10,2,PIANO,INSTRUMENTS,large,P,5,241,73,233,11.986277370391353,68.27277388665918,late
4,10,3,PROTRACTOR,TOOLS,small,P,10,223,20,9,84.83047243754706,47.602105306430026,late
4,10,4,SAW,TOOLS,small,S,3,163,250,205,20.85935200353913,62.39451053135732,late
4,10,5,CLARINET,INSTRUMENTS,small,C,8,157,104,149,17.285810274046188,4.1297771029986015,late
4,10,6,LEOPARD,MAMMALS,large,L,7,5,167,91,65.75189019869126,30.947935234222907,late
4,10,7,SWITZERLAND,COUNTRIES,large,S,11,238,172,8,77.37505713890214,58.375808980987536,late
4,10,8,CHISEL,TOOLS,small,C,6,15,101,246,72.5082867467136,22.049314808368283,late
4,10,9,KAZOO,INSTRUMENTS,small,K,5,130,166,215,13.696390200653816,57.55757217652558,late
4,10,10,FRANCE,COUNTRIES,large,F,6,241,30,216,17.420818825252756,14.067675429908235,late
4,10,11,FERRET,MAMMALS,small,F,6,148,143,80,38.280110337205635,23.447318863832777,late
4,10,12,JAPAN,COUNTRIES,large,J,5,67,28,240,62.87778336609374,56.29175524557184,late
4,10,13,ENGLAND,COUNTRIES,large,E,7,234,113,142,26.99856679753057,9.56582453765308,late
4,10,14,BOLTS,TOOLS,small,B,5,232,5,153,10.92963668678785,15.930173671762219,late
4,10,15,DRUM,INSTRUMENTS,large,D,4,215,123,42,35.29732721900303,72.81961251999967,late
4,10,16,CAT,MAMMALS,large,C,3,130,234,43,68.85675851915094,38.46113574791181,late
4,11,1,ALASKA,STATES,large,A,6,193,107,110,54.670171766013645,67.19892394055505,late
4,11,2,OKRA,VEGETABLES,small,O,4,207,150,238,49.917980344603215,3.6971501193919405,late
4,11,3,WASP,INSECTS,small,W,4,132,187,122,75.25907595855381,48.86578361793952,late
4,11,4,TEXAS,STATES,large,T,5,99,78,75,17.603000054249076,31.151872441390633,late
4,11,5,CHRYSALIS,INSECTS,small,C,9,21,25,131,22.091136676823393,68.99469975279281,late
4,11,6,BEETLE,INSECTS,small,B,6,94,46,17,34.95018020221321,41.251303402711244,late
4,11,7,LLAMA,MAMMALS,large,L,5,93,105,203,4.380862340167942,21.802496534295763,late
4,11,8,RABBIT,MAMMALS,small,R,6,57,92,93,79.21214203093305,14.22065019906315,late
4,11,9,FOX,MAMMALS,large,F,3,58,0,154,49.427262846641014,86.32554195099561,late
4,11,10,OHIO,STATES,large,O,4,193,210,97,37.5163900305749,6.439623958607532,late
4,11,11,PUMPKIN,VEGETABLES,large,P,7,44,175,53,25.316876074665647,27.08803819801513,late
4,11,12,TERMITE,INSECTS,small,T,7,11,213,121,66.53539203950002,1.161847869503416,late
4,11,13,RHINOCEROS,MAMMALS,large,R,10,68,197,43,2.7082446840333474,19.289477811467066,late
4,11,14,RUTABAGA,VEGETABLES,small,R,8,108,157,231,79.86915366873932,13.619802294597854,late
4,11,15,GINGER,VEGETABLES,small,G,6,115,86,219,50.44703713037699,75.74884070873594,late
4,11,16,PENNSYLVANIA,STATES,large,P,12,205,64,211,51.320103792357614,29.542329892417214,late
4,12,1,PANCREAS,BODY PARTS,small,P,8,91,238,128,67.85819668775056,8.525344556570627,late
4,12,2,POMEGRANATE,FRUITS,small,P,11,148,166,200,57.21026681130599,0.43195222828542157,late
4,12,3,CLEMENTINE,FRUITS,small,C,10,129,172,112,9.423646001637124,32.23702569281299,late
4,12,4,IOWA,STATES,large,I,4,186,24,81,78.12922212035515,3.6780056512731907,late
4,12,5,TONGUE,BODY PARTS,small,T,6,135,205,242,77.64701399487618,28.830801805273023,late
4,12,6,FLORIDA,STATES,large,F,7,145,244,105,73.56370736778241,22.47020314079977,late
4,12,7,PEAR,FRUITS,small,P,4,28,225,171,76.01650853407828,31.146560544584936,late
4,12,8,MICHIGAN,STATES,large,M,8,145,95,157,55.68217885123596,18.076895272057097,late
4,12,9,LEMON,FRUITS,small,L,5,202,126,109,33.76106298256834,51.7975431090406,late
4,12,10,MOOSE,MAMMALS,large,M,5,84,223,186,75.61391336394281,52.4542139392544,late
4,12,11,KANSAS,STATES,large,K,6,143,188,174,64.47773126048583,55.54283311242281,late
4,12,12,RIB,BODY PARTS,small,R,3,133,50,194,52.463314533429084,14.22414693190366,late
4,12,13,RACOON,MAMMALS,large,R,6,51,25,12,12.773582847303004,81.94554889916812,late
4,12,14,TOOTH,BODY PARTS,small,T,5,13,181,12,14.977221512224817,70.10827183524111,late
4,12,15,ANTELOPE,MAMMALS,large,A,8,67,201,135,29.496626535824326,15.106066673640509,late
4,12,16,MONKEY,MAMMALS,large,M,6,12,234,171,61.80280193914651,6.683367273984184,late
4,13,1,MAPLE,TREES,large,M,5,30,144,1,29.690762539113535,38.00353795095044,late
4,13,2,PLUM,FRUITS,small,P,4,10,183,167,20.01014215239851,60.85837284878726,late
4,13,3,WIRE,TOOLS,small,W,4,75,204,32,18.383623973285093,40.1493881965965,late
4,13,4,TRIANGLE,INSTRUMENTS,small,T,8,135,160,70,31.702380338409515,32.6127030167421,late
4,13,5,PINE,TREES,large,P,4,222,181,25,33.46051853333648,52.071924499830665,late
4,13,6,HICKORY,TREES,large,H,7,106,249,14,12.952081645219243,45.57262569291382,late
4,13,7,FIG,FRUITS,small,F,3,133,45,36,83.84328704605846,44.81201248890013,late
4,13,8,SAXOPHONE,INSTRUMENTS,large,S,9,207,79,0,79.08820485335414,50.11908663895454,late
4,13,9,WEDGE,TOOLS,small,W,5,9,56,49,59.835055984172904,51.64563875780616,late
4,13,10,VIOLIN,INSTRUMENTS,large,V,6,61,229,169,84.24850269214811,45.90306682470571,late
4,13,11,ELM,TREES,large,E,3,102,68,217,39.27816877564467,52.85116398583244,late
4,13,12,HAMMER,TOOLS,small,H,6,130,172,194,84.6814118965539,20.790241618745853,late
4,13,13,SCREWS,TOOLS,small,S,6,126,157,116,33.602593309791985,76.77189711137537,late
4,13,14,RASPBERRY,FRUITS,small,R,9,218,149,228,0.8814803213359457,28.31241422043046,late
4,13,15,HONEYDEW,FRUITS,small,H,8,64,69,252,53.340835064674515,24.531280325325547,late
4,13,16,CELLO,INSTRUMENTS,large,C,5,205,30,115,61.30991238939866,5.8186564644383365,late
4,14,1,ZUCCHINI,VEGETABLES,small,Z,8,170,106,120,17.53354674935681,23.50480664233896,late
4,14,2,SHEEP,MAMMALS,large,S,5,101,48,77,39.63901545622932,78.89393920957032,late
4,14,3,MIAMI,CITIES,large,M,5,48,148,73,62.552445581638416,34.27545711507082,late
4,14,4,FOOT,BODY PARTS,small,F,4,5,104,244,73.88563425960388,47.882926143607044,late
4,14,5,STOCKHOLM,CITIES,large,S,9,229,4,166,23.8662217417924,8.466865172325534,late
4,14,6,ELBOW,BODY PARTS,small,E,5,26,35,247,20.556766943858758,28.08635823707427,late
4,14,7,TORONTO,CITIES,large,T,7,243,175,87,50.57979883137115,9.500710773995262,late
4,14,8,SHOULDER,BODY PARTS,small,S,8,149,225,152,35.92569742264331,5.790046470665046,late
4,14,9,SQUASH,VEGETABLES,small,S,6,170,50,117,14.868044404708996,29.101928102103837,late
4,14,10,OLIVE,VEGETABLES,small,O,5,120,77,66,21.356378320296326,10.697511613371756,late
4,14,11,GOAT,MAMMALS,large,G,4,140,97,62,8.426539248251453,11.819294611312536,late
4,14,12,AUBERGINE,VEGETABLES,small,A,9,204,216,127,65.30979576933248,60.11078186339019,late
4,14,13,BOMBAY,CITIES,large,B,6,111,75,241,65.3382242883364,45.47608608449697,late
4,14,14,PANTHER,MAMMALS,large,P,7,85,104,126,76.80418279170725,7.180224672546136,late
4,14,15,KIDNEY,BODY PARTS,small,K,6,198,187,31,77.00796056861252,25.58051943241644,late
4,14,16,WOLF,MAMMALS,large,W,4,129,195,142,80.09299846888027,67.24213943138881,late
4,15,1,ETHIOPIA,COUNTRIES,large,E,8,57,152,51,65.68586866431846,26.907556158208557,late
4,15,2,CELERY,VEGETABLES,small,C,6,52,213,101,49.466436731208155,23.89720515754102,late
4,15,3,LION,MAMMALS,large,L,4,215,145,55,33.32146777410872,50.94026047085201,late
4,15,4,LETTUCE,VEGETABLES,small,L,7,66,123,185,75.00301098338818,35.56215919545712,late
4,15,5,ELEPHANT,MAMMALS,large,E,8,115,231,136,58.44328601544578,36.961725657981326,late
4,15,6,ZEBRA,MAMMALS,large,Z,5,122,193,85,12.146569021009515,31.32565683604636,late
4,15,7,MARACAS,INSTRUMENTS,small,M,7,177,65,91,52.94266131856699,50.843512413097905,late
4,15,8,ITALY,COUNTRIES,large,I,5,44,167,69,31.129832423909853,29.27444244870172,late
4,15,9,YAMS,VEGETABLES,small,Y,4,123,239,225,35.62590442155242,7.944115677302001,late
4,15,10,POLAND,COUNTRIES,large,P,6,97,201,228,15.218231644679438,6.79048518868507,late
4,15,11,BASS,INSTRUMENTS,large,B,4,27,36,197,64.83171233133824,17.15929882703846,late
4,15,12,PIG,MAMMALS,large,P,3,201,19,94,32.04015705010642,61.252478410214835,late
4,15,13,CARROT,VEGETABLES,small,C,6,100,21,3,5.585511036262484,80.20776067648967,late
4,15,14,AUSTRALIA,COUNTRIES,large,A,9,128,224,103,51.31491915304106,46.932744547519675,late
4,15,15,TROMBONE,INSTRUMENTS,large,T,8,154,111,128,50.273424944140075,5.458985156043044,late
4,15,16,VIOLA,INSTRUMENTS,large,V,5,28,105,38,39.18610736832922,7.559710731224232,late
5,0,1,BANJO,INSTRUMENTS,large,B,5,23,164,122,28.00309497003966,66.01073577552867,early
5,0,2,MARIMBA,INSTRUMENTS,large,M,7,98,128,169,20.0778450670379,3.7493621646824993,early
5,0,3,UKULELE,INSTRUMENTS,small,U,7,54,210,169,32.92876992751632,39.277874161338744,early
5,0,4,HARMONICA,INSTRUMENTS,small,H,9,132,11,82,75.50209818018158,9.770883827890692,early
5,0,5,BLENDER,KITCHEN-RELATED,large,B,7,1,148,11,48.99441979782378,23.244467997202186,early
5,0,6,COLANDER,KITCHEN-RELATED,small,C,8,82,19,44,74.92155855900012,32.778392399863975,early
5,0,7,MIXER,KITCHEN-RELATED,large,M,5,140,128,19,84.80012603061702,26.845347018197316,early
5,0,8,CUP,KITCHEN-RELATED,small,C,3,168,106,8,38.311883761980425,26.764265758131955,early
5,0,9,BELT,CLOTHING,small,B,4,230,26,240,71.62407159546484,46.55481765209085,early
5,0,10,ROBE,CLOTHING,small,R,4,42,213,158,8.894438709522163,3.656173537485989,early
5,0,11,JUMPER,CLOTHING,small,J,6,65,201,129,81.59858782691852,15.368980604577333,early
5,0,12,SHIRT,CLOTHING,small,S,5,169,123,145,71.5895784139254,20.903189935396444,early
5,0,13,COTTONWOOD,TREES,large,C,10,19,24,13,8.789630346645152,29.539039935946796,early
5,0,14,SPRUCE,TREES,large,S,6,219,75,20,41.43986972635052,24.24291787761699,early
5,0,15,EVERGREEN,TREES,large,E,9,98,231,52,62.57767523927055,40.61082210352142,early
5,0,16,OAK,TREES,large,O,3,202,28,223,61.137441193436594,50.666601466564465,early
5,1,1,GUAVA,FRUITS,small,G,5,170,42,200,62.899348340009695,58.7551241142203,early
5,1,2,TANGELO,FRUITS,small,T,7,31,82,72,68.48705656785552,30.056413689550443,early
5,1,3,KIWI,FRUITS,small,K,4,46,21,102,59.73546700075975,31.348587227185615,early
5,1,4,STRAWBERRY,FRUITS,small,S,10,144,65,94,34.49395202389515,33.07586951407408,early
5,1,5,SPATULA,KITCHEN-RELATED,small,S,7,192,213,149,27.296345557731982,76.29970397937043,early
5,1,6,GLASS,KITCHEN-RELATED,small,G,5,56,12,123,51.43278356500527,36.27676759000409,early
5,1,7,POT,KITCHEN-RELATED,large,P,3,182,108,176,78.59297826975451,35.42516830833394,early
5,1,8,REFRIGERATOR,KITCHEN-RELATED,large,R,12,174,81,234,61.8674491237797,38.34235778398897,early
5,1,9,COW,MAMMALS,large,C,3,203,146,176,15.07065200817099,28.751100246062297,early
5,1,10,HORSE,MAMMALS,large,H,5,105,81,80,31.869669439325822,1.0695223330792913,early
5,1,11,MOUSE,MAMMALS,small,M,5,79,149,4,46.7618962026781,17.317389403260947,early
5,1,12,GIRAFFE,MAMMALS,large,G,7,220,98,189,41.8662640942582,18.049675990317777,early
5,1,13,DOOR,BUILDING RELATED,large,D,4,148,150,2,49.35765389183867,62.994172106809664,early
5,1,14,HALL,BUILDING RELATED,large,H,4,210,144,40,6.898934219556385,19.28230173851985,early
5,1,15,CORRIDOR,BUILDING RELATED,large,C,8,113,55,80,35.95797165933504,8.799696279096981,early
5,1,16,WINDOW,BUILDING RELATED,large,W,6,221,198,206,63.47576256807949,24.976288987421807,early
5,2,1,CAULIFLOWER,VEGETABLES,small,C,11,26,170,109,8.31495830505454,20.8315506485888,early
5,2,2,ONION,VEGETABLES,small,O,5,219,247,242,3.0831317959433813,5.4043179382486795,early
5,2,3,BROCCOLI,VEGETABLES,small,B,8,102,222,25,30.600889786946937,30.845861143184408,early
5,2,4,PICKLE,VEGETABLES,small,P,6,64,179,33,53.70484228726196,45.40022923772365,early
5,2,5,LOG,FLOWERS,small,L,3,152,114,170,31.090882711498217,77.85073794889419,early
5,2,6,AZALEA,FLOWERS,small,A,6,17,6,244,24.48633041604904,55.66755919817208,early
5,2,7,DAHLIA,FLOWERS,small,D,6,0,216,90,67.67083049412994,51.8292009915348,early
5,2,8,BUTTERCUP,FLOWERS,small,B,9,54,158,40,49.822515350965766,68.31112831255126,early
5,2,9,GRIDDLE,KITCHEN-RELATED,small,G,7,42,157,220,36.578609927297435,20.546047306373755,early
5,2,10,DISH,KITCHEN-RELATED,small,D,4,73,222,124,20.49031412147854,37.126913589591105,early
5,2,11,SAUCER,KITCHEN-RELATED,small,S,6,39,197,94,67.24995613302457,63.70576642656989,early
5,2,12,STRAINER,KITCHEN-RELATED,small,S,8,178,167,161,69.18574369057878,58.34188542005708,early
5,2,13,FLOOR,BUILDING RELATED,large,F,5,98,244,36,64.44835065120452,47.692769483732725,early
5,2,14,ELEVATOR,BUILDING RELATED,large,E,8,3,152,165,65.10143831336467,37.626732328734896,early
5,2,15,CARPET,BUILDING RELATED,large,C,6,84,178,146,70.37208839107721,15.680811320440247,early
5,2,16,FOUNDATION,BUILDING RELATED,large,F,10,112,240,224,41.45613711828217,36.178934875422506,early
5,3,1,BERLIN,CITIES,large,B,6,107,19,47,47.16159925866124,50.48989824407982,early
5,3,2,RENO,CITIES,large,R,4,205,3,29,18.5065315867008,64.92314643295747,early
5,3,3,CHICAGO,CITIES,large,C,7,120,69,102,48.065567297921014,25.75216559530853,early
5,3,4,SYDNEY,CITIES,large,S,6,99,221,175,48.626623174560045,22.764160965903383,early
5,3,5,GLOVES,CLOTHING,small,G,6,150,114,152,57.58841027998846,22.968379671862678,early
5,3,6,SWEATER,CLOTHING,small,S,7,152,30,226,18.503409031993463,43.450363384182495,early
5,3,7,TROUSERS,CLOTHING,small,T,8,119,57,21,66.42901414927735,61.91257768605969,early
5,3,8,BRA,CLOTHING,small,B,3,88,134,185,2.3968392970135435,20.40454704274182,early
5,3,9,CEDAR,TREES,large,C,5,119,60,198,14.440812712196308,76.07578682734609,early
5,3,10,PALM,TREES,large,P,4,161,240,168,15.346187578562839,65.1901340031754,early
5,3,11,SYCAMORE,TREES,large,S,8,7,190,182,49.39824964820354,53.744151157774326,early
5,3,12,TEAK,TREES,large,T,4,26,159,170,24.900953221683015,30.244768767701437,early
5,3,13,MANTIS,INSECTS,small,M,6,235,101,193,45.35383131455074,24.316377769698747,early
5,3,14,MOSQUITO,INSECTS,small,M,8,235,8,29,80.03309750136778,54.81816945977073,early
5,3,15,MILLIPEDE,INSECTS,small,M,9,118,188,196,28.963334869118732,9.667777657297764,early
5,3,16,HORNET,INSECTS,small,H,6,34,71,237,76.13210130828054,78.98945714806268,early
5,4,1,JAPAN,COUNTRIES,large,J,5,247,131,54,66.09437344592098,82.20469944795919,early
5,4,2,SWITZERLAND,COUNTRIES,large,S,11,230,229,206,14.768921035996257,0.9820875844576598,early
5,4,3,FRANCE,COUNTRIES,large,F,6,32,81,190,15.637970904096516,43.85984444680826,early
5,4,4,ENGLAND,COUNTRIES,large,E,7,81,32,248,78.55289610364818,37.888827556473146,early
5,4,5,FERRET,MAMMALS,small,F,6,8,219,21,83.73244697602985,59.982171711516,early
5,4,6,LEOPARD,MAMMALS,large,L,7,95,71,38,65.1495531515343,37.59905569924308,early
5,4,7,SQUIRREL,MAMMALS,small,S,8,244,28,234,54.99050566156992,15.129224275584846,early
5,4,8,CAT,MAMMALS,large,C,3,133,106,60,62.44417608879198,8.927456761435375,early
5,4,9,DRUM,INSTRUMENTS,large,D,4,178,123,231,55.02793622102171,16.23812668795381,early
5,4,10,CLARINET,INSTRUMENTS,small,C,8,126,74,7,82.54928797860782,10.4724773514007,early
5,4,11,PIANO,INSTRUMENTS,large,P,5,164,185,58,3.5773675365652755,67.79320156467637,early
5,4,12,KAZOO,INSTRUMENTS,small,K,5,234,241,193,79.0808392127171,24.95622446741439,early
5,4,13,PROTRACTOR,TOOLS,small,P,10,157,100,209,25.18710777184042,64.46704037933873,early
5,4,14,SAW,TOOLS,small,S,3,240,0,238,8.486593551433966,16.13814718584795,early
5,4,15,BOLTS,TOOLS,small,B,5,150,30,44,63.6465075448204,45.616431059463224,early
5,4,16,CHISEL,TOOLS,small,C,6,116,170,36,63.08989247030167,15.760313580392271,early
5,5,1,TONGUE,BODY PARTS,small,T,6,213,213,243,51.41605448128437,31.74112015121977,early
5,5,2,PANCREAS,BODY PARTS,small,P,8,46,100,6,77.8137398120952,58.12880972306432,early
5,5,3,TOOTH,BODY PARTS,small,T,5,154,78,230,59.39205893383809,42.151267749424726,early
5,5,4,RIB,BODY PARTS,small,R,3,152,186,212,18.740889529438867,69.40864178500887,early
5,5,5,CLEMENTINE,FRUITS,small,C,10,178,104,204,62.213221934368185,15.471847830839922,early
5,5,6,PEAR,FRUITS,small,P,4,166,245,143,5.907405749268743,50.17731219304936,early
5,5,7,LEMON,FRUITS,small,L,5,26,118,16,2.4475824668661694,84.36695455882429,early
5,5,8,POMEGRANATE,FRUITS,small,P,11,163,208,94,77.56814062342038,24.81446001152087,early
5,5,9,MICHIGAN,STATES,large,M,8,137,222,142,24.216928437421853,10.293524388054824,early
5,5,10,KANSAS,STATES,large,K,6,189,244,172,69.17042680776626,45.345109534301315,early
5,5,11,IOWA,STATES,large,I,4,47,148,160,10.873257588266211,35.29111674596362,early
5,5,12,FLORIDA,STATES,large,F,7,63,76,199,57.57021918361613,42.92484693316121,early
5,5,13,RACOON,MAMMALS,large,R,6,76,35,53,81.32556447548562,14.952791613835426,early
5,5,14,MONKEY,MAMMALS,large,M,6,181,150,208,30.824503911727966,56.577406160945394,early
5,5,15,ANTELOPE,MAMMALS,large,A,8,196,200,208,83.68918010102306,62.87516654601312,early
5,5,16,MOOSE,MAMMALS,large,M,5,85,72,11,40.95228675909015,12.629296502304495,early
5,6,1,ACCORDION,INSTRUMENTS,large,A,9,133,251,9,77.04707949644212,25.580427537036275,early
5,6,2,BONGOS,INSTRUMENTS,large,B,6,224,63,156,11.984439236583631,55.2384843312054,early
5,6,3,XYLOPHONE,INSTRUMENTS,large,X,9,121,86,224,64.03784430028446,40.174664913030064,early
5,6,4,GUITAR,INSTRUMENTS,large,G,6,23,68,182,40.49637533941878,38.045689565342094,early
5,6,5,SCORPION,INSECTS,small,S,8,108,70,58,25.782334139571375,10.15771522677658,early
5,6,6,WORM,INSECTS,small,W,4,139,55,248,74.52667900147831,33.97884795245831,early
5,6,7,LARVA,INSECTS,small,L,5,32,185,88,45.98698599238807,35.430090395938905,early
5,6,8,MONARCH,INSECTS,small,M,7,74,205,8,45.29318723608826,51.430517636815665,early
5,6,9,LIP,BODY PARTS,small,L,3,101,9,68,54.65126209265041,28.556629672835864,early
5,6,10,HAND,BODY PARTS,small,H,4,68,18,241,42.88697350741577,77.06951744576757,early
5,6,11,ANKLE,BODY PARTS,small,A,5,235,44,225,65.7903196799929,67.33991618748166,early
5,6,12,FINGER,BODY PARTS,small,F,6,55,105,225,57.24345402122758,24.450616983811592,early
5,6,13,POPLAR,TREES,large,P,6,222,42,39,79.23279013500753,68.4235399842073,early
5,6,14,ASH,TREES,large,A,3,185,95,35,22.12527889002559,49.865162679456844,early
5,6,15,WILLOW,TREES,large,W,6,18,159,122,78.70593086182714,38.38572776123545,early
5,6,16,EUCALYPTUS,TREES,large,E,10,5,181,54,3.537518096651743,16.900356028412432,early
5,7,1,WIRE,TOOLS,small,W,4,153,88,245,36.31643572375053,38.727983984194566,early
5,7,2,HAMMER,TOOLS,small,H,6,238,79,45,25.760943312590584,4.661445865413234,early
5,7,3,WEDGE,TOOLS,small,W,5,254,243,71,58.62330323594877,55.86921135703729,early
5,7,4,SCREWS,TOOLS,small,S,6,137,238,201,36.63995132404449,29.505951654868394,early
5,7,5,MAPLE,TREES,large,M,5,109,62,70,5.743886817124198,26.719575658670962,early
5,7,6,PINE,TREES,large,P,4,76,116,207,49.734067689024165,42.331307845707535,early
5,7,7,HICKORY,TREES,large,H,7,24,100,222,41.56432652627027,34.5199159853202,early
5,7,8,ELM,TREES,large,E,3,17,76,212,29.261804656644255,62.81454518621313,early
5,7,9,HONEYDEW,FRUITS,small,H,8,88,151,168,25.361503219322678,45.21730827081961,early
5,7,10,FIG,FRUITS,small,F,3,136,38,172,31.238518199723657,30.2002650978616,early
5,7,11,PLUM,FRUITS,small,P,4,251,205,161,81.81269939742388,47.081422839781176,early
5,7,12,RASPBERRY,FRUITS,small,R,9,2,213,34,26.448257552745197,1.4552138024952055,early
5,7,13,VIOLIN,INSTRUMENTS,large,V,6,154,99,210,25.262648710348046,29.537062146443397,early
5,7,14,CELLO,INSTRUMENTS,large,C,5,29,221,194,58.470606869983996,24.761517469863872,early
5,7,15,SAXOPHONE,INSTRUMENTS,large,S,9,133,238,91,28.241137592084293,59.13362736431584,early
5,7,16,TRIANGLE,INSTRUMENTS,small,T,8,99,117,39,20.839758263829783,41.17390640160408,early
5,8,1,VERMONT,STATES,large,V,7,217,245,137,36.620823525319835,9.916143487991992,late
5,8,2,GLUE,TOOLS,small,G,4,124,73,7,79.51350617196383,24.920771589761003,late
5,8,3,WISCONSIN,STATES,large,W,9,67,29,55,61.33773534186902,17.720934595949483,late
5,8,4,NECTARINE,FRUITS,small,N,9,247,21,64,34.87856706055635,7.072250123513536,late
5,8,5,WASHER,TOOLS,small,W,6,237,138,120,66.44680131626711,51.33197481805267,late
5,8,6,MANGO,FRUITS,small,M,5,174,219,207,43.60102522987809,31.129783805389764,late
5,8,7,VANCOUVER,CITIES,large,V,9,217,136,20,82.3090812310995,62.23838746122257,late
5,8,8,NUTS,TOOLS,small,N,4,63,104,49,62.11638338854087,76.63043966840358,late
5,8,9,BANANA,FRUITS,small,B,6,150,142,46,24.158503299961378,14.07445799981408,late
5,8,10,TOKYO,CITIES,large,T,5,170,145,171,4.618984173908189,72.05134812016604,late
5,8,11,RULER,TOOLS,small,R,5,113,207,63,70.58685892088107,28.81548673067738,late
5,8,12,PHILADELPHIA,CITIES,large,P,12,254,59,36,55.747425801702626,24.54176903569919,late
5,8,13,CALIFORNIA,STATES,large,C,10,119,56,160,71.98905554161564,47.17541921043189,late
5,8,14,JERUSALEM,CITIES,large,J,9,240,143,251,65.88064431883974,15.837022646902373,late
5,8,15,HAWAII,STATES,large,H,6,34,46,15,33.40076581845331,53.61757045372895,late
5,8,16,KUMQUAT,FRUITS,small,K,7,116,105,246,46.512682074805305,50.3466595278913,late
5,9,1,TUBA,INSTRUMENTS,large,T,4,23,149,104,42.07601822534926,28.088043485379032,late
5,9,2,ROME,CITIES,large,R,4,58,244,234,65.98150302111107,14.762262808112046,late
5,9,3,TAMBOURINE,INSTRUMENTS,small,T,10,101,0,112,58.33671250861038,6.741971511936979,late
5,9,4,MONTREAL,CITIES,large,M,8,6,107,54,46.63011811109947,71.05892037552798,late
5,9,5,STOMACH,BODY PARTS,small,S,7,169,175,47,36.738771614866835,58.92838131800745,late
5,9,6,TRUMPET,INSTRUMENTS,large,T,7,143,234,221,31.293160908108216,3.7130595334867094,late
5,9,7,PICCOLO,INSTRUMENTS,small,P,7,18,26,58,16.920739274248838,34.1472185757852,late
5,9,8,MUG,KITCHEN-RELATED,small,M,3,54,45,56,54.88936981609574,0.607542284034327,late
5,9,9,THERMOMETER,KITCHEN-RELATED,small,T,11,136,134,189,53.05531163320988,10.95681157062936,late
5,9,10,DALLAS,CITIES,large,D,6,72,170,158,12.657859097247064,34.299020104990184,late
5,9,11,PELVIS,BODY PARTS,large,P,6,0,88,200,39.05537756113079,25.608822637248227,late
5,9,12,ARMS,BODY PARTS,large,A,4,62,252,139,45.02887387846779,72.06675572988192,late
5,9,13,BROILER,KITCHEN-RELATED,large,B,7,143,68,101,59.56885600748813,54.96635005870953,late
5,9,14,PARIS,CITIES,large,P,5,48,138,214,78.61369763540344,27.643667660098778,late
5,9,15,HIP,BODY PARTS,small,H,3,211,58,213,6.507276596370869,38.18349116035148,late
5,9,16,OVEN,KITCHEN-RELATED,large,O,4,62,96,24,74.62600680244105,83.89221174364623,late
5,10,1,VIOLA,INSTRUMENTS,large,V,5,1,33,13,79.27640190315725,58.59056224751597,late
5,10,2,LETTUCE,VEGETABLES,small,L,7,155,226,155,81.77253367442145,71.73267485997921,late
5,10,3,POLAND,COUNTRIES,large,P,6,111,144,189,1.2011262902454445,15.95401490819894,late
5,10,4,YAMS,VEGETABLES,small,Y,4,163,162,161,11.999353367178095,15.228616589867945,late
5,10,5,CARROT,VEGETABLES,small,C,6,201,65,69,54.448412197510216,70.86970181559614,late
5,10,6,LION,MAMMALS,large,L,4,114,174,164,5.854326941991221,0.230759716863977,late
5,10,7,ZEBRA,MAMMALS,large,Z,5,245,229,112,5.813052734738572,62.842343523959755,late
5,10,8,ETHIOPIA,COUNTRIES,large,E,8,103,76,204,14.631186807367078,0.6919896494072475,late
5,10,9,CELERY,VEGETABLES,small,C,6,232,39,244,63.47508718903411,56.13388101478485,late
5,10,10,ITALY,COUNTRIES,large,I,5,220,196,131,54.875487356335675,28.516792707356963,late
5,10,11,PIG,MAMMALS,large,P,3,182,224,167,56.213842818498556,75.41040995841843,late
5,10,12,BASS,INSTRUMENTS,large,B,4,149,156,4,5.008604718066193,22.34149872525881,late
5,10,13,MARACAS,INSTRUMENTS,small,M,7,24,16,112,30.166474139236218,44.73147106756237,late
5,10,14,ELEPHANT,MAMMALS,large,E,8,145,80,91,50.84863419841105,11.602289429512249,late
5,10,15,TROMBONE,INSTRUMENTS,large,T,8,159,222,214,43.20777747975501,13.441175276165476,late
5,10,16,AUSTRALIA,COUNTRIES,large,A,9,148,120,19,54.31253616564165,71.77466764106913,late
5,11,1,IRAN,COUNTRIES,large,I,4,91,51,211,48.07676037457225,23.446879735195346,late
5,11,2,GARLIC,VEGETABLES,small,G,6,24,211,167,24.05246378152517,76.24413952279724,late
5,11,3,SPINACH,VEGETABLES,small,S,7,254,213,220,20.01920188198922,71.26710878227873,late
5,11,4,BLOUSE,CLOTHING,small,B,6,102,56,238,45.94815227422334,12.015449541126534,late
5,11,5,POTATO,VEGETABLES,small,P,6,125,218,245,37.80888790864012,59.97955063200929,late
5,11,6,CHIMNEY,BUILDING RELATED,large,C,7,207,87,183,68.5520382180776,4.314685482579903,late
5,11,7,SUIT,CLOTHING,small,S,4,149,206,131,26.214671017066443,81.31764774403648,late
5,11,8,ARTICHOKE,VEGETABLES,small,A,9,137,43,171,29.91493829181419,12.204957887988135,late
5,11,9,CAMISOLE,CLOTHING,small,C,8,85,18,50,20.07379061859305,30.584483173565623,late
5,11,10,CLOSET,BUILDING RELATED,large,C,6,142,140,43,18.671717709516773,39.39748933553309,late
5,11,11,FURNACE,BUILDING RELATED,large,F,7,54,37,58,65.49218012518875,40.976893571148686,late
5,11,12,GERMANY,COUNTRIES,large,G,7,236,188,36,62.8031198818735,25.209379327602488,late
5,11,13,LOBBY,BUILDING RELATED,large,L,5,82,234,197,77.41799111181633,33.54690186410983,late
5,11,14,CUBA,COUNTRIES,large,C,4,243,159,5,80.5378384783564,67.79528753142039,late
5,11,15,JACKET,CLOTHING,small,J,6,68,50,118,38.34824412890894,23.856576359974554,late
5,11,16,EGYPT,COUNTRIES,large,E,5,123,108,59,0.6497079625065871,65.63533939284729,late
5,12,1,AUBERGINE,VEGETABLES,small,A,9,112,50,194,59.90343016994966,11.924841067752787,late
5,12,2,PANTHER,MAMMALS,large,P,7,59,175,187,66.66557734796578,25.624608926440878,late
5,12,3,STOCKHOLM,CITIES,large,S,9,138,230,53,49.10573363062058,69.99392744916399,late
5,12,4,WOLF,MAMMALS,large,W,4,152,37,83,47.95115833979942,17.100592248295907,late
5,12,5,MIAMI,CITIES,large,M,5,99,31,199,10.025958948228439,39.148530075131156,late
5,12,6,ZUCCHINI,VEGETABLES,small,Z,8,144,57,23,8.041764758552358,40.09272028676811,late
5,12,7,KIDNEY,BODY PARTS,small,K,6,242,103,28,51.710296138594806,32.84281451003373,late
5,12,8,BOMBAY,CITIES,large,B,6,124,232,38,65.72675161587546,40.77360243590221,late
5,12,9,ELBOW,BODY PARTS,small,E,5,168,232,246,67.64121571457949,5.145069568894564,late
5,12,10,TORONTO,CITIES,large,T,7,220,25,76,41.03935966000095,52.457150109435354,late
5,12,11,SQUASH,VEGETABLES,small,S,6,230,180,130,26.07882384372387,10.537150910453198,late
5,12,12,GOAT,MAMMALS,large,G,4,205,110,218,84.07089120679503,34.52924212677686,late
5,12,13,SHOULDER,BODY PARTS,small,S,8,105,72,35,17.79065423850629,10.396152435818717,late
5,12,14,OLIVE,VEGETABLES,small,O,5,126,6,82,47.967166872034404,25.671772123319066,late
5,12,15,SHEEP,MAMMALS,large,S,5,253,181,111,16.33531769122769,68.41932445949581,late
5,12,16,FOOT,BODY PARTS,small,F,4,222,41,88,33.91417210712653,34.092048793599425,late
5,13,1,DOG,MAMMALS,large,D,3,163,150,230,54.29688851329024,81.93188145627099,late
5,13,2,ROSE,FLOWERS,small,R,4,89,197,0,4.328395089086294,41.04188949466692,late
5,13,3,CARNATION,FLOWERS,small,C,9,60,145,84,50.72398070682847,58.560333113880105,late
5,13,4,PETUNIA,FLOWERS,small,P,7,173,230,22,57.15505274765832,46.8335395930152,late
5,13,5,FACE,BODY PARTS,small,F,4,32,71,124,46.586524581462676,69.38581631107667,late
5,13,6,ALCOVE,BUILDING RELATED,large,A,6,200,0,116,79.92833795293,34.92088690512814,late
5,13,7,DONKEY,MAMMALS,large,D,6,80,158,14,27.986855925346195,72.04020045826954,late
5,13,8,KNUCKLE,BODY PARTS,small,K,7,188,3,147,44.60579509311437,58.96423837230741,late
5,13,9,EAR,BODY PARTS,small,E,3,158,233,82,76.70015648789129,67.28630096649734,late
5,13,10,BARN,BUILDING RELATED,large,B,4,226,107,150,40.0944205616392,40.985697828947934,late
5,13,11,TIGER,MAMMALS,large,T,5,52,39,179,47.586243875385755,84.59327482101533,late
5,13,12,GAZEBO,BUILDING RELATED,large,G,6,160,121,93,74.93841992598914,35.83927475826726,late
5,13,13,KITCHEN,BUILDING RELATED,large,K,7,25,44,147,30.352068921844115,51.94965876563217,late
5,13,14,HEART,BODY PARTS,small,H,5,201,228,125,23.102245617363987,61.388411715752746,late
5,13,15,TULIP,FLOWERS,small,T,5,189,176,160,54.402416489758,45.51335849327622,late
5,13,16,HIPPOPOTAMUS,MAMMALS,large,H,12,207,186,80,53.90426389037524,3.595325409114224,late
5,14,1,RABBIT,MAMMALS,small,R,6,184,184,215,66.95078046091224,51.78185266176955,late
5,14,2,BEETLE,INSECTS,small,B,6,70,149,57,12.947998088223118,5.853446807082916,late
5,14,3,PENNSYLVANIA,STATES,large,P,12,203,206,98,67.32121304726162,3.1223514056930384,late
5,14,4,WASP,INSECTS,small,W,4,218,28,159,54.72421801931232,6.987736931793311,late
5,14,5,RUTABAGA,VEGETABLES,small,R,8,214,32,182,33.67250693020315,17.166976563330696,late
5,14,6,TERMITE,INSECTS,small,T,7,130,57,94,24.47657876267271,32.10370202085888,late
5,14,7,OHIO,STATES,large,O,4,208,85,225,7.0426138380952805,7.025259170910321,late
5,14,8,ALASKA,STATES,large,A,6,210,86,21,60.40352973113076,79.03203996298666,late
5,14,9,LLAMA,MAMMALS,large,L,5,248,16,193,36.09758360145033,5.516870166999373,late
5,14,10,CHRYSALIS,INSECTS,small,C,9,98,78,123,25.626152631427033,4.98996607374625,late
5,14,11,GINGER,VEGETABLES,small,G,6,165,142,185,17.100114268386555,39.25141793724039,late
5,14,12,PUMPKIN,VEGETABLES,large,P,7,217,171,116,73.14221223674143,19.6263467630953,late
5,14,13,OKRA,VEGETABLES,small,O,4,77,252,244,23.28347361417071,65.15097288090085,late
5,14,14,RHINOCEROS,MAMMALS,large,R,10,101,145,139,11.175649627321764,40.71584520298749,late
5,14,15,FOX,MAMMALS,large,F,3,155,159,151,49.24601069082138,14.281092736594477,late
5,14,16,TEXAS,STATES,large,T,5,212,237,38,38.68215566727808,64.08662439022689,late
5,15,1,TOASTER,KITCHEN-RELATED,large,T,7,143,95,238,11.875735898857508,48.91616004145607,late
5,15,2,NARCISSUS,FLOWERS,small,N,9,103,158,128,74.38259690037876,49.40375129644549,late
5,15,3,GIRDLE,CLOTHING,small,G,6,151,252,43,54.951303890927505,79.19498509562403,late
5,15,4,UTAH,STATES,large,U,4,198,136,23,24.2482046270199,18.899226494506067,late
5,15,5,UNDERWEAR,CLOTHING,small,U,9,99,136,102,21.43209025930262,34.22050639422833,late
5,15,6,DAISY,FLOWERS,small,D,5,136,223,15,69.65036498001703,27.802909867296943,late
5,15,7,SKILLET,KITCHEN-RELATED,large,S,7,158,1,163,1.974054759741093,59.37219385026555,late
5,15,8,SUNFLOWER,FLOWERS,small,S,9,15,120,92,46.409172628667726,47.06221951102834,late
5,15,9,DRESS,CLOTHING,small,D,5,222,89,250,58.32028356104735,58.292916764822465,late
5,15,10,MONTANA,STATES,large,M,7,60,222,151,50.53580602445515,2.5502612830582616,late
5,15,11,ARIZONA,STATES,large,A,7,95,78,231,75.41889879118023,7.855376200724119,late
5,15,12,PANTS,CLOTHING,small,P,5,70,121,51,24.13811650164393,29.85375172351226,late
5,15,13,KNIFE,KITCHEN-RELATED,small,K,5,60,58,186,7.564915616230559,50.91275187332197,late
5,15,14,LILY,FLOWERS,small,L,4,56,140,170,78.80408008490005,32.3112881826884,late
5,15,15,FORK,KITCHEN-RELATED,small,F,4,26,100,33,6.680638435169632,8.792498787436061,late
5,15,16,MAINE,STATES,large,M,5,74,114,212,35.31677967982993,3.6600648815296344,late
6,0,1,HAWAII,STATES,large,H,6,30,31,39,27.791833333685783,8.583318110879972,early
6,0,2,VERMONT,STATES,large,V,7,221,143,143,74.5383738681261,49.328163908425005,early
6,0,3,CALIFORNIA,STATES,large,C,10,93,117,142,42.88850876398905,52.98008834803639,early
6,0,4,WISCONSIN,STATES,large,W,9,110,248,81,15.498447644411888,58.39456425010793,early
6,0,5,JERUSALEM,CITIES,large,J,9,231,49,39,18.750022784601004,37.35498475225834,early
6,0,6,TOKYO,CITIES,large,T,5,117,131,60,71.1649677951239,75.369966442309,early
6,0,7,VANCOUVER,CITIES,large,V,9,208,131,77,28.906770388890596,11.026560631885673,early
6,0,8,PHILADELPHIA,CITIES,large,P,12,56,97,184,47.32694981068278,44.21070359850356,early
6,0,9,MANGO,FRUITS,small,M,5,123,176,168,11.198174829287918,80.23249635561403,early
6,0,10,NECTARINE,FRUITS,small,N,9,196,153,122,33.15750145084253,49.38179072244855,early
6,0,11,KUMQUAT,FRUITS,small,K,7,74,56,92,68.01643544054551,0.6041047335806273,early
6,0,12,BANANA,FRUITS,small,B,6,163,74,189,58.697488263151826,65.14241715710077,early
6,0,13,WASHER,TOOLS,small,W,6,31,19,61,28.02468672623479,17.052783347050703,early
6,0,14,GLUE,TOOLS,small,G,4,244,232,168,38.86865114121083,48.81547523079404,early
6,0,15,NUTS,TOOLS,small,N,4,111,115,65,60.42547679958436,57.037397142184666,early
6,0,16,RULER,TOOLS,small,R,5,228,1,34,32.78055995183166,17.826496053107476,early
6,1,1,CLEMENTINE,FRUITS,small,C,10,212,32,23,57.834979823998616,26.184001176645854,early
6,1,2,LEMON,FRUITS,small,L,5,143,140,239,65.16872961918736,66.54897496678687,early
6,1,3,POMEGRANATE,FRUITS,small,P,11,114,201,239,39.60706338225503,13.560000040132067,early
6,1,4,PEAR,FRUITS,small,P,4,141,67,62,41.42428721018758,19.799829856679185,early
6,1,5,TONGUE,BODY PARTS,small,T,6,73,36,142,79.80718626077393,6.938927697769056,early
6,1,6,PANCREAS,BODY PARTS,small,P,8,136,143,224,27.15338353723493,60.33283052059042,early
6,1,7,TOOTH,BODY PARTS,small,T,5,159,39,230,51.55931369793437,23.777781958496906,early
6,1,8,RIB,BODY PARTS,small,R,3,228,196,179,48.68880497362559,28.211560437818978,early
6,1,9,RACOON,MAMMALS,large,R,6,52,152,239,10.74342591214496,74.67249497550354,early
6,1,10,MOOSE,MAMMALS,large,M,5,51,247,132,10.469167783691777,70.60134984957531,early
6,1,11,MONKEY,MAMMALS,large,M,6,246,198,171,37.27594011315382,55.99583078516925,early
6,1,12,ANTELOPE,MAMMALS,large,A,8,174,55,198,81.78490303193739,56.2378519130333,early
6,1,13,FLORIDA,STATES,large,F,7,230,140,21,46.33054565838592,32.84545583097612,early
6,1,14,MICHIGAN,STATES,large,M,8,13,61,26,7.012970626137501,47.26372347752649,early
6,1,15,KANSAS,STATES,large,K,6,188,44,38,39.41429669674465,30.6334148488519,early
6,1,16,IOWA,STATES,large,I,4,179,187,205,84.13039489062977,76.79447170453665,early
6,2,1,PUMPKIN,VEGETABLES,large,P,7,61,252,186,11.874406294056262,70.17788704991165,early
6,2,2,RUTABAGA,VEGETABLES,small,R,8,74,19,140,74.86994384316198,25.667427744747286,early
6,2,3,OKRA,VEGETABLES,small,O,4,115,24,215,72.46991768617367,46.212963245584675,early
6,2,4,GINGER,VEGETABLES,small,G,6,171,187,129,82.74865568452636,31.263892215908598,early
6,2,5,CHRYSALIS,INSECTS,small,C,9,117,133,8,73.59399244370815,70.59073744166773,early
6,2,6,BEETLE,INSECTS,small,B,6,89,161,232,36.79313573394664,45.13504430848651,early
6,2,7,TERMITE,INSECTS,small,T,7,228,252,154,77.15466789905179,6.847362555579792,early
6,2,8,WASP,INSECTS,small,W,4,101,144,135,20.714056364765565,75.0893538854323,early
6,2,9,LLAMA,MAMMALS,large,L,5,173,63,82,82.8859880985891,43.067912294725105,early
6,2,10,RHINOCEROS,MAMMALS,large,R,10,38,55,114,59.0581656573324,12.859048127454509,early
6,2,11,FOX,MAMMALS,large,F,3,5,215,150,40.279367121430774,82.78506340205026,early
6,2,12,RABBIT,MAMMALS,small,R,6,234,20,32,69.08220693959548,56.01888171163806,early
6,2,13,OHIO,STATES,large,O,4,108,149,7,52.506473062918644,19.4472417881206,early
6,2,14,PENNSYLVANIA,STATES,large,P,12,34,89,172,34.66783067268816,16.032107245482138,early
6,2,15,TEXAS,STATES,large,T,5,189,103,121,22.051076193786226,59.6224526118772,early
6,2,16,ALASKA,STATES,large,A,6,73,6,79,32.92404575365773,44.97547593661605,early
6,3,1,PETUNIA,FLOWERS,small,P,7,197,149,67,21.442305283694374,68.12453345153352,early
6,3,2,TULIP,FLOWERS,small,T,5,174,33,168,37.71887502898095,4.348773503139015,early
6,3,3,ROSE,FLOWERS,small,R,4,203,125,179,7.552514513091363,32.7349150698067,early
6,3,4,CARNATION,FLOWERS,small,C,9,148,32,218,23.04499087471743,65.64797857425073,early
6,3,5,BARN,BUILDING RELATED,large,B,4,50,7,161,15.803442424535563,62.88917453448417,early
6,3,6,KITCHEN,BUILDING RELATED,large,K,7,182,105,143,2.5878392575980333,64.13425711639664,early
6,3,7,ALCOVE,BUILDING RELATED,large,A,6,128,20,63,20.621816768476442,26.589733325295008,early
6,3,8,GAZEBO,BUILDING RELATED,large,G,6,234,185,29,54.32019219278084,79.07613081149742,early
6,3,9,HEART,BODY PARTS,small,H,5,128,56,134,23.761936066892712,11.056043930792713,early
6,3,10,KNUCKLE,BODY PARTS,small,K,7,77,14,29,23.67573433676377,61.65250670690179,early
6,3,11,EAR,BODY PARTS,small,E,3,103,210,148,50.05471972791015,47.61086349302512,early
6,3,12,FACE,BODY PARTS,small,F,4,113,102,118,70.70023757306309,87.03633397323037,early
6,3,13,TIGER,MAMMALS,large,T,5,73,181,38,60.218793554280616,52.71758023221239,early
6,3,14,HIPPOPOTAMUS,MAMMALS,large,H,12,217,155,51,65.93527539666994,35.74737329269891,early
6,3,15,DOG,MAMMALS,large,D,3,88,22,124,13.972637844166757,2.500485261500832,early
6,3,16,DONKEY,MAMMALS,large,D,6,202,128,2,12.559524264915606,20.295284634542103,early
6,4,1,CAULIFLOWER,VEGETABLES,small,C,11,217,218,137,12.778896665943304,2.09605616839044,early
6,4,2,PICKLE,VEGETABLES,small,P,6,104,33,125,66.71320381218652,50.15957440719735,early
6,4,3,ONION,VEGETABLES,small,O,5,70,105,81,22.348366959686647,53.26747278780534,early
6,4,4,BROCCOLI,VEGETABLES,small,B,8,234,162,212,28.030014029760586,4.736200760997816,early
6,4,5,BUTTERCUP,FLOWERS,small,B,9,149,66,21,16.719683214920927,22.176886388215376,early
6,4,6,LOG,FLOWERS,small,L,3,81,216,38,10.040740321301083,3.3695222560353377,early
6,4,7,DAHLIA,FLOWERS,small,D,6,140,92,25,78.92288457553765,79.01163236796604,early
6,4,8,AZALEA,FLOWERS,small,A,6,180,191,186,8.241448905766914,57.01658490371237,early
6,4,9,CARPET,BUILDING RELATED,large,C,6,172,189,131,64.57153728465202,42.5720943094748,early
6,4,10,FLOOR,BUILDING RELATED,large,F,5,28,79,218,55.45518979216736,56.951415281335436,early
6,4,11,FOUNDATION,BUILDING RELATED,large,F,10,117,153,171,77.09894402711754,38.42212001463851,early
6,4,12,ELEVATOR,BUILDING RELATED,large,E,8,108,192,55,52.53284061910468,32.06648759972022,early
6,4,13,STRAINER,KITCHEN-RELATED,small,S,8,201,167,206,50.41118074468838,10.581324331948302,early
6,4,14,DISH,KITCHEN-RELATED,small,D,4,21,173,38,50.59167796376556,13.029301475411716,early
6,4,15,GRIDDLE,KITCHEN-RELATED,small,G,7,60,192,7,55.30748373758016,70.07188102517006,early
6,4,16,SAUCER,KITCHEN-RELATED,small,S,6,25,215,67,31.523987834449954,3.4287797517091736,early
6,5,1,BROILER,KITCHEN-RELATED,large,B,7,134,174,216,29.53244699669485,62.93299422573033,early
6,5,2,THERMOMETER,KITCHEN-RELATED,small,T,11,25,66,53,69.98510728714487,6.577521680252641,early
6,5,3,MUG,KITCHEN-RELATED,small,M,3,119,113,231,84.32123029511915,62.313356911041296,early
6,5,4,OVEN,KITCHEN-RELATED,large,O,4,39,247,251,34.38725266905673,32.028378988240036,early
6,5,5,MONTREAL,CITIES,large,M,8,32,212,77,13.230627445203632,27.468865141022576,early
6,5,6,ROME,CITIES,large,R,4,116,237,175,51.50717199610287,25.505463378237685,early
6,5,7,PARIS,CITIES,large,P,5,207,160,111,77.24731314187473,62.240899024936525,early
6,5,8,DALLAS,CITIES,large,D,6,217,139,169,0.9947476261878629,12.054166970091416,early
6,5,9,PICCOLO,INSTRUMENTS,small,P,7,233,225,96,45.625960677596645,48.660326812228774,early
6,5,10,TAMBOURINE,INSTRUMENTS,small,T,10,74,133,236,43.25326123807291,8.752887093611402,early
6,5,11,TUBA,INSTRUMENTS,large,T,4,211,103,106,0.08975190046649373,15.312389864686828,early
6,5,12,TRUMPET,INSTRUMENTS,large,T,7,127,70,213,30.610660602103053,48.52478924386297,early
6,5,13,ARMS,BODY PARTS,large,A,4,158,73,28,29.35010222358197,7.651133642702307,early
6,5,14,STOMACH,BODY PARTS,small,S,7,168,212,103,48.32045419917867,65.44567908257963,early
6,5,15,HIP,BODY PARTS,small,H,3,207,240,142,43.060165826188594,48.463547109896325,early
6,5,16,PELVIS,BODY PARTS,large,P,6,233,164,171,49.162724686394,17.115649341733825,early
6,6,1,LEOPARD,MAMMALS,large,L,7,175,5,49,76.86326384479028,32.17604304588597,early
6,6,2,FERRET,MAMMALS,small,F,6,120,244,30,37.508268148191036,28.68305740164449,early
6,6,3,SQUIRREL,MAMMALS,small,S,8,59,164,3,56.60760449211914,9.353597135249501,early
6,6,4,CAT,MAMMALS,large,C,3,245,63,38,45.0191117119221,80.17976959708584,early
6,6,5,DRUM,INSTRUMENTS,large,D,4,57,241,50,8.857784221158642,9.901277651292142,early
6,6,6,CLARINET,INSTRUMENTS,small,C,8,221,149,10,59.59585965529099,74.80061834778259,early
6,6,7,KAZOO,INSTRUMENTS,small,K,5,243,89,122,30.39404354005422,75.72867544376102,early
6,6,8,PIANO,INSTRUMENTS,large,P,5,13,68,193,62.654368566628534,78.67568733810354,early
6,6,9,SAW,TOOLS,small,S,3,176,185,150,78.82504742364654,54.122002667105235,early
6,6,10,BOLTS,TOOLS,small,B,5,212,191,239,57.908251480851206,17.12748296532323,early
6,6,11,CHISEL,TOOLS,small,C,6,234,224,201,60.23305969087,33.71125896321272,early
6,6,12,PROTRACTOR,TOOLS,small,P,10,37,41,149,84.26046073404751,26.309310346740272,early
6,6,13,SWITZERLAND,COUNTRIES,large,S,11,66,246,147,73.27179647183213,63.394033670400795,early
6,6,14,FRANCE,COUNTRIES,large,F,6,252,58,224,35.13477610923733,66.37530452221912,early
6,6,15,JAPAN,COUNTRIES,large,J,5,160,95,228,48.585183104994414,15.256583168167172,early
6,6,16,ENGLAND,COUNTRIES,large,E,7,203,85,156,3.0803817269340747,33.30407872470301,early
6,7,1,COTTONWOOD,TREES,large,C,10,235,247,175,10.110917434072098,59.070618804626704,early
6,7,2,EVERGREEN,TREES,large,E,9,65,108,28,71.40005818125336,64.04449462150842,early
6,7,3,SPRUCE,TREES,large,S,6,25,238,60,81.84066679365706,50.64492128979502,early
6,7,4,OAK,TREES,large,O,3,91,238,221,76.47351993726669,53.59989085599864,early
6,7,5,SHIRT,CLOTHING,small,S,5,137,142,154,74.4756413051,0.5122246002678188,early
6,7,6,JUMPER,CLOTHING,small,J,6,39,105,97,5.657226665812178,6.820972306217387,early
6,7,7,ROBE,CLOTHING,small,R,4,44,146,193,78.78624731992969,61.42527078442637,early
6,7,8,BELT,CLOTHING,small,B,4,199,138,195,77.74975473905715,59.66965599285967,early
6,7,9,MARIMBA,INSTRUMENTS,large,M,7,173,196,134,1.4754416070671894,7.838553661019018,early
6,7,10,BANJO,INSTRUMENTS,large,B,5,232,93,199,84.27668347744907,68.92519428762613,early
6,7,11,HARMONICA,INSTRUMENTS,small,H,9,35,148,29,63.54657416074312,3.817199204592987,early
6,7,12,UKULELE,INSTRUMENTS,small,U,7,159,46,126,6.399491674333536,17.23871330547085,early
6,7,13,MIXER,KITCHEN-RELATED,large,M,5,6,199,26,77.29146420613019,73.53543428799358,early
6,7,14,BLENDER,KITCHEN-RELATED,large,B,7,20,115,60,75.59967464609939,6.6839820779140116,early
6,7,15,CUP,KITCHEN-RELATED,small,C,3,91,103,183,48.514051359987334,5.240891181768965,early
6,7,16,COLANDER,KITCHEN-RELATED,small,C,8,120,252,9,59.01802699979543,54.98863964178247,early
6,8,1,ANKLE,BODY PARTS,small,A,5,25,52,115,34.64973524217735,62.04623625501653,late
6,8,2,GUITAR,INSTRUMENTS,large,G,6,12,172,10,53.481180719777,44.84717815528838,late
6,8,3,LIP,BODY PARTS,small,L,3,242,174,165,73.3433656259897,4.659532519161884,late
6,8,4,POPLAR,TREES,large,P,6,20,34,198,78.75884522002232,43.983819148931566,late
6,8,5,LARVA,INSECTS,small,L,5,47,114,227,22.024998435547968,10.747088931586642,late
6,8,6,HAND,BODY PARTS,small,H,4,92,180,95,58.011535496610094,47.6282025081445,late
6,8,7,FINGER,BODY PARTS,small,F,6,84,123,238,18.436809939628002,61.06430024499429,late
6,8,8,WILLOW,TREES,large,W,6,213,193,166,22.58818541767358,5.638279536256782,late
6,8,9,ACCORDION,INSTRUMENTS,large,A,9,45,201,189,51.66176640849071,8.432695894388292,late
6,8,10,SCORPION,INSECTS,small,S,8,168,79,58,4.9229096705520625,46.46397986045022,late
6,8,11,MONARCH,INSECTS,small,M,7,218,152,36,0.6739126576318355,5.3101257354918205,late
6,8,12,WORM,INSECTS,small,W,4,249,206,178,34.73294993911275,81.91730189096252,late
6,8,13,ASH,TREES,large,A,3,31,237,94,27.633753774625237,34.418431866905244,late
6,8,14,XYLOPHONE,INSTRUMENTS,large,X,9,133,98,147,69.02101286855701,45.32766340443057,late
6,8,15,EUCALYPTUS,TREES,large,E,10,189,119,56,2.7818621190666892,30.000919704019907,late
6,8,16,BONGOS,INSTRUMENTS,large,B,6,61,92,44,1.6437595604853683,14.71398671951058,late
6,9,1,GLASS,KITCHEN-RELATED,small,G,5,114,45,22,18.743524171814144,3.826553026398213,late
6,9,2,MOUSE,MAMMALS,small,M,5,154,169,214,54.749917029339045,14.329758256780424,late
6,9,3,POT,KITCHEN-RELATED,large,P,3,204,134,186,30.32961377557307,17.738810906939143,late
6,9,4,STRAWBERRY,FRUITS,small,S,10,69,57,244,54.40515398469273,45.1583667678792,late
6,9,5,HORSE,MAMMALS,large,H,5,27,22,173,37.06437175820414,22.082777006163752,late
6,9,6,SPATULA,KITCHEN-RELATED,small,S,7,141,152,104,42.05844559098771,46.943488451889635,late
6,9,7,DOOR,BUILDING RELATED,large,D,4,54,148,25,62.75407667106727,31.414848480701597,late
6,9,8,CORRIDOR,BUILDING RELATED,large,C,8,97,244,135,21.38688308670355,46.33296280591579,late
6,9,9,TANGELO,FRUITS,small,T,7,86,238,219,10.753427533574868,23.610436138729938,late
6,9,10,WINDOW,BUILDING RELATED,large,W,6,51,196,149,12.26624805132938,24.54644172264709,late
6,9,11,REFRIGERATOR,KITCHEN-RELATED,large,R,12,184,54,137,25.29749735101558,57.62437445245665,late
6,9,12,GIRAFFE,MAMMALS,large,G,7,29,2,71,68.58295684541483,41.84476876488457,late
6,9,13,KIWI,FRUITS,small,K,4,99,136,107,44.88294253934014,80.64765202327132,late
6,9,14,COW,MAMMALS,large,C,3,118,89,188,64.20639020471819,55.85104752458951,late
6,9,15,GUAVA,FRUITS,small,G,5,104,109,33,38.40516894661002,48.375891240750896,late
6,9,16,HALL,BUILDING RELATED,large,H,4,66,206,1,7.905253626680762,2.1588863884887584,late
6,10,1,SYCAMORE,TREES,large,S,8,99,247,158,54.68069271594226,8.684679773643424,late
6,10,2,BERLIN,CITIES,large,B,6,134,197,167,69.42875720697786,51.16123876369182,late
6,10,3,SYDNEY,CITIES,large,S,6,183,64,182,32.231750222243406,60.58761550520021,late
6,10,4,CEDAR,TREES,large,C,5,148,154,1,58.3873321881781,31.173930442897497,late
6,10,5,CHICAGO,CITIES,large,C,7,216,232,119,32.742139144295344,20.271844334448485,late
6,10,6,PALM,TREES,large,P,4,130,48,100,28.845055787777344,86.86900921265776,late
6,10,7,MANTIS,INSECTS,small,M,6,143,35,95,4.122628187160488,61.837515340360966,late
6,10,8,HORNET,INSECTS,small,H,6,177,228,138,1.3246927444512369,66.45580018555343,late
6,10,9,MOSQUITO,INSECTS,small,M,8,124,164,85,45.504521586673484,2.8342814560744287,late
6,10,10,BRA,CLOTHING,small,B,3,114,89,101,38.451048120683176,41.863021550755604,late
6,10,11,TEAK,TREES,large,T,4,158,203,189,61.915252762901595,33.78813904594619,late
6,10,12,MILLIPEDE,INSECTS,small,M,9,96,182,4,38.032926784920114,27.721570184671855,late
6,10,13,RENO,CITIES,large,R,4,91,23,171,21.676132693082746,28.75436786752988,late
6,10,14,SWEATER,CLOTHING,small,S,7,40,157,13,62.08763188748537,10.647142604331695,late
6,10,15,TROUSERS,CLOTHING,small,T,8,79,246,197,50.329014265326514,60.72718509905081,late
6,10,16,GLOVES,CLOTHING,small,G,6,213,44,168,50.165615942180985,64.4217248756877,late
6,11,1,KNIFE,KITCHEN-RELATED,small,K,5,110,107,142,35.939528551822946,14.73531574071249,late
6,11,2,TOASTER,KITCHEN-RELATED,large,T,7,67,108,28,53.18919138541722,6.438434986410071,late
6,11,3,MONTANA,STATES,large,M,7,67,11,221,59.55023529031143,59.50784516485375,late
6,11,4,MAINE,STATES,large,M,5,105,204,73,68.59460507293657,26.00487077497783,late
6,11,5,GIRDLE,CLOTHING,small,G,6,45,160,60,75.62287957659343,74.60169276247053,late
6,11,6,SKILLET,KITCHEN-RELATED,large,S,7,81,116,30,69.17176619019814,59.39769283938085,late
6,11,7,FORK,KITCHEN-RELATED,small,F,4,240,172,205,4.7941705660175735,80.67742443944984,late
6,11,8,NARCISSUS,FLOWERS,small,N,9,165,207,235,21.83579768585375,8.500723466603107,late
6,11,9,UTAH,STATES,large,U,4,149,53,210,40.553770891663135,7.572712439620025,late
6,11,10,ARIZONA,STATES,large,A,7,218,208,3,29.276683679086307,37.01258155678596,late
6,11,11,LILY,FLOWERS,small,L,4,137,90,200,5.5600869574222225,84.48504438581985,late
6,11,12,PANTS,CLOTHING,small,P,5,245,162,224,16.230069072993082,16.51318554717913,late
6,11,13,UNDERWEAR,CLOTHING,small,U,9,183,44,113,2.0875368244738226,13.492957397506627,late
6,11,14,DAISY,FLOWERS,small,D,5,119,24,108,28.180906754599842,37.55811650435669,late
6,11,15,DRESS,CLOTHING,small,D,5,185,243,252,58.399791428524615,79.72327737333549,late
6,11,16,SUNFLOWER,FLOWERS,small,S,9,251,36,36,81.23326639233619,28.47365950624168,late
6,12,1,GARLIC,VEGETABLES,small,G,6,158,62,86,34.922271148054726,13.258301706960573,late
6,12,2,JACKET,CLOTHING,small,J,6,53,253,167,67.41243158345549,41.318309595183564,late
6,12,3,LOBBY,BUILDING RELATED,large,L,5,180,13,152,21.308741063144325,29.554537806517168,late
6,12,4,IRAN,COUNTRIES,large,I,4,29,122,75,48.520171089147475,50.11795024002515,late
6,12,5,SUIT,CLOTHING,small,S,4,61,183,238,22.563428832526995,3.6819747712818796,late
6,12,6,FURNACE,BUILDING RELATED,large,F,7,6,44,172,48.48181059958335,48.393831374607274,late
6,12,7,CHIMNEY,BUILDING RELATED,large,C,7,119,97,76,57.1753514338616,72.14852197608569,late
6,12,8,ARTICHOKE,VEGETABLES,small,A,9,118,171,132,80.77415429812305,65.87266581163739,late
6,12,9,GERMANY,COUNTRIES,large,G,7,114,244,79,11.574806126089772,34.21093418446111,late
6,12,10,CAMISOLE,CLOTHING,small,C,8,63,238,175,43.65648256643635,71.7732784162224,late
6,12,11,CUBA,COUNTRIES,large,C,4,100,203,34,36.740005923657414,3.376184433482541,late
6,12,12,POTATO,VEGETABLES,small,P,6,94,84,173,67.75726534334957,28.907527889519415,late
6,12,13,SPINACH,VEGETABLES,small,S,7,244,83,208,2.6288070324372406,30.376547756152416,late
6,12,14,BLOUSE,CLOTHING,small,B,6,126,9,38,1.2018146870831181,71.25974103561656,late
6,12,15,CLOSET,BUILDING RELATED,large,C,6,190,17,177,70.25988000236099,47.74824446322339,late
6,12,16,EGYPT,COUNTRIES,large,E,5,4,37,29,55.844685845811995,48.94721222171196,late
6,13,1,GOAT,MAMMALS,large,G,4,210,47,156,5.7675439019252615,79.5626593489387,late
6,13,2,ELBOW,BODY PARTS,small,E,5,121,76,110,24.241897609340384,46.76253540064974,late
6,13,3,FOOT,BODY PARTS,small,F,4,29,20,11,79.5594725622939,84.90439392697951,late
6,13,4,STOCKHOLM,CITIES,large,S,9,12,127,204,64.45398867886296,16.11706964636077,late
6,13,5,TORONTO,CITIES,large,T,7,16,19,197,54.14790734500698,50.866927591047286,late
6,13,6,ZUCCHINI,VEGETABLES,small,Z,8,72,104,195,73.54112349392008,50.32383767406053,late
6,13,7,PANTHER,MAMMALS,large,P,7,15,158,148,66.25380299631627,10.637278256503642,late
6,13,8,WOLF,MAMMALS,large,W,4,88,248,178,51.14972335047047,22.007414092189133,late
6,13,9,SQUASH,VEGETABLES,small,S,6,1,160,87,21.682563908139663,66.74281346799806,late
6,13,10,BOMBAY,CITIES,large,B,6,97,16,7,15.152904480066775,68.85650458559529,late
6,13,11,AUBERGINE,VEGETABLES,small,A,9,79,83,235,43.78879371634345,42.602422331055884,late
6,13,12,OLIVE,VEGETABLES,small,O,5,16,121,55,27.52883092378123,22.645911139861543,late
6,13,13,SHOULDER,BODY PARTS,small,S,8,118,194,50,2.0907172422321407,47.22004813228365,late
6,13,14,SHEEP,MAMMALS,large,S,5,119,79,83,3.753456440383495,12.963973626175218,late
6,13,15,KIDNEY,BODY PARTS,small,K,6,18,14,62,3.3688276093801326,48.10068215195665,late
6,13,16,MIAMI,CITIES,large,M,5,240,111,120,49.97067916113506,65.43051104700046,late
6,14,1,RASPBERRY,FRUITS,small,R,9,141,122,68,64.56585424489579,25.76743771815218,late
6,14,2,ELM,TREES,large,E,3,45,129,235,51.580640697578716,88.90257195104185,late
6,14,3,PINE,TREES,large,P,4,201,203,118,81.9856537317742,31.329501174620724,late
6,14,4,VIOLIN,INSTRUMENTS,large,V,6,166,128,95,19.5632500241772,36.98014604871115,late
6,14,5,WIRE,TOOLS,small,W,4,70,124,82,40.10588501023404,31.034002394865198,late
6,14,6,HAMMER,TOOLS,small,H,6,194,170,187,39.45440671218872,21.801617190591845,late
6,14,7,WEDGE,TOOLS,small,W,5,20,112,244,8.855385407017225,64.2032301264907,late
6,14,8,CELLO,INSTRUMENTS,large,C,5,253,215,200,30.412820408604798,81.85226519528159,late
6,14,9,HONEYDEW,FRUITS,small,H,8,153,109,194,51.72044820304112,24.540301985248302,late
6,14,10,PLUM,FRUITS,small,P,4,113,57,189,23.14520097472156,32.54828478409969,late
6,14,11,FIG,FRUITS,small,F,3,236,90,125,14.103952592976823,55.79027368346453,late
6,14,12,MAPLE,TREES,large,M,5,67,61,8,15.320015613018,42.98935871292372,late
6,14,13,SCREWS,TOOLS,small,S,6,1,243,99,63.25814622757349,1.4187180548527123,late
6,14,14,HICKORY,TREES,large,H,7,200,54,8,52.71589663960099,58.86781949841724,late
6,14,15,TRIANGLE,INSTRUMENTS,small,T,8,235,239,86,29.525223531167228,10.608965050904196,late
6,14,16,SAXOPHONE,INSTRUMENTS,large,S,9,173,89,250,16.819464482850954,53.397430051466344,late
6,15,1,POLAND,COUNTRIES,large,P,6,14,178,188,10.448087497725865,76.09405107302062,late
6,15,2,TROMBONE,INSTRUMENTS,large,T,8,20,115,102,40.07005061478903,17.49868178201894,late
6,15,3,LION,MAMMALS,large,L,4,96,192,207,33.52284590467311,20.392349620087224,late
6,15,4,BASS,INSTRUMENTS,large,B,4,62,158,201,4.569535610624245,85.88539212395017,late
6,15,5,CARROT,VEGETABLES,small,C,6,186,209,119,15.33331095300097,59.615500423670916,late
6,15,6,YAMS,VEGETABLES,small,Y,4,175,79,144,67.35987472093456,56.03979850543532,late
6,15,7,AUSTRALIA,COUNTRIES,large,A,9,19,78,23,67.16553456154728,45.236720439341106,late
6,15,8,LETTUCE,VEGETABLES,small,L,7,165,215,113,35.02880320110306,7.646859833681441,late
6,15,9,PIG,MAMMALS,large,P,3,168,170,127,25.407758743795522,45.674014104456454,late
6,15,10,ZEBRA,MAMMALS,large,Z,5,151,215,235,44.72547804758274,35.66410970558734,late
6,15,11,CELERY,VEGETABLES,small,C,6,152,67,76,18.59412838527662,31.291484009301744,late
6,15,12,ITALY,COUNTRIES,large,I,5,25,38,157,64.77136376527262,83.99507078528293,late
6,15,13,ELEPHANT,MAMMALS,large,E,8,60,160,229,42.25176124685947,70.09104526152808,late
6,15,14,ETHIOPIA,COUNTRIES,large,E,8,218,142,192,36.06559845902038,38.44471856697519,late
6,15,15,VIOLA,INSTRUMENTS,large,V,5,174,195,99,43.73741333831038,29.078277354491636,late
6,15,16,MARACAS,INSTRUMENTS,small,M,7,78,88,225,68.86314579585196,37.775898742150055,late
7,0,1,COTTONWOOD,TREES,large,C,10,248,91,92,25.65441504044576,1.0856259841828386,early
7,0,2,EVERGREEN,TREES,large,E,9,5,85,180,79.30778571280541,68.48648611208706,early
7,0,3,SPRUCE,TREES,large,S,6,87,0,157,26.343686210728965,48.05551560340541,early
7,0,4,OAK,TREES,large,O,3,211,20,66,43.53852308878136,51.79303546949688,early
7,0,5,UKULELE,INSTRUMENTS,small,U,7,224,234,55,64.6868161444038,27.45764421349465,early
7,0,6,MARIMBA,INSTRUMENTS,large,M,7,179,177,183,52.13881832642322,7.671458217253107,early
7,0,7,BANJO,INSTRUMENTS,large,B,5,172,88,171,79.32090676076177,41.01670873556177,early
7,0,8,HARMONICA,INSTRUMENTS,small,H,9,229,174,98,21.12891052822935,16.259339242668368,early
7,0,9,JUMPER,CLOTHING,small,J,6,194,53,211,65.13163329193885,46.504689029911574,early
7,0,10,SHIRT,CLOTHING,small,S,5,134,230,1,65.76284515909617,1.3701695847816364,early
7,0,11,ROBE,CLOTHING,small,R,4,93,16,173,15.169244309915682,54.27505811301313,early
7,0,12,BELT,CLOTHING,small,B,4,45,4,119,59.17646819674664,47.37978343879168,early
7,0,13,CUP,KITCHEN-RELATED,small,C,3,136,49,204,66.5741904104235,46.49827347546078,early
7,0,14,COLANDER,KITCHEN-RELATED,small,C,8,12,84,41,62.05849357671548,27.966540189069622,early
7,0,15,BLENDER,KITCHEN-RELATED,large,B,7,5,23,195,27.776098769352775,14.691328929441466,early
7,0,16,MIXER,KITCHEN-RELATED,large,M,5,140,163,97,68.85529968583351,6.490715605037805,early
7,1,1,GOAT,MAMMALS,large,G,4,163,155,58,34.03494674597781,21.17014180603425,early
7,1,2,WOLF,MAMMALS,large,W,4,49,95,185,17.414657820298363,86.15940386928926,early
7,1,3,PANTHER,MAMMALS,large,P,7,187,185,71,12.69455938703538,72.02646234515001,early
7,1,4,SHEEP,MAMMALS,large,S,5,89,32,160,48.59553300915204,11.651797096695747,early
7,1,5,FOOT,BODY PARTS,small,F,4,226,159,231,5.388165373064076,49.91550987767232,early
7,1,6,KIDNEY,BODY PARTS,small,K,6,190,146,76,5.925617642058362,69.41759910591563,early
7,1,7,ELBOW,BODY PARTS,small,E,5,155,126,40,14.624093071312782,61.58303346455168,early
7,1,8,SHOULDER,BODY PARTS,small,S,8,138,39,153,46.856885591137384,32.772117356893766,early
7,1,9,AUBERGINE,VEGETABLES,small,A,9,192,221,68,63.81452994958864,61.06240455583289,early
7,1,10,OLIVE,VEGETABLES,small,O,5,154,178,226,61.32632998273897,40.724532674919864,early
7,1,11,ZUCCHINI,VEGETABLES,small,Z,8,79,73,152,13.655060861827447,40.3459659037891,early
7,1,12,SQUASH,VEGETABLES,small,S,6,78,56,47,45.155672440661355,31.439898357036167,early
7,1,13,BOMBAY,CITIES,large,B,6,100,36,37,44.903109015860736,4.631972181430625,early
7,1,14,TORONTO,CITIES,large,T,7,190,115,161,11.23818250222403,60.67509661359416,early
7,1,15,STOCKHOLM,CITIES,large,S,9,249,197,116,80.09604704378654,24.091740421910085,early
7,1,16,MIAMI,CITIES,large,M,5,248,129,42,81.07858749443344,49.931952740705086,early
7,2,1,OHIO,STATES,large,O,4,223,178,192,53.70808300748453,62.91700598627023,early
7,2,2,PENNSYLVANIA,STATES,large,P,12,214,96,11,46.30063221891928,3.385644971906885,early
7,2,3,TEXAS,STATES,large,T,5,222,93,206,35.78831639438793,50.1720438189241,early
7,2,4,ALASKA,STATES,large,A,6,199,105,168,16.899393082296687,61.66310086484216,early
7,2,5,GINGER,VEGETABLES,small,G,6,42,161,214,28.205209996933004,21.38912511981548,early
7,2,6,RUTABAGA,VEGETABLES,small,R,8,184,93,156,48.23355971555691,40.87341527559966,early
7,2,7,OKRA,VEGETABLES,small,O,4,150,181,61,53.74135756864282,70.86072127339577,early
7,2,8,PUMPKIN,VEGETABLES,large,P,7,193,185,101,18.06197113471424,78.99131827869601,early
7,2,9,BEETLE,INSECTS,small,B,6,223,72,186,34.91886846754675,58.15766683965942,early
7,2,10,WASP,INSECTS,small,W,4,22,39,72,71.95451562979592,52.16450858776965,early
7,2,11,TERMITE,INSECTS,small,T,7,161,63,100,73.41813689149804,30.627665191642944,early
7,2,12,CHRYSALIS,INSECTS,small,C,9,226,154,24,3.0451581509969197,35.120635923827365,early
7,2,13,FOX,MAMMALS,large,F,3,229,75,117,16.762796478608962,64.48479995460426,early
7,2,14,RHINOCEROS,MAMMALS,large,R,10,136,74,204,11.657826054780545,41.527352822220436,early
7,2,15,LLAMA,MAMMALS,large,L,5,22,104,179,62.45050283903078,68.47246397368586,early
7,2,16,RABBIT,MAMMALS,small,R,6,25,93,244,63.26545493073151,14.434683342140676,early
7,3,1,WEDGE,TOOLS,small,W,5,146,187,193,34.984860204947495,18.889659820644674,early
7,3,2,WIRE,TOOLS,small,W,4,35,21,237,57.837531167518584,65.8436907299716,early
7,3,3,SCREWS,TOOLS,small,S,6,13,46,34,78.45849381029547,3.553516922856209,early
7,3,4,HAMMER,TOOLS,small,H,6,147,210,195,36.18394709714645,35.05368097726382,early
7,3,5,CELLO,INSTRUMENTS,large,C,5,156,94,193,77.84992693501233,9.99152210292391,early
7,3,6,TRIANGLE,INSTRUMENTS,small,T,8,70,139,64,21.206629564963986,24.84003941088389,early
7,3,7,SAXOPHONE,INSTRUMENTS,large,S,9,124,143,109,32.42863138918315,41.66994194325126,early
7,3,8,VIOLIN,INSTRUMENTS,large,V,6,222,123,118,61.31711854991999,73.82835939959581,early
7,3,9,FIG,FRUITS,small,F,3,244,187,24,61.8209049466922,24.215309985995805,early
7,3,10,PLUM,FRUITS,small,P,4,122,1,183,83.9722103584918,39.77672255218019,early
7,3,11,RASPBERRY,FRUITS,small,R,9,202,68,107,57.820925675963935,23.770946307238766,early
7,3,12,HONEYDEW,FRUITS,small,H,8,36,145,230,2.87646742701822,14.878374585997523,early
7,3,13,MAPLE,TREES,large,M,5,244,98,183,47.585851356355036,5.660082680887701,early
7,3,14,HICKORY,TREES,large,H,7,55,132,243,47.6530995305387,74.66662849179602,early
7,3,15,PINE,TREES,large,P,4,46,219,198,3.914405266920016,28.646655118883974,early
7,3,16,ELM,TREES,large,E,3,146,111,225,56.52370756759195,57.757214597485905,early
7,4,1,CAMISOLE,CLOTHING,small,C,8,148,135,70,42.40169703450353,63.02858933452462,early
7,4,2,JACKET,CLOTHING,small,J,6,92,76,98,13.426844117214486,48.51647630768296,early
7,4,3,BLOUSE,CLOTHING,small,B,6,68,16,218,30.888246540009177,12.396170372873652,early
7,4,4,SUIT,CLOTHING,small,S,4,239,104,144,58.04737371397252,26.126111804915396,early
7,4,5,CHIMNEY,BUILDING RELATED,large,C,7,43,86,67,67.22934817614552,16.76336695906526,early
7,4,6,CLOSET,BUILDING RELATED,large,C,6,251,228,175,79.30100486567592,74.77777102471435,early
7,4,7,FURNACE,BUILDING RELATED,large,F,7,153,184,111,9.08057187660863,36.09306273444507,early
7,4,8,LOBBY,BUILDING RELATED,large,L,5,89,138,193,29.76217728769235,35.73360976561753,early
7,4,9,GARLIC,VEGETABLES,small,G,6,178,8,172,66.16312934530819,63.14200095335724,early
7,4,10,POTATO,VEGETABLES,small,P,6,175,251,125,20.6567098562431,78.1556120401492,early
7,4,11,SPINACH,VEGETABLES,small,S,7,236,79,162,51.83932017333062,7.697487365047879,early
7,4,12,ARTICHOKE,VEGETABLES,small,A,9,91,73,245,81.1122037846583,24.412256618873975,early
7,4,13,EGYPT,COUNTRIES,large,E,5,78,76,128,72.81014381433536,43.001257106947506,early
7,4,14,GERMANY,COUNTRIES,large,G,7,141,20,219,78.17113121659104,78.03181875661389,early
7,4,15,IRAN,COUNTRIES,large,I,4,171,176,151,36.48315740598922,40.47727179057353,early
7,4,16,CUBA,COUNTRIES,large,C,4,8,197,170,26.460629707922152,6.227698004877567,early
7,5,1,MONKEY,MAMMALS,large,M,6,155,54,204,3.9028724313115246,76.51104812284919,early
7,5,2,ANTELOPE,MAMMALS,large,A,8,54,22,136,41.91232932534119,74.05332017140319,early
7,5,3,RACOON,MAMMALS,large,R,6,201,153,219,24.067430625075342,27.22656450713339,early
7,5,4,MOOSE,MAMMALS,large,M,5,105,134,241,57.20992024588449,17.9214099329576,early
7,5,5,FLORIDA,STATES,large,F,7,100,119,77,56.81255372005271,29.597261238178515,early
7,5,6,IOWA,STATES,large,I,4,58,219,84,7.416332226865652,50.73942081297901,early
7,5,7,KANSAS,STATES,large,K,6,186,150,167,14.763846371836474,14.051825138188125,early
7,5,8,MICHIGAN,STATES,large,M,8,98,5,108,79.34456611913684,29.85426777626247,early
7,5,9,CLEMENTINE,FRUITS,small,C,10,32,33,204,8.068128563979851,37.721249763343685,early
7,5,10,PEAR,FRUITS,small,P,4,109,99,175,11.354615902495377,36.074923395902836,early
7,5,11,POMEGRANATE,FRUITS,small,P,11,201,42,148,51.73408163275049,56.34134428153814,early
7,5,12,LEMON,FRUITS,small,L,5,215,42,165,5.456894618269058,42.144032694658804,early
7,5,13,PANCREAS,BODY PARTS,small,P,8,128,34,94,71.68199435745912,47.77415880450852,early
7,5,14,TOOTH,BODY PARTS,small,T,5,140,6,155,74.33736292077121,32.822434606833156,early
7,5,15,TONGUE,BODY PARTS,small,T,6,211,192,42,68.31139463377868,80.82421042729176,early
7,5,16,RIB,BODY PARTS,small,R,3,193,129,207,46.72220285763162,46.991181787031884,early
7,6,1,FORK,KITCHEN-RELATED,small,F,4,168,162,210,71.41679652091072,63.80280023626846,early
7,6,2,TOASTER,KITCHEN-RELATED,large,T,7,57,35,2,40.29179151624232,66.103737978426,early
7,6,3,SKILLET,KITCHEN-RELATED,large,S,7,210,153,19,23.892994799031314,38.076097378801755,early
7,6,4,KNIFE,KITCHEN-RELATED,small,K,5,123,155,205,42.9238590771954,51.91029132056837,early
7,6,5,MAINE,STATES,large,M,5,206,59,157,3.953080508456294,71.74992070893215,early
7,6,6,MONTANA,STATES,large,M,7,157,209,80,55.45913563710472,75.15568978819951,early
7,6,7,ARIZONA,STATES,large,A,7,74,202,61,41.36987056595514,64.56889729745969,early
7,6,8,UTAH,STATES,large,U,4,87,102,14,62.826733443431316,32.513465611863374,early
7,6,9,SUNFLOWER,FLOWERS,small,S,9,76,127,224,70.3373403756957,46.38553922301035,early
7,6,10,LILY,FLOWERS,small,L,4,7,150,192,28.332049322678916,30.733055668790012,early
7,6,11,NARCISSUS,FLOWERS,small,N,9,6,145,134,73.91643843493037,29.511963913360393,early
7,6,12,DAISY,FLOWERS,small,D,5,209,53,128,44.48040982267879,54.38084179949395,early
7,6,13,DRESS,CLOTHING,small,D,5,46,126,12,51.71822263768457,18.105514882856625,early
7,6,14,PANTS,CLOTHING,small,P,5,73,200,19,69.85279729396822,6.736686096393719,early
7,6,15,UNDERWEAR,CLOTHING,small,U,9,242,92,138,32.54695694308169,16.8542489653116,early
7,6,16,GIRDLE,CLOTHING,small,G,6,134,219,203,3.3609868140293453,25.6418946130323,early
7,7,1,THERMOMETER,KITCHEN-RELATED,small,T,11,86,208,11,51.67901287590069,61.239914202916005,early
7,7,2,BROILER,KITCHEN-RELATED,large,B,7,111,46,12,38.34544277566055,8.551335326462564,early
7,7,3,OVEN,KITCHEN-RELATED,large,O,4,33,90,160,26.02577447596962,84.42179407615318,early
7,7,4,MUG,KITCHEN-RELATED,small,M,3,31,59,163,79.60646446348193,82.22340029365851,early
7,7,5,TUBA,INSTRUMENTS,large,T,4,250,104,63,23.65938279625015,20.507464192766406,early
7,7,6,PICCOLO,INSTRUMENTS,small,P,7,226,211,121,21.7624717394599,20.77528901846894,early
7,7,7,TAMBOURINE,INSTRUMENTS,small,T,10,46,144,20,51.45653455754598,18.34034907191653,early
7,7,8,TRUMPET,INSTRUMENTS,large,T,7,39,178,238,3.0696895193195606,44.62800814811884,early
7,7,9,HIP,BODY PARTS,small,H,3,144,150,16,77.00789415017084,58.593992274579485,early
7,7,10,STOMACH,BODY PARTS,small,S,7,200,108,239,53.20426363705653,45.80426053026395,early
7,7,11,PELVIS,BODY PARTS,large,P,6,4,80,66,49.716988789113906,2.1468247444015858,early
7,7,12,ARMS,BODY PARTS,large,A,4,156,208,243,29.141922405486717,82.78918025137237,early
7,7,13,PARIS,CITIES,large,P,5,44,133,212,65.04104653300591,26.85091806509711,early
7,7,14,MONTREAL,CITIES,large,M,8,37,98,146,63.600275888214526,52.572569512815875,early
7,7,15,DALLAS,CITIES,large,D,6,209,140,243,22.871348073053625,49.50564529071436,early
7,7,16,ROME,CITIES,large,R,4,240,114,3,32.82507213346142,6.388859814392193,early
7,8,1,PALM,TREES,large,P,4,235,44,36,10.930014566163438,75.61257476772906,late
7,8,2,CEDAR,TREES,large,C,5,81,121,53,49.50515876451804,41.67482957572522,late
7,8,3,SYDNEY,CITIES,large,S,6,153,88,67,37.66787902414511,28.84045556943894,late
7,8,4,BERLIN,CITIES,large,B,6,38,240,195,79.17441428410852,18.60198874213237,late
7,8,5,CHICAGO,CITIES,large,C,7,114,181,118,63.3878233890269,76.52593956361602,late
7,8,6,GLOVES,CLOTHING,small,G,6,32,233,238,35.888613044553125,11.14296317559481,late
7,8,7,SWEATER,CLOTHING,small,S,7,112,222,62,80.73726182812133,10.878702663584377,late
7,8,8,HORNET,INSECTS,small,H,6,48,237,17,60.568238756468595,58.45080375706403,late
7,8,9,MOSQUITO,INSECTS,small,M,8,74,248,115,4.247260480811301,14.500809380420884,late
7,8,10,TROUSERS,CLOTHING,small,T,8,3,210,75,50.930146107714776,40.116408352533455,late
7,8,11,BRA,CLOTHING,small,B,3,148,215,161,58.33012515232374,41.568957970076035,late
7,8,12,SYCAMORE,TREES,large,S,8,76,207,207,51.4559331899663,48.748941496425715,late
7,8,13,MANTIS,INSECTS,small,M,6,5,147,8,32.48573281213792,0.3595821716022436,late
7,8,14,TEAK,TREES,large,T,4,61,128,250,17.59274665879105,16.559573042537295,late
7,8,15,RENO,CITIES,large,R,4,148,86,183,6.368892267401275,14.383563862801708,late
7,8,16,MILLIPEDE,INSECTS,small,M,9,248,73,134,58.064652046627344,58.00263810684225,late
7,9,1,CORRIDOR,BUILDING RELATED,large,C,8,244,86,141,18.207077939488162,56.055261871630606,late
7,9,2,MOUSE,MAMMALS,small,M,5,72,70,253,1.2484493106438466,26.501073206697367,late
7,9,3,GIRAFFE,MAMMALS,large,G,7,80,20,129,57.777906718088005,50.900489355638925,late
7,9,4,REFRIGERATOR,KITCHEN-RELATED,large,R,12,39,186,8,69.13595744344606,22.296140770444595,late
7,9,5,GUAVA,FRUITS,small,G,5,177,66,108,39.21521242273722,55.912809241163984,late
7,9,6,POT,KITCHEN-RELATED,large,P,3,7,197,238,22.710387282306705,26.294299817225596,late
7,9,7,SPATULA,KITCHEN-RELATED,small,S,7,35,254,52,72.05068424861395,1.9561080386893492,late
7,9,8,STRAWBERRY,FRUITS,small,S,10,210,187,98,39.98949840290668,50.667488057233285,late
7,9,9,HORSE,MAMMALS,large,H,5,89,251,223,50.448823226095335,52.161648735359606,late
7,9,10,KIWI,FRUITS,small,K,4,17,188,236,83.2694980652111,55.25708963421137,late
7,9,11,TANGELO,FRUITS,small,T,7,2,39,67,36.609447393092964,75.56075348636952,late
7,9,12,HALL,BUILDING RELATED,large,H,4,224,250,173,61.40603379979279,47.37011384420169,late
7,9,13,COW,MAMMALS,large,C,3,179,8,222,47.28411159308341,0.8019696936071847,late
7,9,14,WINDOW,BUILDING RELATED,large,W,6,184,85,94,76.69305332526065,55.2125043148678,late
7,9,15,GLASS,KITCHEN-RELATED,small,G,5,222,167,144,4.2297734308349675,46.99731177646457,late
7,9,16,DOOR,BUILDING RELATED,large,D,4,68,63,217,46.32778776525501,69.92597963711731,late
7,10,1,PIANO,INSTRUMENTS,large,P,5,45,248,197,8.320091747441053,79.24263763761772,late
7,10,2,PROTRACTOR,TOOLS,small,P,10,187,16,233,4.12929660688143,30.5942718831966,late
7,10,3,FERRET,MAMMALS,small,F,6,120,75,194,80.69141039404477,54.76430717258029,late
7,10,4,FRANCE,COUNTRIES,large,F,6,92,135,127,12.87831515371771,49.79822106815064,late
7,10,5,ENGLAND,COUNTRIES,large,E,7,122,129,141,60.98474395753495,38.90182874882946,late
7,10,6,KAZOO,INSTRUMENTS,small,K,5,195,85,103,57.484798545566726,67.63500189075862,late
7,10,7,LEOPARD,MAMMALS,large,L,7,138,95,184,2.0021082822406178,25.396157144582144,late
7,10,8,SQUIRREL,MAMMALS,small,S,8,203,233,3,82.20061932592415,2.713108155222149,late
7,10,9,CHISEL,TOOLS,small,C,6,121,209,185,72.28106591550298,68.85767222972716,late
7,10,10,SAW,TOOLS,small,S,3,19,45,156,43.95454628564671,21.555310575250626,late
7,10,11,CLARINET,INSTRUMENTS,small,C,8,220,88,205,14.862293960498977,23.07515781560508,late
7,10,12,BOLTS,TOOLS,small,B,5,112,239,185,0.0017932851880086975,47.75481114100694,late
7,10,13,SWITZERLAND,COUNTRIES,large,S,11,129,130,206,79.1956255904136,1.3491244626168744,late
7,10,14,DRUM,INSTRUMENTS,large,D,4,204,117,40,11.613035498552115,63.44529473016789,late
7,10,15,CAT,MAMMALS,large,C,3,249,18,82,70.12306361480007,59.222960569571036,late
7,10,16,JAPAN,COUNTRIES,large,J,5,154,211,168,64.83444311833675,11.01268078666856,late
7,11,1,ACCORDION,INSTRUMENTS,large,A,9,62,89,181,3.050603042425041,50.745861562134124,late
7,11,2,WORM,INSECTS,small,W,4,49,240,104,20.474565533556053,27.419832370589447,late
7,11,3,ASH,TREES,large,A,3,192,35,149,18.307537779662603,11.82256137037174,late
7,11,4,GUITAR,INSTRUMENTS,large,G,6,129,42,167,40.40293511429889,60.174112993699026,late
7,11,5,MONARCH,INSECTS,small,M,7,237,149,131,10.239042479054662,19.1980614443559,late
7,11,6,FINGER,BODY PARTS,small,F,6,121,212,88,7.788735598899682,19.91537280539312,late
7,11,7,SCORPION,INSECTS,small,S,8,17,206,180,14.285275401552889,26.93987769608232,late
7,11,8,BONGOS,INSTRUMENTS,large,B,6,51,164,73,17.143950102419748,20.48599632961079,late
7,11,9,EUCALYPTUS,TREES,large,E,10,170,117,241,82.83943808933311,26.238213881235207,late
7,11,10,POPLAR,TREES,large,P,6,101,217,103,38.53340804503989,79.90787682141399,late
7,11,11,LARVA,INSECTS,small,L,5,42,179,138,56.39384572056717,55.20552232990183,late
7,11,12,HAND,BODY PARTS,small,H,4,231,43,239,65.58908901386961,84.14745228257138,late
7,11,13,XYLOPHONE,INSTRUMENTS,large,X,9,23,208,77,26.84309695997074,24.519168974826684,late
7,11,14,LIP,BODY PARTS,small,L,3,74,115,34,3.3885874428298313,70.32172445588306,late
7,11,15,ANKLE,BODY PARTS,small,A,5,16,129,133,81.71221562332936,74.02970722686862,late
7,11,16,WILLOW,TREES,large,W,6,9,194,241,82.4252217012846,24.42852217072049,late
7,12,1,AUSTRALIA,COUNTRIES,large,A,9,49,157,205,84.7543572362712,11.66709723568879,late
7,12,2,ELEPHANT,MAMMALS,large,E,8,110,16,115,4.543598520719078,9.911223049647855,late
7,12,3,LETTUCE,VEGETABLES,small,L,7,179,70,52,7.4738970332551595,11.516760427233342,late
7,12,4,MARACAS,INSTRUMENTS,small,M,7,112,224,122,25.920930706529138,22.22289200442708,late
7,12,5,CELERY,VEGETABLES,small,C,6,38,75,29,40.26255409458152,65.94153513743935,late
7,12,6,ETHIOPIA,COUNTRIES,large,E,8,183,162,67,13.407397650017415,35.94329722834554,late
7,12,7,TROMBONE,INSTRUMENTS,large,T,8,174,114,63,29.1479494177765,51.76071130056766,late
7,12,8,YAMS,VEGETABLES,small,Y,4,42,154,127,37.0614949439345,59.272090476253695,late
7,12,9,LION,MAMMALS,large,L,4,250,6,154,21.10010063860884,68.73397608215402,late
7,12,10,VIOLA,INSTRUMENTS,large,V,5,63,98,214,49.25592317987666,40.58091189609489,late
7,12,11,POLAND,COUNTRIES,large,P,6,177,43,233,41.67379098564729,46.990122581752544,late
7,12,12,PIG,MAMMALS,large,P,3,235,103,156,25.245218141931073,47.135795956176366,late
7,12,13,CARROT,VEGETABLES,small,C,6,26,25,28,12.625154069682724,16.54233906650841,late
7,12,14,BASS,INSTRUMENTS,large,B,4,70,150,130,60.211577904462494,85.23213206642129,late
7,12,15,ITALY,COUNTRIES,large,I,5,200,180,46,63.18296076072233,78.23533745394974,late
7,12,16,ZEBRA,MAMMALS,large,Z,5,8,170,152,8.367828762831246,58.83407430504751,late
7,13,1,BANANA,FRUITS,small,B,6,148,188,137,62.64931492127296,51.868856745599146,late
7,13,2,JERUSALEM,CITIES,large,J,9,207,79,206,22.87327956289714,44.05318894466405,late
7,13,3,WISCONSIN,STATES,large,W,9,250,173,138,1.2847367459385162,1.2843816170372917,late
7,13,4,GLUE,TOOLS,small,G,4,76,30,171,41.04458600691305,4.512603545530565,late
7,13,5,CALIFORNIA,STATES,large,C,10,120,168,64,46.08726405226254,26.977461323316398,late
7,13,6,RULER,TOOLS,small,R,5,221,57,78,35.48435480345722,58.260483405945294,late
7,13,7,NECTARINE,FRUITS,small,N,9,105,168,26,8.843408473222844,64.34998976174533,late
7,13,8,PHILADELPHIA,CITIES,large,P,12,7,15,19,20.253575172708658,49.7051007838986,late
7,13,9,HAWAII,STATES,large,H,6,205,134,148,16.337406188658086,23.666169621736184,late
7,13,10,MANGO,FRUITS,small,M,5,154,197,117,52.095630691213415,21.368888705993353,late
7,13,11,KUMQUAT,FRUITS,small,K,7,215,78,67,34.2485957666464,73.82915606430095,late
7,13,12,WASHER,TOOLS,small,W,6,162,20,20,12.15152630752597,64.70168275363636,late
7,13,13,TOKYO,CITIES,large,T,5,76,212,69,14.39662842892156,40.86617345997448,late
7,13,14,VANCOUVER,CITIES,large,V,9,210,112,47,60.16399984075467,34.212506690770844,late
7,13,15,VERMONT,STATES,large,V,7,181,107,20,58.26763220757413,59.941334344080985,late
7,13,16,NUTS,TOOLS,small,N,4,25,218,223,27.571171308140936,28.561560270636186,late
7,14,1,PICKLE,VEGETABLES,small,P,6,45,174,93,55.86804058774841,34.20445256325683,late
7,14,2,DISH,KITCHEN-RELATED,small,D,4,159,89,113,56.84633937334884,84.1809074761732,late
7,14,3,SAUCER,KITCHEN-RELATED,small,S,6,140,38,181,73.18642651967137,15.889579404459017,late
7,14,4,ELEVATOR,BUILDING RELATED,large,E,8,180,24,12,24.524591644561635,46.38304521074547,late
7,14,5,AZALEA,FLOWERS,small,A,6,148,128,198,18.669576301085147,67.51409680644288,late
7,14,6,CARPET,BUILDING RELATED,large,C,6,116,23,19,46.08957880841041,56.73023218640081,late
7,14,7,FLOOR,BUILDING RELATED,large,F,5,247,57,125,58.24865740981561,11.187633210612699,late
7,14,8,ONION,VEGETABLES,small,O,5,14,183,15,10.643223746070893,35.278398912486914,late
7,14,9,LOG,FLOWERS,small,L,3,77,33,153,66.5665307453085,86.52397672071271,late
7,14,10,BROCCOLI,VEGETABLES,small,B,8,113,212,98,10.637895122884961,71.90932864486649,late
7,14,11,CAULIFLOWER,VEGETABLES,small,C,11,78,215,118,19.51521170294115,62.24784988206454,late
7,14,12,GRIDDLE,KITCHEN-RELATED,small,G,7,164,160,109,2.0117556571574613,4.239974169649862,late
7,14,13,BUTTERCUP,FLOWERS,small,B,9,37,92,202,60.808283392064574,53.574406393890605,late
7,14,14,DAHLIA,FLOWERS,small,D,6,218,107,21,55.75905486683064,27.270825943894888,late
7,14,15,FOUNDATION,BUILDING RELATED,large,F,10,128,116,174,11.944443202034522,15.34391859377449,late
7,14,16,STRAINER,KITCHEN-RELATED,small,S,8,166,146,37,13.150952134450298,47.82477865996344,late
7,15,1,FACE,BODY PARTS,small,F,4,185,236,251,72.62113020241587,74.0280734108743,late
7,15,2,HIPPOPOTAMUS,MAMMALS,large,H,12,22,75,217,19.841498944827258,11.444581209126511,late
7,15,3,KNUCKLE,BODY PARTS,small,K,7,215,12,191,59.620109338250224,35.54558671015734,late
7,15,4,TIGER,MAMMALS,large,T,5,79,115,118,72.81747939582415,28.165423169477197,late
7,15,5,PETUNIA,FLOWERS,small,P,7,66,51,249,80.96825422167298,14.465543637170956,late
7,15,6,KITCHEN,BUILDING RELATED,large,K,7,117,251,164,54.000346358057456,49.24386587514039,late
7,15,7,CARNATION,FLOWERS,small,C,9,115,107,95,42.48670030252123,3.85346354828956,late
7,15,8,ROSE,FLOWERS,small,R,4,136,234,16,42.72591641926028,18.41664446107196,late
7,15,9,DOG,MAMMALS,large,D,3,205,0,196,0.5025153605240262,66.9438062403318,late
7,15,10,DONKEY,MAMMALS,large,D,6,84,227,234,30.87671586855062,48.007529884784944,late
7,15,11,GAZEBO,BUILDING RELATED,large,G,6,73,234,208,0.07238644547534867,10.060640177248002,late
7,15,12,TULIP,FLOWERS,small,T,5,107,121,144,53.02044413379342,82.83490009604374,late
7,15,13,ALCOVE,BUILDING RELATED,large,A,6,38,164,57,79.59269837233259,71.9405736937397,late
7,15,14,EAR,BODY PARTS,small,E,3,66,35,182,18.179423765543284,22.28975237469736,late
7,15,15,HEART,BODY PARTS,small,H,5,211,115,214,65.01406494244793,49.5174869491749,late
7,15,16,BARN,BUILDING RELATED,large,B,4,173,92,124,14.317568194330294,6.568988461512673,late
8,0,1,GLOVES,CLOTHING,small,G,6,96,87,38,79.51006135211568,8.193650141089904,early
8,0,2,SWEATER,CLOTHING,small,S,7,138,157,200,2.050188666412417,67.79444117681595,early
8,0,3,TROUSERS,CLOTHING,small,T,8,1,28,206,1.3193602373921032,74.42727946252506,early
8,0,4,BRA,CLOTHING,small,B,3,126,79,84,54.69609382467237,54.41114004164233,early
8,0,5,CEDAR,TREES,large,C,5,113,77,122,10.473132574281388,65.5231479599632,early
8,0,6,PALM,TREES,large,P,4,199,161,173,32.16656989315739,42.846535051551996,early
8,0,7,TEAK,TREES,large,T,4,36,125,95,73.23342289974056,86.07923244464091,early
8,0,8,SYCAMORE,TREES,large,S,8,243,153,4,65.0632441292642,73.06068209070112,early
8,0,9,BERLIN,CITIES,large,B,6,186,231,48,81.78186618221285,67.32543065226723,early
8,0,10,RENO,CITIES,large,R,4,187,140,203,38.84514607511935,2.525652962928339,early
8,0,11,CHICAGO,CITIES,large,C,7,71,41,8,52.206447892252505,51.86076904639394,early
8,0,12,SYDNEY,CITIES,large,S,6,252,228,139,21.31621790249787,16.439562723214742,early
8,0,13,HORNET,INSECTS,small,H,6,73,1,86,54.4036839228191,58.2831701868995,early
8,0,14,MOSQUITO,INSECTS,small,M,8,196,37,237,73.34403157471344,32.97972880448307,early
8,0,15,MANTIS,INSECTS,small,M,6,131,183,229,45.76324222460389,10.427178299532109,early
8,0,16,MILLIPEDE,INSECTS,small,M,9,5,60,59,22.75581761685504,5.110802253340378,early
8,1,1,DRESS,CLOTHING,small,D,5,136,186,44,0.5065947587507436,55.241933665461566,early
8,1,2,GIRDLE,CLOTHING,small,G,6,54,13,7,74.66497952928202,49.41626640958967,early
8,1,3,PANTS,CLOTHING,small,P,5,232,186,51,33.39019162430554,42.514912416536404,early
8,1,4,UNDERWEAR,CLOTHING,small,U,9,86,17,38,37.374997060978956,20.985169557261475,early
8,1,5,MONTANA,STATES,large,M,7,114,245,177,50.60482246660644,52.57742651221777,early
8,1,6,ARIZONA,STATES,large,A,7,225,110,209,48.58513636411321,63.23431737306086,early
8,1,7,UTAH,STATES,large,U,4,9,234,93,47.12656899183492,28.492818038714827,early
8,1,8,MAINE,STATES,large,M,5,173,43,145,33.599995988756206,29.02262137680954,early
8,1,9,KNIFE,KITCHEN-RELATED,small,K,5,47,146,131,61.174161009262605,30.802649430649996,early
8,1,10,SKILLET,KITCHEN-RELATED,large,S,7,23,46,195,80.93226235463642,18.735889803554198,early
8,1,11,TOASTER,KITCHEN-RELATED,large,T,7,216,143,112,15.985269705343988,54.97291735673282,early
8,1,12,FORK,KITCHEN-RELATED,small,F,4,50,41,18,58.930837632750986,48.53637766576469,early
8,1,13,NARCISSUS,FLOWERS,small,N,9,160,143,214,21.041992899235375,7.166526372502875,early
8,1,14,DAISY,FLOWERS,small,D,5,55,229,36,80.81242210983059,32.67228312986065,early
8,1,15,LILY,FLOWERS,small,L,4,151,190,32,32.664933322267295,40.01889757481866,early
8,1,16,SUNFLOWER,FLOWERS,small,S,9,55,140,243,82.58477157119445,9.145163165445252,early
8,2,1,COLANDER,KITCHEN-RELATED,small,C,8,115,77,163,34.762228517553496,37.524936726887375,early
8,2,2,CUP,KITCHEN-RELATED,small,C,3,132,119,219,74.04763856564986,52.50030812040114,early
8,2,3,MIXER,KITCHEN-RELATED,large,M,5,55,27,28,82.03271459849441,82.1543050971259,early
8,2,4,BLENDER,KITCHEN-RELATED,large,B,7,107,205,32,15.326776111020793,64.43248338061663,early
8,2,5,ROBE,CLOTHING,small,R,4,7,196,187,5.613742714235564,38.24459908550041,early
8,2,6,BELT,CLOTHING,small,B,4,13,60,197,84.09786069672384,13.020687141991349,early
8,2,7,SHIRT,CLOTHING,small,S,5,231,7,206,55.01764832751172,25.365500542181163,early
8,2,8,JUMPER,CLOTHING,small,J,6,125,183,136,40.546504210300135,56.57389605843301,early
8,2,9,SPRUCE,TREES,large,S,6,187,98,12,21.411701803362092,69.80792009126297,early
8,2,10,COTTONWOOD,TREES,large,C,10,45,60,137,78.10067354395052,16.72376888836513,early
8,2,11,OAK,TREES,large,O,3,172,137,12,33.87793010701313,67.8734096486397,early
8,2,12,EVERGREEN,TREES,large,E,9,18,106,65,53.75420554897615,67.77529729114562,early
8,2,13,UKULELE,INSTRUMENTS,small,U,7,106,74,70,75.87831339343329,19.657514379479778,early
8,2,14,BANJO,INSTRUMENTS,large,B,5,61,147,141,21.478865875101636,6.322910899577698,early
8,2,15,MARIMBA,INSTRUMENTS,large,M,7,51,46,33,31.61680015761984,40.58898060369588,early
8,2,16,HARMONICA,INSTRUMENTS,small,H,9,184,169,82,30.27911124602339,9.847768336480307,early
8,3,1,PEAR,FRUITS,small,P,4,212,21,182,10.220715000089438,39.31380661189799,early
8,3,2,LEMON,FRUITS,small,L,5,132,196,105,79.83443606081343,61.68033493758115,early
8,3,3,POMEGRANATE,FRUITS,small,P,11,65,84,194,8.670870587626515,28.328697864584225,early
8,3,4,CLEMENTINE,FRUITS,small,C,10,251,111,124,71.69047620787123,16.96707029979497,early
8,3,5,TOOTH,BODY PARTS,small,T,5,216,131,59,36.74944976006227,21.742413968667947,early
8,3,6,RIB,BODY PARTS,small,R,3,81,205,191,40.896480085659725,61.92975243859908,early
8,3,7,PANCREAS,BODY PARTS,small,P,8,117,240,84,74.79829690966358,45.10567187354238,early
8,3,8,TONGUE,BODY PARTS,small,T,6,118,47,17,46.06583187937757,54.22207262331057,early
8,3,9,ANTELOPE,MAMMALS,large,A,8,96,254,8,34.52927762603894,8.618582309135391,early
8,3,10,RACOON,MAMMALS,large,R,6,111,81,127,63.706092378028444,36.47454345298452,early
8,3,11,MONKEY,MAMMALS,large,M,6,103,20,235,71.4958597334928,68.54656127737067,early
8,3,12,MOOSE,MAMMALS,large,M,5,4,240,18,38.75359345818713,77.8389629091684,early
8,3,13,MICHIGAN,STATES,large,M,8,41,41,133,51.30081228782712,31.916578821629443,early
8,3,14,KANSAS,STATES,large,K,6,203,10,79,69.66523166289964,49.683093329441704,early
8,3,15,FLORIDA,STATES,large,F,7,250,170,240,35.004013561345445,12.948584251988784,early
8,3,16,IOWA,STATES,large,I,4,119,132,136,20.62835434022122,50.13379064552655,early
8,4,1,BONGOS,INSTRUMENTS,large,B,6,50,26,204,42.33858094266472,47.37161236895619,early
8,4,2,GUITAR,INSTRUMENTS,large,G,6,190,206,105,2.258023534349778,57.94250261780287,early
8,4,3,XYLOPHONE,INSTRUMENTS,large,X,9,24,120,89,11.329687158643324,49.97497792154483,early
8,4,4,ACCORDION,INSTRUMENTS,large,A,9,164,1,222,44.33264599431523,44.90840655580633,early
8,4,5,ASH,TREES,large,A,3,236,7,54,7.092244329638168,18.689383174178293,early
8,4,6,EUCALYPTUS,TREES,large,E,10,191,218,107,56.100479841059595,60.142971052484775,early
8,4,7,POPLAR,TREES,large,P,6,70,14,243,61.891721779956185,10.913419514331995,early
8,4,8,WILLOW,TREES,large,W,6,195,45,122,51.03310884736312,56.58649472361836,early
8,4,9,FINGER,BODY PARTS,small,F,6,199,85,58,23.91045659088899,11.409806863534051,early
8,4,10,HAND,BODY PARTS,small,H,4,107,57,35,5.513537711968247,21.387196507871757,early
8,4,11,ANKLE,BODY PARTS,small,A,5,140,172,11,79.40263698506126,28.801059524305614,early
8,4,12,LIP,BODY PARTS,small,L,3,74,95,164,14.970505679958737,12.140372632876034,early
8,4,13,MONARCH,INSECTS,small,M,7,236,104,189,27.21852284933873,8.133514825661482,early
8,4,14,SCORPION,INSECTS,small,S,8,254,98,21,27.889905465575215,45.02238730684685,early
8,4,15,WORM,INSECTS,small,W,4,245,214,185,52.2991272533771,53.58664221805669,early
8,4,16,LARVA,INSECTS,small,L,5,207,225,190,21.757697694732773,58.34603599262586,early
8,5,1,SPINACH,VEGETABLES,small,S,7,137,78,211,38.7395324668721,54.847065184832125,early
8,5,2,POTATO,VEGETABLES,small,P,6,114,184,122,58.188569158759016,38.00057293265887,early
8,5,3,GARLIC,VEGETABLES,small,G,6,140,128,177,15.314251329380562,9.102559383686373,early
8,5,4,ARTICHOKE,VEGETABLES,small,A,9,202,0,17,66.55508193654222,9.672312607477217,early
8,5,5,GERMANY,COUNTRIES,large,G,7,238,122,192,31.54949169827615,30.728799293064114,early
8,5,6,EGYPT,COUNTRIES,large,E,5,171,222,148,39.42927242116715,58.516320549959595,early
8,5,7,CUBA,COUNTRIES,large,C,4,66,198,138,12.875802947033199,38.23983793595545,early
8,5,8,IRAN,COUNTRIES,large,I,4,83,60,8,21.711115495226174,70.44436865667639,early
8,5,9,LOBBY,BUILDING RELATED,large,L,5,193,176,159,12.822517318190346,67.26846472065203,early
8,5,10,CHIMNEY,BUILDING RELATED,large,C,7,251,165,18,27.326449719963986,24.796498733106404,early
8,5,11,CLOSET,BUILDING RELATED,large,C,6,200,157,227,76.6468769385096,42.93395276258639,early
8,5,12,FURNACE,BUILDING RELATED,large,F,7,72,218,1,41.23221772958236,6.310813199068743,early
8,5,13,BLOUSE,CLOTHING,small,B,6,29,79,201,46.8073994972127,35.197332087044245,early
8,5,14,SUIT,CLOTHING,small,S,4,98,128,7,7.036488006956296,0.8603286567744881,early
8,5,15,JACKET,CLOTHING,small,J,6,77,100,243,47.333263869628794,72.05610801203122,early
8,5,16,CAMISOLE,CLOTHING,small,C,8,244,68,227,29.27983215436877,43.09005689509135,early
8,6,1,RABBIT,MAMMALS,small,R,6,197,190,18,15.074419190001283,7.5277437197619586,early
8,6,2,RHINOCEROS,MAMMALS,large,R,10,102,196,38,23.205144749808863,59.40202186554123,early
8,6,3,FOX,MAMMALS,large,F,3,136,199,210,73.02520567898796,76.92057130319577,early
8,6,4,LLAMA,MAMMALS,large,L,5,61,2,147,1.3690880675263983,46.438568529947744,early
8,6,5,CHRYSALIS,INSECTS,small,C,9,185,212,182,56.93826482651479,62.132971776524684,early
8,6,6,WASP,INSECTS,small,W,4,221,211,100,47.27641373379095,39.97336092530729,early
8,6,7,BEETLE,INSECTS,small,B,6,68,89,219,62.92958565118744,78.69764506701222,early
8,6,8,TERMITE,INSECTS,small,T,7,120,167,22,25.30464328330173,16.15512317930306,early
8,6,9,RUTABAGA,VEGETABLES,small,R,8,130,251,79,61.131735935316996,11.97550878587792,early
8,6,10,GINGER,VEGETABLES,small,G,6,10,213,97,37.72859741617223,34.549108494258164,early
8,6,11,PUMPKIN,VEGETABLES,large,P,7,117,92,89,26.94419232566522,0.6488490491143244,early
8,6,12,OKRA,VEGETABLES,small,O,4,204,162,53,42.47527096219288,85.64934084454515,early
8,6,13,TEXAS,STATES,large,T,5,113,36,239,59.395855748940264,22.15451914703466,early
8,6,14,OHIO,STATES,large,O,4,46,143,20,28.68264508719735,66.02336375945832,early
8,6,15,ALASKA,STATES,large,A,6,220,23,235,61.36612120117382,68.16014457897059,early
8,6,16,PENNSYLVANIA,STATES,large,P,12,226,168,244,79.28928549692365,43.2706152702262,early
8,7,1,FOOT,BODY PARTS,small,F,4,53,123,159,2.008666156859966,84.91708995968615,early
8,7,2,ELBOW,BODY PARTS,small,E,5,43,151,230,48.658861037326915,6.688245824340565,early
8,7,3,KIDNEY,BODY PARTS,small,K,6,8,205,239,13.226330108529087,33.03042689218104,early
8,7,4,SHOULDER,BODY PARTS,small,S,8,101,30,129,36.34466342038015,12.80111459336415,early
8,7,5,TORONTO,CITIES,large,T,7,21,7,65,25.087602530544793,2.3509107650238934,early
8,7,6,BOMBAY,CITIES,large,B,6,29,83,143,48.76704348917688,25.920173903387596,early
8,7,7,MIAMI,CITIES,large,M,5,87,227,233,20.32603117495557,48.04367416616843,early
8,7,8,STOCKHOLM,CITIES,large,S,9,109,110,27,80.57661473272233,10.755823132721785,early
8,7,9,ZUCCHINI,VEGETABLES,small,Z,8,179,211,97,17.96115815112052,44.53839104720913,early
8,7,10,OLIVE,VEGETABLES,small,O,5,132,110,152,36.48153744848383,25.464151958921267,early
8,7,11,AUBERGINE,VEGETABLES,small,A,9,7,95,207,11.418543666493754,52.47869923900957,early
8,7,12,SQUASH,VEGETABLES,small,S,6,74,237,82,4.238572287880825,52.17348514381225,early
8,7,13,PANTHER,MAMMALS,large,P,7,185,153,201,70.01206092639572,72.61551797651113,early
8,7,14,WOLF,MAMMALS,large,W,4,244,115,247,1.226836455045125,28.454228517558242,early
8,7,15,SHEEP,MAMMALS,large,S,5,188,57,16,60.06560595020439,45.42220210776282,early
8,7,16,GOAT,MAMMALS,large,G,4,42,114,161,82.64718381183836,24.720056626758026,early
8,8,1,PETUNIA,FLOWERS,small,P,7,209,28,111,50.873833556832,14.179714423123055,late
8,8,2,TIGER,MAMMALS,large,T,5,35,104,107,31.78810196023714,2.0108440219043033,late
8,8,3,TULIP,FLOWERS,small,T,5,108,77,91,51.295027833936054,66.52814016004186,late
8,8,4,KNUCKLE,BODY PARTS,small,K,7,179,172,124,16.01612302815795,75.26164055619195,late
8,8,5,ROSE,FLOWERS,small,R,4,243,47,155,30.620208283917385,72.35649942435354,late
8,8,6,EAR,BODY PARTS,small,E,3,94,178,33,14.989093932735436,58.2293100776572,late
8,8,7,DOG,MAMMALS,large,D,3,41,6,11,29.998948541022244,55.65195921645586,late
8,8,8,GAZEBO,BUILDING RELATED,large,G,6,251,12,145,26.416130175339315,40.81496142984766,late
8,8,9,KITCHEN,BUILDING RELATED,large,K,7,29,27,228,59.32151281669792,30.696585498636377,late
8,8,10,CARNATION,FLOWERS,small,C,9,8,153,173,61.18421229376721,71.79063897540702,late
8,8,11,ALCOVE,BUILDING RELATED,large,A,6,125,210,184,54.17921712661892,52.96686735339546,late
8,8,12,FACE,BODY PARTS,small,F,4,40,168,105,64.03568169442507,71.76651880362469,late
8,8,13,HEART,BODY PARTS,small,H,5,186,115,252,40.36643121812409,49.5308648774318,late
8,8,14,BARN,BUILDING RELATED,large,B,4,50,249,121,61.63383783669299,38.85744435307019,late
8,8,15,HIPPOPOTAMUS,MAMMALS,large,H,12,95,108,104,12.99140823529386,13.451154180929962,late
8,8,16,DONKEY,MAMMALS,large,D,6,65,175,124,25.872242154791024,66.69400876405581,late
8,9,1,PELVIS,BODY PARTS,large,P,6,89,43,167,8.217025812218251,1.0025476597254719,late
8,9,2,TAMBOURINE,INSTRUMENTS,small,T,10,13,218,71,75.51005362666737,62.595405844285175,late
8,9,3,ARMS,BODY PARTS,large,A,4,153,227,251,32.84018308373946,12.078797026882416,late
8,9,4,ROME,CITIES,large,R,4,217,175,8,66.59721043696176,34.06522075065198,late
8,9,5,TRUMPET,INSTRUMENTS,large,T,7,80,151,20,57.58930703673945,11.551536897243395,late
8,9,6,STOMACH,BODY PARTS,small,S,7,168,127,45,59.872458202247635,66.98649323889094,late
8,9,7,THERMOMETER,KITCHEN-RELATED,small,T,11,149,234,18,61.048549858130535,29.0134376244281,late
8,9,8,OVEN,KITCHEN-RELATED,large,O,4,219,173,197,73.90772791639128,47.656042278203834,late
8,9,9,MONTREAL,CITIES,large,M,8,8,48,183,70.89658049137252,55.31535658644509,late
8,9,10,PARIS,CITIES,large,P,5,228,220,31,58.09434873254352,13.043622853841095,late
8,9,11,HIP,BODY PARTS,small,H,3,229,218,165,19.568673996840587,27.63628256212363,late
8,9,12,BROILER,KITCHEN-RELATED,large,B,7,76,243,224,71.700984673552,57.02295605667959,late
8,9,13,DALLAS,CITIES,large,D,6,183,57,176,39.38992335174884,18.32988340519251,late
8,9,14,PICCOLO,INSTRUMENTS,small,P,7,85,241,60,50.96462166836333,4.504672421048811,late
8,9,15,MUG,KITCHEN-RELATED,small,M,3,107,20,10,46.08018950114372,9.066441888982,late
8,9,16,TUBA,INSTRUMENTS,large,T,4,198,63,207,50.78758973154603,5.490805366098236,late
8,10,1,WISCONSIN,STATES,large,W,9,178,105,68,60.641339812431866,12.513206456459804,late
8,10,2,GLUE,TOOLS,small,G,4,246,238,20,79.64381112053157,67.28162936413688,late
8,10,3,HAWAII,STATES,large,H,6,211,204,155,78.02334824704477,43.32424270057252,late
8,10,4,BANANA,FRUITS,small,B,6,124,133,28,25.49753540922277,36.66255770447518,late
8,10,5,VERMONT,STATES,large,V,7,212,3,157,51.8894054209321,8.983388453872955,late
8,10,6,JERUSALEM,CITIES,large,J,9,247,107,225,26.666089241076733,0.38224762898058917,late
8,10,7,CALIFORNIA,STATES,large,C,10,90,227,173,61.183955996931786,10.64060419983258,late
8,10,8,MANGO,FRUITS,small,M,5,108,59,159,62.72982959098763,66.61156219913853,late
8,10,9,WASHER,TOOLS,small,W,6,200,8,215,32.313217395572565,71.35186767719686,late
8,10,10,PHILADELPHIA,CITIES,large,P,12,1,210,104,40.063684222119164,42.3237964391012,late
8,10,11,NECTARINE,FRUITS,small,N,9,218,250,96,83.45322119416505,45.22518932277862,late
8,10,12,VANCOUVER,CITIES,large,V,9,16,162,60,42.82549791725276,44.252694437173616,late
8,10,13,NUTS,TOOLS,small,N,4,180,79,42,80.36552774439268,67.32262516803739,late
8,10,14,TOKYO,CITIES,large,T,5,51,45,73,65.17187040325209,47.56527213925313,late
8,10,15,RULER,TOOLS,small,R,5,123,219,248,5.736432038108795,82.13491908357001,late
8,10,16,KUMQUAT,FRUITS,small,K,7,43,34,158,56.60410517285009,62.90907405059884,late
8,11,1,PROTRACTOR,TOOLS,small,P,10,167,175,107,53.3135424309738,49.85522317374635,late
8,11,2,CAT,MAMMALS,large,C,3,7,166,234,34.11491542394484,5.802063300262589,late
8,11,3,PIANO,INSTRUMENTS,large,P,5,29,180,60,3.506893319823645,28.8428259183335,late
8,11,4,SWITZERLAND,COUNTRIES,large,S,11,191,215,21,17.263142090607396,44.956903381553936,late
8,11,5,SQUIRREL,MAMMALS,small,S,8,69,112,104,70.63900473176453,61.59729546306861,late
8,11,6,CHISEL,TOOLS,small,C,6,154,3,173,54.49740408164927,68.22140070976634,late
8,11,7,FERRET,MAMMALS,small,F,6,69,197,4,68.68339776928501,71.27073365069586,late
8,11,8,FRANCE,COUNTRIES,large,F,6,56,143,6,24.196876627679337,12.154400979590296,late
8,11,9,DRUM,INSTRUMENTS,large,D,4,97,119,236,72.22154042764876,2.172883553380787,late
8,11,10,SAW,TOOLS,small,S,3,22,213,155,70.28396443798484,7.796048046840586,late
8,11,11,CLARINET,INSTRUMENTS,small,C,8,54,141,111,41.25768061232217,11.490428865963281,late
8,11,12,LEOPARD,MAMMALS,large,L,7,53,73,91,60.26199223033806,0.3628179777565179,late
8,11,13,BOLTS,TOOLS,small,B,5,183,129,175,83.23687153237688,63.50964452694788,late
8,11,14,JAPAN,COUNTRIES,large,J,5,40,182,244,15.085606248987204,14.67081272684312,late
8,11,15,ENGLAND,COUNTRIES,large,E,7,57,9,58,38.584375797868596,69.24451333817218,late
8,11,16,KAZOO,INSTRUMENTS,small,K,5,232,203,73,73.11856479463059,33.04452524358802,late
8,12,1,COW,MAMMALS,large,C,3,82,36,145,32.64813247107528,47.903616778170246,late
8,12,2,CORRIDOR,BUILDING RELATED,large,C,8,144,94,208,6.74945469860582,33.965245976852586,late
8,12,3,MOUSE,MAMMALS,small,M,5,177,145,43,1.666353131492826,81.36467444490339,late
8,12,4,TANGELO,FRUITS,small,T,7,115,249,114,40.666317960302074,49.81722004808223,late
8,12,5,GIRAFFE,MAMMALS,large,G,7,215,192,148,74.24659470806425,16.61512404549011,late
8,12,6,HALL,BUILDING RELATED,large,H,4,199,136,2,74.23441366721474,29.23626414772538,late
8,12,7,SPATULA,KITCHEN-RELATED,small,S,7,200,64,129,4.428678006379836,31.936111612870558,late
8,12,8,DOOR,BUILDING RELATED,large,D,4,156,123,5,13.097508740866227,64.22166244243232,late
8,12,9,STRAWBERRY,FRUITS,small,S,10,251,46,211,29.368944556478855,7.041295914967711,late
8,12,10,POT,KITCHEN-RELATED,large,P,3,188,113,86,80.85439376963593,7.718752568867496,late
8,12,11,WINDOW,BUILDING RELATED,large,W,6,23,131,25,36.44743485998248,65.28434362109157,late
8,12,12,HORSE,MAMMALS,large,H,5,64,202,56,14.001060762956612,68.66742216050821,late
8,12,13,KIWI,FRUITS,small,K,4,165,229,215,68.56390288642828,86.2450669253243,late
8,12,14,REFRIGERATOR,KITCHEN-RELATED,large,R,12,80,49,122,70.35813335185206,32.3437362145814,late
8,12,15,GUAVA,FRUITS,small,G,5,229,20,210,11.35203289142486,27.43235937554995,late
8,12,16,GLASS,KITCHEN-RELATED,small,G,5,76,223,83,81.70382714476038,5.077130163975275,late
8,13,1,RASPBERRY,FRUITS,small,R,9,13,147,232,55.677542703046,65.86569447163176,late
8,13,2,MAPLE,TREES,large,M,5,126,112,164,4.041724472615131,54.31357067174606,late
8,13,3,HONEYDEW,FRUITS,small,H,8,187,72,40,48.516404354839665,52.083841737374165,late
8,13,4,PLUM,FRUITS,small,P,4,136,118,109,72.89628028960324,48.537495297695614,late
8,13,5,HICKORY,TREES,large,H,7,121,205,157,36.80419323767476,55.89549295778567,late
8,13,6,SAXOPHONE,INSTRUMENTS,large,S,9,217,161,238,25.60222103487013,24.314705597620485,late
8,13,7,WEDGE,TOOLS,small,W,5,184,122,18,45.60244377453366,72.10852630499151,late
8,13,8,SCREWS,TOOLS,small,S,6,239,247,227,69.49029483818181,53.8740022796192,late
8,13,9,HAMMER,TOOLS,small,H,6,119,109,220,43.364293253313974,41.08030182964965,late
8,13,10,ELM,TREES,large,E,3,211,221,164,52.16107831233064,63.17354373262386,late
8,13,11,TRIANGLE,INSTRUMENTS,small,T,8,205,185,249,31.968847957456052,3.291777704204267,late
8,13,12,VIOLIN,INSTRUMENTS,large,V,6,15,194,90,19.81371456980596,66.74661093089532,late
8,13,13,FIG,FRUITS,small,F,3,201,225,123,10.820890134457589,28.54676305849404,late
8,13,14,PINE,TREES,large,P,4,50,176,91,1.6581760554780278,59.001635635035434,late
8,13,15,WIRE,TOOLS,small,W,4,148,182,52,59.10716625289939,51.76532126605948,late
8,13,16,CELLO,INSTRUMENTS,large,C,5,207,69,238,66.60637910991886,26.312387872013407,late
8,14,1,AZALEA,FLOWERS,small,A,6,150,157,188,37.11698249509485,45.436772563602545,late
8,14,2,FLOOR,BUILDING RELATED,large,F,5,124,245,245,17.534094834446535,77.4477525829224,late
8,14,3,STRAINER,KITCHEN-RELATED,small,S,8,144,223,162,69.50524493952649,7.663642703244992,late
8,14,4,ELEVATOR,BUILDING RELATED,large,E,8,19,121,148,82.32419576773384,12.134936537890932,late
8,14,5,DISH,KITCHEN-RELATED,small,D,4,21,88,95,80.34357367787625,53.21605503281703,late
8,14,6,CARPET,BUILDING RELATED,large,C,6,21,155,236,4.3890584842768785,16.568946719457,late
8,14,7,PICKLE,VEGETABLES,small,P,6,111,13,232,17.757158308349208,20.848644117185927,late
8,14,8,DAHLIA,FLOWERS,small,D,6,234,196,153,49.34090399072232,23.372458743059422,late
8,14,9,LOG,FLOWERS,small,L,3,114,234,143,84.47131679539595,54.65809929882099,late
8,14,10,SAUCER,KITCHEN-RELATED,small,S,6,222,230,37,40.27583015644824,48.77762958297239,late
8,14,11,BROCCOLI,VEGETABLES,small,B,8,91,66,161,12.704001352945022,39.7751430316571,late
8,14,12,BUTTERCUP,FLOWERS,small,B,9,118,78,202,84.53369520636923,6.300268018021056,late
8,14,13,GRIDDLE,KITCHEN-RELATED,small,G,7,165,86,159,39.34664613893412,15.765289549173994,late
8,14,14,CAULIFLOWER,VEGETABLES,small,C,11,201,254,1,40.74185622317374,30.268876914566746,late
8,14,15,ONION,VEGETABLES,small,O,5,99,90,60,16.629395237298525,17.379304759945825,late
8,14,16,FOUNDATION,BUILDING RELATED,large,F,10,152,164,46,42.81663314772482,13.521159926138623,late
8,15,1,MARACAS,INSTRUMENTS,small,M,7,127,136,167,32.72742325659054,40.515275223669086,late
8,15,2,ETHIOPIA,COUNTRIES,large,E,8,85,96,183,40.27219223672388,4.008953522542679,late
8,15,3,POLAND,COUNTRIES,large,P,6,220,159,220,74.88788430141844,37.01067506126486,late
8,15,4,LETTUCE,VEGETABLES,small,L,7,195,200,240,69.62656719548451,28.390588188039665,late
8,15,5,LION,MAMMALS,large,L,4,125,91,122,36.81956889012975,50.06070224170178,late
8,15,6,ELEPHANT,MAMMALS,large,E,8,126,14,30,40.39882045066524,5.106406951305942,late
8,15,7,TROMBONE,INSTRUMENTS,large,T,8,156,32,167,34.728133616572215,20.784646452816432,late
8,15,8,BASS,INSTRUMENTS,large,B,4,33,87,151,46.27859403316153,44.87811505943182,late
8,15,9,VIOLA,INSTRUMENTS,large,V,5,219,18,182,77.46973521807844,82.39714697503182,late
8,15,10,ITALY,COUNTRIES,large,I,5,245,34,92,48.33340441162172,45.651009334020756,late
8,15,11,AUSTRALIA,COUNTRIES,large,A,9,189,26,147,48.58103395620014,3.0728240879707194,late
8,15,12,CARROT,VEGETABLES,small,C,6,212,40,120,68.91101646085842,59.012978978576506,late
8,15,13,PIG,MAMMALS,large,P,3,155,188,63,0.6284263615455998,40.538466798917746,late
8,15,14,ZEBRA,MAMMALS,large,Z,5,170,14,178,57.729165211978085,36.95825582399335,late
8,15,15,CELERY,VEGETABLES,small,C,6,26,185,120,33.99297830687434,62.04393056840027,late
8,15,16,YAMS,VEGETABLES,small,Y,4,75,183,112,38.25166800353246,26.785074532313068,late
9,0,1,GIRAFFE,MAMMALS,large,G,7,201,115,130,22.810190052193207,63.885498116597034,early
9,0,2,COW,MAMMALS,large,C,3,22,128,201,9.19729727192334,85.8375553399541,early
9,0,3,HORSE,MAMMALS,large,H,5,207,194,19,65.89281266261487,83.59478688293147,early
9,0,4,MOUSE,MAMMALS,small,M,5,86,98,1,51.596126241479695,7.6395635236103,early
9,0,5,KIWI,FRUITS,small,K,4,78,0,89,27.07133161784769,13.488998683315385,early
9,0,6,GUAVA,FRUITS,small,G,5,89,166,49,35.156536188797475,7.61993905383437,early
9,0,7,STRAWBERRY,FRUITS,small,S,10,94,91,83,13.843530409271656,68.28106997656135,early
9,0,8,TANGELO,FRUITS,small,T,7,36,55,38,5.722490709070868,26.949535048210535,early
9,0,9,SPATULA,KITCHEN-RELATED,small,S,7,219,241,4,44.62387809076908,7.205099307746143,early
9,0,10,POT,KITCHEN-RELATED,large,P,3,160,121,149,36.80849796620649,62.40927632161697,early
9,0,11,REFRIGERATOR,KITCHEN-RELATED,large,R,12,169,107,217,7.6727101110049585,22.32879453828049,early
9,0,12,GLASS,KITCHEN-RELATED,small,G,5,210,49,23,10.133608744096,1.055869695154309,early
9,0,13,WINDOW,BUILDING RELATED,large,W,6,172,220,206,29.21705023973013,73.23082952310146,early
9,0,14,CORRIDOR,BUILDING RELATED,large,C,8,146,44,186,62.775180665901615,26.355424303759996,early
9,0,15,DOOR,BUILDING RELATED,large,D,4,7,91,245,71.11102464868914,22.685115802730188,early
9,0,16,HALL,BUILDING RELATED,large,H,4,43,191,232,16.42412129885003,11.174152890883514,early
9,1,1,ELEPHANT,MAMMALS,large,E,8,201,169,170,45.46245486382124,32.70392550392286,early
9,1,2,ZEBRA,MAMMALS,large,Z,5,150,181,3,13.459242751218914,12.093583148179587,early
9,1,3,PIG,MAMMALS,large,P,3,93,143,190,64.85695904321065,67.45156609470293,early
9,1,4,LION,MAMMALS,large,L,4,88,159,218,75.20365783886669,12.464130426610822,early
9,1,5,LETTUCE,VEGETABLES,small,L,7,74,12,57,44.98833788643958,61.28363981175294,early
9,1,6,YAMS,VEGETABLES,small,Y,4,22,2,24,71.81870905063413,53.51543915133715,early
9,1,7,CARROT,VEGETABLES,small,C,6,145,68,228,57.60678724708105,15.357970197824717,early
9,1,8,CELERY,VEGETABLES,small,C,6,137,39,82,56.63962617860328,29.453802685115186,early
9,1,9,ITALY,COUNTRIES,large,I,5,193,203,53,61.99498922116496,21.027049755809163,early
9,1,10,ETHIOPIA,COUNTRIES,large,E,8,166,158,126,54.21196670237949,28.328874320601436,early
9,1,11,AUSTRALIA,COUNTRIES,large,A,9,73,246,84,77.57419513003349,55.864860586489606,early
9,1,12,POLAND,COUNTRIES,large,P,6,134,31,29,0.886260458993372,45.16491402111615,early
9,1,13,MARACAS,INSTRUMENTS,small,M,7,160,164,117,65.72973067876006,73.08599165320375,early
9,1,14,VIOLA,INSTRUMENTS,large,V,5,232,228,69,78.33607996587276,14.377934943245215,early
9,1,15,BASS,INSTRUMENTS,large,B,4,210,233,82,39.081251248394,29.539615916432652,early
9,1,16,TROMBONE,INSTRUMENTS,large,T,8,26,156,111,16.882412087106005,2.3044977336325525,early
9,2,1,FINGER,BODY PARTS,small,F,6,222,243,127,69.9702385383417,8.27233764443025,early
9,2,2,HAND,BODY PARTS,small,H,4,241,198,191,41.61475954513375,83.75530489508829,early
9,2,3,LIP,BODY PARTS,small,L,3,21,67,29,70.90328154823453,14.62793798790069,early
9,2,4,ANKLE,BODY PARTS,small,A,5,246,192,167,33.046280649106095,39.8833066591132,early
9,2,5,LARVA,INSECTS,small,L,5,125,10,138,65.63508250397406,12.09448731650655,early
9,2,6,SCORPION,INSECTS,small,S,8,183,189,163,37.06109077451656,53.58177661762198,early
9,2,7,WORM,INSECTS,small,W,4,204,56,41,36.281971077281334,82.41038774484193,early
9,2,8,MONARCH,INSECTS,small,M,7,128,197,116,63.318665505863606,53.37267634650546,early
9,2,9,GUITAR,INSTRUMENTS,large,G,6,53,4,244,65.61212377362034,43.359341681805006,early
9,2,10,BONGOS,INSTRUMENTS,large,B,6,250,70,112,72.66899769750007,14.36451930732915,early
9,2,11,ACCORDION,INSTRUMENTS,large,A,9,11,26,9,78.58262054249158,24.471072572382784,early
9,2,12,XYLOPHONE,INSTRUMENTS,large,X,9,201,238,53,8.377331034827664,20.6244993680048,early
9,2,13,EUCALYPTUS,TREES,large,E,10,151,12,199,26.38105234698245,32.30352928694764,early
9,2,14,WILLOW,TREES,large,W,6,21,44,126,43.70282512178977,28.18008222787488,early
9,2,15,POPLAR,TREES,large,P,6,151,94,89,49.35455924041286,66.63699820898869,early
9,2,16,ASH,TREES,large,A,3,224,248,89,83.2499997150358,0.3507563679518242,early
9,3,1,FORK,KITCHEN-RELATED,small,F,4,99,104,172,75.92487650965899,40.83638917764773,early
9,3,2,KNIFE,KITCHEN-RELATED,small,K,5,96,136,231,52.49544376558563,33.039710503819826,early
9,3,3,TOASTER,KITCHEN-RELATED,large,T,7,133,206,9,71.79795330665868,31.548756380423082,early
9,3,4,SKILLET,KITCHEN-RELATED,large,S,7,207,3,86,11.87092654998714,3.723602897966364,early
9,3,5,PANTS,CLOTHING,small,P,5,229,163,184,62.471814575656175,26.045579823176073,early
9,3,6,DRESS,CLOTHING,small,D,5,163,168,74,61.741086984853666,55.58327952118688,early
9,3,7,UNDERWEAR,CLOTHING,small,U,9,235,24,190,63.62054481253832,34.64084077743537,early
9,3,8,GIRDLE,CLOTHING,small,G,6,66,5,246,4.530725847161213,71.99585825247787,early
9,3,9,DAISY,FLOWERS,small,D,5,138,67,26,0.4449922344680912,33.548001195073034,early
9,3,10,NARCISSUS,FLOWERS,small,N,9,64,87,102,42.947966919775986,22.991843357350156,early
9,3,11,SUNFLOWER,FLOWERS,small,S,9,170,24,37,43.20886440719758,5.665966128385134,early
9,3,12,LILY,FLOWERS,small,L,4,103,43,103,53.88390863840376,3.0914159512438477,early
9,3,13,ARIZONA,STATES,large,A,7,206,136,144,77.05835926341466,45.20863311386953,early
9,3,14,UTAH,STATES,large,U,4,87,8,131,65.98038668397734,84.40700291615529,early
9,3,15,MAINE,STATES,large,M,5,114,54,46,35.86169367061122,3.6774808034327977,early
9,3,16,MONTANA,STATES,large,M,7,243,131,145,42.318679166500615,52.0396600031094,early
9,4,1,TEAK,TREES,large,T,4,237,150,247,31.52856344069128,26.666509108972154,early
9,4,2,PALM,TREES,large,P,4,16,54,165,79.35854918862074,11.932005650233561,early
9,4,3,SYCAMORE,TREES,large,S,8,141,246,66,12.12437485719631,56.0123410034345,early
9,4,4,CEDAR,TREES,large,C,5,209,33,170,73.54390792851689,37.59338305520704,early
9,4,5,MILLIPEDE,INSECTS,small,M,9,112,32,65,11.726893081118918,43.51955064857553,early
9,4,6,HORNET,INSECTS,small,H,6,113,114,192,53.40460856007397,15.679883849247807,early
9,4,7,MANTIS,INSECTS,small,M,6,156,56,69,84.80841627039256,60.222177515557725,early
9,4,8,MOSQUITO,INSECTS,small,M,8,205,60,86,3.045670477325598,31.59198202605149,early
9,4,9,RENO,CITIES,large,R,4,118,104,94,58.6784688810732,13.60927438798103,early
9,4,10,SYDNEY,CITIES,large,S,6,139,221,210,80.4805352522975,53.467452209500564,early
9,4,11,CHICAGO,CITIES,large,C,7,69,153,199,22.621722867470467,34.39816857802314,early
9,4,12,BERLIN,CITIES,large,B,6,170,41,219,48.25885362670598,6.2718983227463205,early
9,4,13,SWEATER,CLOTHING,small,S,7,65,225,131,79.06217933890456,48.4730518503317,early
9,4,14,BRA,CLOTHING,small,B,3,131,243,22,78.23993974392764,89.9079121698458,early
9,4,15,TROUSERS,CLOTHING,small,T,8,65,151,199,65.01208075983955,26.74170470747574,early
9,4,16,GLOVES,CLOTHING,small,G,6,124,159,116,20.90118473070721,34.9774916108229,early
9,5,1,GINGER,VEGETABLES,small,G,6,122,16,41,20.87417420099201,12.660769103471976,early
9,5,2,OKRA,VEGETABLES,small,O,4,169,137,212,2.602785670958058,53.016245483490046,early
9,5,3,PUMPKIN,VEGETABLES,large,P,7,249,46,19,38.10934647108048,31.023844344466387,early
9,5,4,RUTABAGA,VEGETABLES,small,R,8,98,14,210,64.6698369519151,3.638671891530344,early
9,5,5,WASP,INSECTS,small,W,4,252,114,18,40.21001480250647,73.19696814627582,early
9,5,6,BEETLE,INSECTS,small,B,6,31,241,237,25.693276889888,18.75971294314411,early
9,5,7,TERMITE,INSECTS,small,T,7,74,54,4,40.41894076997638,69.64164085880749,early
9,5,8,CHRYSALIS,INSECTS,small,C,9,12,43,9,52.56690783329909,19.067205515672452,early
9,5,9,RHINOCEROS,MAMMALS,large,R,10,75,6,7,74.05309582516897,62.670949976150176,early
9,5,10,FOX,MAMMALS,large,F,3,65,204,56,31.419425954216468,71.49336308366134,early
9,5,11,RABBIT,MAMMALS,small,R,6,206,1,254,36.33289714048634,29.45192655648451,early
9,5,12,LLAMA,MAMMALS,large,L,5,56,141,141,66.34453397901618,32.28015879547308,early
9,5,13,OHIO,STATES,large,O,4,169,91,13,49.67562844241746,70.43825720085846,early
9,5,14,ALASKA,STATES,large,A,6,122,234,55,31.321637572862286,22.89424346090911,early
9,5,15,TEXAS,STATES,large,T,5,3,93,234,46.12010527730329,1.2783902353073717,early
9,5,16,PENNSYLVANIA,STATES,large,P,12,102,18,50,40.03388252210223,9.037050919536853,early
9,6,1,POTATO,VEGETABLES,small,P,6,241,0,203,80.46941715035219,43.73793391492828,early
9,6,2,SPINACH,VEGETABLES,small,S,7,252,151,75,78.23863119056304,21.53974784146032,early
9,6,3,ARTICHOKE,VEGETABLES,small,A,9,148,245,108,77.56212030211493,28.330585447445614,early
9,6,4,GARLIC,VEGETABLES,small,G,6,183,14,203,58.68628018904061,76.20325556759042,early
9,6,5,CUBA,COUNTRIES,large,C,4,232,226,13,34.97823035295271,47.97230415083055,early
9,6,6,EGYPT,COUNTRIES,large,E,5,138,55,102,3.197412024395998,29.088782659466176,early
9,6,7,GERMANY,COUNTRIES,large,G,7,121,114,28,53.28504028415093,55.43515234521448,early
9,6,8,IRAN,COUNTRIES,large,I,4,205,141,128,45.68088243359416,28.481030425362867,early
9,6,9,JACKET,CLOTHING,small,J,6,251,93,244,24.984083439713856,69.16699404408918,early
9,6,10,BLOUSE,CLOTHING,small,B,6,246,55,159,31.41951541832754,43.37359651991985,early
9,6,11,CAMISOLE,CLOTHING,small,C,8,49,167,130,53.64870008268179,36.63615116878057,early
9,6,12,SUIT,CLOTHING,small,S,4,109,253,99,81.80403318003623,34.23521144764952,early
9,6,13,CHIMNEY,BUILDING RELATED,large,C,7,122,93,47,10.493928701660248,43.43123061953049,early
9,6,14,CLOSET,BUILDING RELATED,large,C,6,183,227,214,17.210840642971355,79.66558283612105,early
9,6,15,FURNACE,BUILDING RELATED,large,F,7,82,55,243,38.51443296833731,65.39026868552666,early
9,6,16,LOBBY,BUILDING RELATED,large,L,5,132,242,238,48.779858366206554,2.7346503789025656,early
9,7,1,PANTHER,MAMMALS,large,P,7,48,67,67,13.216803323408687,28.143078208310815,early
9,7,2,WOLF,MAMMALS,large,W,4,241,17,5,30.120751413429776,37.21750373131414,early
9,7,3,SHEEP,MAMMALS,large,S,5,109,71,41,52.092676225185656,39.21521871968091,early
9,7,4,GOAT,MAMMALS,large,G,4,31,82,152,31.503576161832065,35.849850275854564,early
9,7,5,STOCKHOLM,CITIES,large,S,9,223,154,208,20.958014536629527,21.212501389050594,early
9,7,6,MIAMI,CITIES,large,M,5,55,69,228,21.06733530335596,61.47788371920674,early
9,7,7,BOMBAY,CITIES,large,B,6,9,229,213,25.5467048238049,80.99392474953149,early
9,7,8,TORONTO,CITIES,large,T,7,70,61,140,3.892360745206819,27.828427097694796,early
9,7,9,KIDNEY,BODY PARTS,small,K,6,198,2,148,4.120573921605662,14.951302010760344,early
9,7,10,FOOT,BODY PARTS,small,F,4,48,16,116,59.682386499242575,58.380835957990016,early
9,7,11,SHOULDER,BODY PARTS,small,S,8,172,174,160,67.52295229079634,32.66357412609459,early
9,7,12,ELBOW,BODY PARTS,small,E,5,214,204,108,39.84947517141431,29.996780540303636,early
9,7,13,SQUASH,VEGETABLES,small,S,6,89,195,233,24.142558751657138,1.966997027920339,early
9,7,14,OLIVE,VEGETABLES,small,O,5,162,147,138,69.66270721518856,76.20610028674426,early
9,7,15,ZUCCHINI,VEGETABLES,small,Z,8,126,217,48,64.9078797803578,34.071424643820954,early
9,7,16,AUBERGINE,VEGETABLES,small,A,9,64,160,137,48.25579189568892,45.481136265856556,early
9,8,1,DAHLIA,FLOWERS,small,D,6,60,169,35,68.09813845558891,78.41175895886758,late
9,8,2,CARPET,BUILDING RELATED,large,C,6,253,212,65,25.424813796183567,71.6472278425675,late
9,8,3,DISH,KITCHEN-RELATED,small,D,4,93,172,93,31.39206889991702,19.523397289419925,late
9,8,4,FLOOR,BUILDING RELATED,large,F,5,132,210,206,16.39410061075767,35.1195568209967,late
9,8,5,LOG,FLOWERS,small,L,3,230,87,60,45.93394695738316,4.3434904178946105,late
9,8,6,GRIDDLE,KITCHEN-RELATED,small,G,7,24,40,198,76.82276814940484,31.151982083631893,late
9,8,7,PICKLE,VEGETABLES,small,P,6,156,231,33,5.7264418401320585,9.837356222441276,late
9,8,8,FOUNDATION,BUILDING RELATED,large,F,10,158,210,124,66.51630796878135,3.569878438483991,late
9,8,9,AZALEA,FLOWERS,small,A,6,183,160,185,73.62963364838843,2.425143898036164,late
9,8,10,BROCCOLI,VEGETABLES,small,B,8,186,247,10,8.021018168813237,61.79585307876156,late
9,8,11,BUTTERCUP,FLOWERS,small,B,9,10,196,205,79.88705238869079,56.75242517274269,late
9,8,12,CAULIFLOWER,VEGETABLES,small,C,11,81,130,34,54.04762647197812,0.07621728199937361,late
9,8,13,ONION,VEGETABLES,small,O,5,216,167,111,11.667294399791356,47.23807772125391,late
9,8,14,STRAINER,KITCHEN-RELATED,small,S,8,139,232,30,68.95645186618702,8.879004451367647,late
9,8,15,SAUCER,KITCHEN-RELATED,small,S,6,197,233,208,15.127751100908263,28.931612836408235,late
9,8,16,ELEVATOR,BUILDING RELATED,large,E,8,241,177,41,60.726692010755144,3.039004357542999,late
9,9,1,CHISEL,TOOLS,small,C,6,94,174,142,41.43331905837265,22.365024316387306,late
9,9,2,CLARINET,INSTRUMENTS,small,C,8,32,44,59,8.147395514999255,5.437754680003549,late
9,9,3,FRANCE,COUNTRIES,large,F,6,183,219,173,2.5750925016215764,8.098703197778226,late
9,9,4,SWITZERLAND,COUNTRIES,large,S,11,225,47,249,38.093318030659766,62.949092243624435,late
9,9,5,PROTRACTOR,TOOLS,small,P,10,137,8,202,78.2492099113758,50.048280275220556,late
9,9,6,PIANO,INSTRUMENTS,large,P,5,209,160,113,63.92975563715372,18.846525270585442,late
9,9,7,BOLTS,TOOLS,small,B,5,71,130,144,7.8231283002218355,62.6970481868437,late
9,9,8,SAW,TOOLS,small,S,3,191,74,17,26.54037812322319,66.94407837210629,late
9,9,9,KAZOO,INSTRUMENTS,small,K,5,153,175,209,55.709645514999856,30.941172809073457,late
9,9,10,FERRET,MAMMALS,small,F,6,235,43,12,68.11769473732065,20.319293925513268,late
9,9,11,CAT,MAMMALS,large,C,3,254,223,73,14.38172778295713,16.462624759834615,late
9,9,12,JAPAN,COUNTRIES,large,J,5,71,142,62,64.33032115598209,59.444771789309826,late
9,9,13,SQUIRREL,MAMMALS,small,S,8,149,110,166,10.989625878483157,72.81133322440456,late
9,9,14,DRUM,INSTRUMENTS,large,D,4,129,134,239,33.461831118410075,31.407497968902604,late
9,9,15,ENGLAND,COUNTRIES,large,E,7,209,66,104,78.1644738384961,78.52946477742829,late
9,9,16,LEOPARD,MAMMALS,large,L,7,159,215,108,61.03546137497791,25.089404974877983,late
9,10,1,TOKYO,CITIES,large,T,5,216,154,130,70.65578871409775,27.153853319620623,late
9,10,2,WASHER,TOOLS,small,W,6,238,162,244,57.947087911911424,34.33628901469406,late
9,10,3,BANANA,FRUITS,small,B,6,207,247,122,8.803354123923548,11.049635799338336,late
9,10,4,VERMONT,STATES,large,V,7,214,241,117,31.85787628481332,75.28868408891306,late
9,10,5,JERUSALEM,CITIES,large,J,9,65,254,104,51.12051462291898,14.311563988757474,late
9,10,6,VANCOUVER,CITIES,large,V,9,69,122,142,4.238613252221247,56.02817212471765,late
9,10,7,WISCONSIN,STATES,large,W,9,81,92,42,73.50637286079089,53.191178208905555,late
9,10,8,NUTS,TOOLS,small,N,4,141,199,235,6.577966263142825,25.480618984224243,late
9,10,9,CALIFORNIA,STATES,large,C,10,153,92,177,68.88305481019277,4.5391292232711455,late
9,10,10,MANGO,FRUITS,small,M,5,86,52,93,34.39623104989595,39.51537217391136,late
9,10,11,GLUE,TOOLS,small,G,4,154,66,13,63.76757250950532,1.8364656720971162,late
9,10,12,HAWAII,STATES,large,H,6,181,227,32,7.675107195070358,3.4480480910952007,late
9,10,13,KUMQUAT,FRUITS,small,K,7,189,245,138,32.698506720003266,72.32112374746298,late
9,10,14,PHILADELPHIA,CITIES,large,P,12,178,238,230,7.982578139446222,8.763893935018999,late
9,10,15,RULER,TOOLS,small,R,5,95,84,30,15.056183939272525,1.2054080906308018,late
9,10,16,NECTARINE,FRUITS,small,N,9,164,173,156,70.8302418484604,21.991423500706688,late
9,11,1,MUG,KITCHEN-RELATED,small,M,3,129,7,225,75.15843406948267,0.8585291316364716,late
9,11,2,OVEN,KITCHEN-RELATED,large,O,4,69,4,143,59.77311212995506,11.624361308436525,late
9,11,3,PARIS,CITIES,large,P,5,70,4,183,82.3440677171533,67.02988416011013,late
9,11,4,PELVIS,BODY PARTS,large,P,6,1,121,86,26.1196338700355,30.281061687466163,late
9,11,5,ARMS,BODY PARTS,large,A,4,172,252,224,51.21769793020935,53.28838822931627,late
9,11,6,STOMACH,BODY PARTS,small,S,7,191,51,197,22.49989347906289,0.1484521339995848,late
9,11,7,HIP,BODY PARTS,small,H,3,29,125,64,51.39966728225235,72.4901922320841,late
9,11,8,DALLAS,CITIES,large,D,6,10,54,149,71.0980568580719,7.097003921637363,late
9,11,9,TRUMPET,INSTRUMENTS,large,T,7,33,178,155,67.4643159940917,78.54199927208869,late
9,11,10,BROILER,KITCHEN-RELATED,large,B,7,139,154,137,74.44653025971189,43.64435298240813,late
9,11,11,THERMOMETER,KITCHEN-RELATED,small,T,11,195,179,55,28.038587582733342,38.412832230377454,late
9,11,12,ROME,CITIES,large,R,4,234,190,243,30.86963402553635,71.96514028526855,late
9,11,13,MONTREAL,CITIES,large,M,8,71,74,13,55.48720067904013,75.18402113746089,late
9,11,14,TAMBOURINE,INSTRUMENTS,small,T,10,95,222,122,59.24306047063957,3.446871107206866,late
9,11,15,PICCOLO,INSTRUMENTS,small,P,7,20,184,19,35.360386788606114,12.175075804099718,late
9,11,16,TUBA,INSTRUMENTS,large,T,4,62,103,172,10.614564110452298,17.411874979758643,late
9,12,1,ROBE,CLOTHING,small,R,4,54,138,179,56.770912062889266,86.89445507659694,late
9,12,2,BELT,CLOTHING,small,B,4,116,143,124,67.46031516251986,47.96733020248576,late
9,12,3,HARMONICA,INSTRUMENTS,small,H,9,156,70,234,2.098697726208819,59.20895214062705,late
9,12,4,COTTONWOOD,TREES,large,C,10,156,70,42,17.336342243871538,66.4177118637357,late
9,12,5,MIXER,KITCHEN-RELATED,large,M,5,179,98,149,57.54845557120459,51.7762322844376,late
9,12,6,BANJO,INSTRUMENTS,large,B,5,82,131,167,24.203627218509805,84.62237587060015,late
9,12,7,SHIRT,CLOTHING,small,S,5,88,102,28,72.02689782980681,7.3574922729253265,late
9,12,8,MARIMBA,INSTRUMENTS,large,M,7,47,114,37,31.563571191500362,30.520667076026474,late
9,12,9,COLANDER,KITCHEN-RELATED,small,C,8,192,171,199,67.12911683525452,61.99441281575488,late
9,12,10,CUP,KITCHEN-RELATED,small,C,3,96,123,10,4.317691586775218,75.1840421635305,late
9,12,11,BLENDER,KITCHEN-RELATED,large,B,7,151,247,100,21.329949665392768,78.02573495036863,late
9,12,12,JUMPER,CLOTHING,small,J,6,116,216,36,80.75124747465277,11.56196479733693,late
9,12,13,OAK,TREES,large,O,3,177,33,150,0.11489690841782862,76.81117298747616,late
9,12,14,SPRUCE,TREES,large,S,6,183,128,97,39.66600063014131,54.410979789268055,late
9,12,15,EVERGREEN,TREES,large,E,9,22,56,103,24.427040993583365,64.41303561736413,late
9,12,16,UKULELE,INSTRUMENTS,small,U,7,180,115,69,23.094384065306556,56.989757800248555,late
9,13,1,SAXOPHONE,INSTRUMENTS,large,S,9,55,180,243,78.74793978247234,60.373720496455604,late
9,13,2,SCREWS,TOOLS,small,S,6,29,52,201,59.87156292516195,0.7317067501944132,late
9,13,3,PINE,TREES,large,P,4,121,43,84,9.079799779743814,1.8365637085341078,late
9,13,4,WEDGE,TOOLS,small,W,5,99,115,114,44.36445301038141,21.876524780264248,late
9,13,5,FIG,FRUITS,small,F,3,238,98,240,57.84107495298533,61.811096407817104,late
9,13,6,MAPLE,TREES,large,M,5,86,3,46,15.658056121948402,25.66511832855055,late
9,13,7,PLUM,FRUITS,small,P,4,116,44,173,64.41444752129355,15.374149012836124,late
9,13,8,ELM,TREES,large,E,3,46,6,77,22.917139515791078,45.045651066352086,late
9,13,9,HAMMER,TOOLS,small,H,6,39,54,224,81.58858432919894,7.3004182053570705,late
9,13,10,HONEYDEW,FRUITS,small,H,8,68,90,95,41.729927450014316,47.218562423635426,late
9,13,11,RASPBERRY,FRUITS,small,R,9,58,112,191,74.65975529999068,0.5515868133552151,late
9,13,12,WIRE,TOOLS,small,W,4,237,9,193,27.394861374052443,25.62072796654237,late
9,13,13,TRIANGLE,INSTRUMENTS,small,T,8,223,73,44,27.77783845395748,53.877488559312646,late
9,13,14,VIOLIN,INSTRUMENTS,large,V,6,64,58,133,68.09886097525353,44.77941458807945,late
9,13,15,HICKORY,TREES,large,H,7,9,147,136,5.766982728073534,1.1957233059844614,late
9,13,16,CELLO,INSTRUMENTS,large,C,5,58,54,244,27.084297457489946,5.652300724359649,late
9,14,1,DONKEY,MAMMALS,large,D,6,203,167,11,76.7989153338376,80.97827634168068,late
9,14,2,PETUNIA,FLOWERS,small,P,7,78,157,121,35.20482506633925,74.99302528936543,late
9,14,3,HEART,BODY PARTS,small,H,5,108,177,33,49.76170300302993,61.770372518949976,late
9,14,4,HIPPOPOTAMUS,MAMMALS,large,H,12,160,36,229,44.577101561115036,61.05786558629835,late
9,14,5,EAR,BODY PARTS,small,E,3,129,181,16,25.20438759205946,14.844056809215395,late
9,14,6,TULIP,FLOWERS,small,T,5,11,222,34,30.581017477695582,57.03613046375468,late
9,14,7,GAZEBO,BUILDING RELATED,large,G,6,35,54,92,4.609842332361236,52.94745820172247,late
9,14,8,TIGER,MAMMALS,large,T,5,189,103,151,25.285045767346602,29.187809780750506,late
9,14,9,KITCHEN,BUILDING RELATED,large,K,7,15,99,144,14.295346952106522,55.59199420176761,late
9,14,10,FACE,BODY PARTS,small,F,4,13,216,88,22.043465254698035,34.792793541625336,late
9,14,11,BARN,BUILDING RELATED,large,B,4,79,146,120,15.702631670889,62.12205599359529,late
9,14,12,DOG,MAMMALS,large,D,3,210,140,125,0.09472052133306375,43.44057356490135,late
9,14,13,ROSE,FLOWERS,small,R,4,145,97,59,77.38088872065663,53.23990780258345,late
9,14,14,KNUCKLE,BODY PARTS,small,K,7,105,78,236,32.793566278049205,39.72517389593333,late
9,14,15,ALCOVE,BUILDING RELATED,large,A,6,133,94,90,66.78821677277111,44.147676562072846,late
9,14,16,CARNATION,FLOWERS,small,C,9,192,253,181,16.263615472221982,70.21120708565277,late
9,15,1,POMEGRANATE,FRUITS,small,P,11,57,177,28,60.82603787660021,52.437445647131554,late
9,15,2,LEMON,FRUITS,small,L,5,224,238,24,79.45943756168714,44.10480711788653,late
9,15,3,IOWA,STATES,large,I,4,200,230,45,24.238850243352125,24.094315717216162,late
9,15,4,TOOTH,BODY PARTS,small,T,5,82,231,177,37.61123507756424,60.34398465506107,late
9,15,5,RIB,BODY PARTS,small,R,3,216,12,99,5.1438901760991405,88.0403154072629,late
9,15,6,PEAR,FRUITS,small,P,4,131,198,222,81.42118601794174,47.49571099405419,late
9,15,7,RACOON,MAMMALS,large,R,6,132,34,19,27.01324257944247,54.24955627159405,late
9,15,8,CLEMENTINE,FRUITS,small,C,10,29,168,214,74.88622549148128,68.16112742313167,late
9,15,9,TONGUE,BODY PARTS,small,T,6,79,30,30,74.55510170008044,19.292903823743437,late
9,15,10,MICHIGAN,STATES,large,M,8,11,112,156,24.50742976950326,8.87739120276919,late
9,15,11,MONKEY,MAMMALS,large,M,6,156,152,123,41.87487592199903,41.77114451926106,late
9,15,12,PANCREAS,BODY PARTS,small,P,8,215,103,172,34.220566542617284,57.99967468748994,late
9,15,13,KANSAS,STATES,large,K,6,209,150,84,64.14263046644847,15.247840739675144,late
9,15,14,MOOSE,MAMMALS,large,M,5,203,103,146,35.117158040551494,48.95950914997181,late
9,15,15,ANTELOPE,MAMMALS,large,A,8,251,137,214,36.756377762254274,36.94015736393552,late
9,15,16,FLORIDA,STATES,large,F,7,165,177,222,42.79738899612384,24.415635481875984,late
10,0,1,THERMOMETER,KITCHEN-RELATED,small,T,11,219,156,58,37.92523932211029,65.51845214326502,early
10,0,2,MUG,KITCHEN-RELATED,small,M,3,50,40,194,76.27214596210491,2.2637982274107147,early
10,0,3,BROILER,KITCHEN-RELATED,large,B,7,161,82,162,50.3408007463747,68.76244865572751,early
10,0,4,OVEN,KITCHEN-RELATED,large,O,4,58,96,56,70.84506255461292,21.269196441827667,early
10,0,5,HIP,BODY PARTS,small,H,3,160,204,193,32.14189032119832,42.532330208800424,early
10,0,6,ARMS,BODY PARTS,large,A,4,196,196,156,68.06633599436331,43.567230945253186,early
10,0,7,STOMACH,BODY PARTS,small,S,7,239,157,198,70.09276137037227,0.20313399333376414,early
10,0,8,PELVIS,BODY PARTS,large,P,6,182,246,160,48.68241546435713,64.2485995615699,early
10,0,9,ROME,CITIES,large,R,4,196,112,25,24.105845169499474,77.34789539042657,early
10,0,10,MONTREAL,CITIES,large,M,8,35,136,127,38.60377742773586,4.220016656409275,early
10,0,11,PARIS,CITIES,large,P,5,221,73,242,3.4262250910938787,12.883939371693414,early
10,0,12,DALLAS,CITIES,large,D,6,54,72,151,19.400933769423194,27.520070727187864,early
10,0,13,PICCOLO,INSTRUMENTS,small,P,7,11,172,53,23.658402879085074,30.995557403633207,early
10,0,14,TRUMPET,INSTRUMENTS,large,T,7,45,31,42,77.08250143264273,13.3849316072616,early
10,0,15,TAMBOURINE,INSTRUMENTS,small,T,10,188,90,151,59.04970626879647,52.640642861337064,early
10,0,16,TUBA,INSTRUMENTS,large,T,4,225,249,107,47.51496628225896,46.79434174370862,early
10,1,1,UNDERWEAR,CLOTHING,small,U,9,87,97,190,81.81204191212615,4.598930558860536,early
10,1,2,PANTS,CLOTHING,small,P,5,96,26,115,11.261744978549395,77.4635647641467,early
10,1,3,GIRDLE,CLOTHING,small,G,6,86,28,26,14.486147447280143,73.50191900706828,early
10,1,4,DRESS,CLOTHING,small,D,5,234,124,113,10.654718045824248,29.885888562950555,early
10,1,5,KNIFE,KITCHEN-RELATED,small,K,5,217,231,159,32.02533524432101,58.37790681689487,early
10,1,6,FORK,KITCHEN-RELATED,small,F,4,184,166,149,22.272506801798126,58.12251483056257,early
10,1,7,TOASTER,KITCHEN-RELATED,large,T,7,46,245,73,31.411770002042232,35.3031761109909,early
10,1,8,SKILLET,KITCHEN-RELATED,large,S,7,133,254,143,54.35033994726312,22.20346744279806,early
10,1,9,SUNFLOWER,FLOWERS,small,S,9,236,32,228,77.18896621929652,33.38754875895401,early
10,1,10,LILY,FLOWERS,small,L,4,209,234,7,37.05920759377486,26.04079231353814,early
10,1,11,DAISY,FLOWERS,small,D,5,215,180,3,49.64025983260997,82.90386547231965,early
10,1,12,NARCISSUS,FLOWERS,small,N,9,242,156,154,76.57962417437884,50.96674898027371,early
10,1,13,MONTANA,STATES,large,M,7,198,8,13,68.25847491247734,25.145002578456563,early
10,1,14,ARIZONA,STATES,large,A,7,67,59,203,14.10058818693915,29.324178454028342,early
10,1,15,MAINE,STATES,large,M,5,189,44,86,43.80272454557215,45.3108064472387,early
10,1,16,UTAH,STATES,large,U,4,222,224,33,79.3927291800245,69.40894475366187,early
10,2,1,GERMANY,COUNTRIES,large,G,7,221,43,184,55.38976938221798,33.54951299680115,early
10,2,2,CUBA,COUNTRIES,large,C,4,68,32,96,55.05265543631922,51.47366367699803,early
10,2,3,IRAN,COUNTRIES,large,I,4,98,246,227,24.69515803634235,83.80557757908355,early
10,2,4,EGYPT,COUNTRIES,large,E,5,195,83,170,79.91798286142536,18.67579814651224,early
10,2,5,JACKET,CLOTHING,small,J,6,151,24,187,82.42621253265034,80.03962432564713,early
10,2,6,SUIT,CLOTHING,small,S,4,165,130,80,48.44870832161953,73.39279668284063,early
10,2,7,BLOUSE,CLOTHING,small,B,6,91,237,157,26.996899450397297,66.65093199185823,early
10,2,8,CAMISOLE,CLOTHING,small,C,8,242,73,73,15.97999789810689,27.461050717611442,early
10,2,9,ARTICHOKE,VEGETABLES,small,A,9,89,236,77,60.45831669812492,35.7029490131587,early
10,2,10,POTATO,VEGETABLES,small,P,6,113,161,92,51.02309859325059,56.92469638169976,early
10,2,11,SPINACH,VEGETABLES,small,S,7,190,186,19,74.45376858175696,27.45608477853634,early
10,2,12,GARLIC,VEGETABLES,small,G,6,5,9,94,70.79574913800684,40.968232818720004,early
10,2,13,LOBBY,BUILDING RELATED,large,L,5,120,35,101,65.89294815159464,39.36641467599979,early
10,2,14,CLOSET,BUILDING RELATED,large,C,6,203,22,85,62.512028778612724,30.621933823475114,early
10,2,15,CHIMNEY,BUILDING RELATED,large,C,7,110,10,10,65.29181179546474,26.22734688752887,early
10,2,16,FURNACE,BUILDING RELATED,large,F,7,106,188,239,82.02895858456498,39.4818751315162,early
10,3,1,FOOT,BODY PARTS,small,F,4,140,254,195,84.22745730753049,60.63134535274169,early
10,3,2,SHOULDER,BODY PARTS,small,S,8,118,238,223,53.64458822248404,51.48253644454129,early
10,3,3,KIDNEY,BODY PARTS,small,K,6,42,226,81,53.62200958912632,61.48846397974363,early
10,3,4,ELBOW,BODY PARTS,small,E,5,157,224,21,12.073433815750006,46.76751307593254,early
10,3,5,WOLF,MAMMALS,large,W,4,205,48,62,18.63645503157038,30.54750035119151,early
10,3,6,SHEEP,MAMMALS,large,S,5,212,76,189,15.58382224068371,33.01948492495949,early
10,3,7,PANTHER,MAMMALS,large,P,7,193,138,70,38.08481535897743,77.46071660938551,early
10,3,8,GOAT,MAMMALS,large,G,4,85,152,38,84.86840995426118,57.27067824075793,early
10,3,9,AUBERGINE,VEGETABLES,small,A,9,246,204,33,58.07457642341134,40.72649368895399,early
10,3,10,ZUCCHINI,VEGETABLES,small,Z,8,133,92,208,71.05759791152012,9.631026847682033,early
10,3,11,OLIVE,VEGETABLES,small,O,5,83,130,98,32.67773146277888,73.18063909246048,early
10,3,12,SQUASH,VEGETABLES,small,S,6,192,168,63,75.42702093308183,63.3966273970085,early
10,3,13,STOCKHOLM,CITIES,large,S,9,47,244,106,9.613307778932588,19.999694522681203,early
10,3,14,MIAMI,CITIES,large,M,5,216,99,198,60.294428464676194,18.683761202336363,early
10,3,15,BOMBAY,CITIES,large,B,6,243,237,173,73.92088393124627,45.25964941663431,early
10,3,16,TORONTO,CITIES,large,T,7,171,236,167,40.87323828548843,56.222337527578304,early
10,4,1,VIOLA,INSTRUMENTS,large,V,5,172,214,201,53.962336116037505,8.640725185389776,early
10,4,2,MARACAS,INSTRUMENTS,small,M,7,32,174,169,51.42111922843339,72.18905243284303,early
10,4,3,TROMBONE,INSTRUMENTS,large,T,8,16,125,101,29.466216200558677,34.079755004016945,early
10,4,4,BASS,INSTRUMENTS,large,B,4,83,210,62,21.779030547249818,36.47556653679995,early
10,4,5,PIG,MAMMALS,large,P,3,30,179,170,79.14331571546762,64.40444314489925,early
10,4,6,ELEPHANT,MAMMALS,large,E,8,0,247,44,50.15719690413157,63.942704080162144,early
10,4,7,ZEBRA,MAMMALS,large,Z,5,242,218,205,48.88798280626655,5.174169486729541,early
10,4,8,LION,MAMMALS,large,L,4,95,130,29,71.1698856408049,36.018324989987406,early
10,4,9,YAMS,VEGETABLES,small,Y,4,134,194,112,9.614638206594298,68.75908586212546,early
10,4,10,LETTUCE,VEGETABLES,small,L,7,125,64,20,25.435353499147293,26.713981256725532,early
10,4,11,CELERY,VEGETABLES,small,C,6,31,128,130,2.9282145101812764,41.87481144177583,early
10,4,12,CARROT,VEGETABLES,small,C,6,163,14,240,15.512765661113376,9.869157386148334,early
10,4,13,POLAND,COUNTRIES,large,P,6,238,27,75,66.93182073184141,33.13784180744599,early
10,4,14,ETHIOPIA,COUNTRIES,large,E,8,113,207,7,38.41945389012779,21.948771431771686,early
10,4,15,ITALY,COUNTRIES,large,I,5,242,154,251,40.3154610090979,39.867154224517,early
10,4,16,AUSTRALIA,COUNTRIES,large,A,9,61,189,218,64.56604812942044,71.57340276301743,early
10,5,1,WEDGE,TOOLS,small,W,5,67,21,134,53.48615449446038,63.02304899056145,early
10,5,2,WIRE,TOOLS,small,W,4,85,14,178,0.0550154313491924,34.329787270689984,early
10,5,3,SCREWS,TOOLS,small,S,6,27,222,87,28.115824694418002,73.1162798347047,early
10,5,4,HAMMER,TOOLS,small,H,6,55,173,220,70.47609498277282,2.3730988305191723,early
10,5,5,FIG,FRUITS,small,F,3,220,176,31,17.42703279742991,44.3796435604129,early
10,5,6,PLUM,FRUITS,small,P,4,135,32,136,20.63616280976677,51.16396586919204,early
10,5,7,HONEYDEW,FRUITS,small,H,8,238,58,13,32.57917892563605,5.042389759006364,early
10,5,8,RASPBERRY,FRUITS,small,R,9,27,8,122,56.68895310254457,44.91937021908591,early
10,5,9,TRIANGLE,INSTRUMENTS,small,T,8,188,93,249,43.041637002674165,34.257503571718615,early
10,5,10,CELLO,INSTRUMENTS,large,C,5,143,219,103,70.986632786164,64.9475840397503,early
10,5,11,SAXOPHONE,INSTRUMENTS,large,S,9,197,132,29,58.92571172998576,28.946658544541222,early
10,5,12,VIOLIN,INSTRUMENTS,large,V,6,29,21,100,79.04321890616583,76.22571230730374,early
10,5,13,ELM,TREES,large,E,3,187,19,64,23.862050609041578,44.07728099878346,early
10,5,14,HICKORY,TREES,large,H,7,95,235,201,16.064260618873863,54.69712802027425,early
10,5,15,PINE,TREES,large,P,4,98,199,26,66.90149091939071,40.96674384139532,early
10,5,16,MAPLE,TREES,large,M,5,251,209,174,52.8642628915892,23.064140360150027,early
10,6,1,LIP,BODY PARTS,small,L,3,101,67,60,6.48897586486394,8.21419900089833,early
10,6,2,ANKLE,BODY PARTS,small,A,5,240,122,169,0.8603134697886827,74.10366978923548,early
10,6,3,FINGER,BODY PARTS,small,F,6,70,223,221,6.212882084446155,8.724071019616702,early
10,6,4,HAND,BODY PARTS,small,H,4,188,97,140,77.35752425969773,74.70047632443499,early
10,6,5,POPLAR,TREES,large,P,6,128,245,71,12.998327629922626,57.34328928717394,early
10,6,6,WILLOW,TREES,large,W,6,236,199,74,44.65521601883044,69.12543110240995,early
10,6,7,EUCALYPTUS,TREES,large,E,10,208,4,171,77.56377529925858,18.481978539519123,early
10,6,8,ASH,TREES,large,A,3,187,223,140,30.726763183386144,33.238498193943705,early
10,6,9,SCORPION,INSECTS,small,S,8,207,175,127,53.48309035773289,38.06794658344042,early
10,6,10,WORM,INSECTS,small,W,4,251,178,105,62.389146179690755,80.63524540327053,early
10,6,11,MONARCH,INSECTS,small,M,7,86,208,180,17.11441823313554,53.17261475486653,early
10,6,12,LARVA,INSECTS,small,L,5,198,254,58,38.016507590632344,21.685858804375485,early
10,6,13,BONGOS,INSTRUMENTS,large,B,6,209,222,38,14.936019437458011,32.03041794309278,early
10,6,14,XYLOPHONE,INSTRUMENTS,large,X,9,167,22,229,58.291221769498414,4.795966820552992,early
10,6,15,ACCORDION,INSTRUMENTS,large,A,9,190,14,223,2.648008868095145,72.04335117240734,early
10,6,16,GUITAR,INSTRUMENTS,large,G,6,188,122,177,28.04480694983433,37.50453288393574,early
10,7,1,KITCHEN,BUILDING RELATED,large,K,7,252,78,169,31.6169371310453,53.87875313783618,early
10,7,2,BARN,BUILDING RELATED,large,B,4,167,72,210,31.870872514515373,70.86003064394754,early
10,7,3,GAZEBO,BUILDING RELATED,large,G,6,68,64,247,64.76174181266131,31.653786870810986,early
10,7,4,ALCOVE,BUILDING RELATED,large,A,6,79,94,67,32.74514705373469,15.008372474418064,early
10,7,5,TULIP,FLOWERS,small,T,5,235,240,93,38.6902104302005,2.1033979933276625,early
10,7,6,CARNATION,FLOWERS,small,C,9,90,69,8,12.494502400815403,33.27987583455282,early
10,7,7,ROSE,FLOWERS,small,R,4,10,16,191,44.451643385030295,64.86300660266326,early
10,7,8,PETUNIA,FLOWERS,small,P,7,168,61,80,25.748121997225432,54.41485511042333,early
10,7,9,FACE,BODY PARTS,small,F,4,55,254,202,31.281778245729022,42.14947006758929,early
10,7,10,KNUCKLE,BODY PARTS,small,K,7,200,198,54,0.8192750558858797,4.443166214385715,early
10,7,11,EAR,BODY PARTS,small,E,3,141,118,195,23.08329132808823,6.800990210403258,early
10,7,12,HEART,BODY PARTS,small,H,5,3,119,24,6.87566271577705,25.362124696471955,early
10,7,13,TIGER,MAMMALS,large,T,5,141,105,105,46.95099399956871,28.959845592021168,early
10,7,14,HIPPOPOTAMUS,MAMMALS,large,H,12,212,153,111,75.00475072020299,1.5132201407575963,early
10,7,15,DOG,MAMMALS,large,D,3,16,137,118,22.159678778644658,76.47548682138616,early
10,7,16,DONKEY,MAMMALS,large,D,6,181,9,162,50.70561682258136,59.07770129090954,early
10,8,1,SYDNEY,CITIES,large,S,6,6,32,41,23.47420442491686,53.40589670684859,late
10,8,2,MOSQUITO,INSECTS,small,M,8,95,242,130,39.43125104044893,27.26273011636829,late
10,8,3,TROUSERS,CLOTHING,small,T,8,111,76,148,22.216538833304107,42.67870403722821,late
10,8,4,MANTIS,INSECTS,small,M,6,136,80,189,76.48282738631352,21.559941901465024,late
10,8,5,BERLIN,CITIES,large,B,6,41,205,180,67.53144814577105,30.25811842806466,late
10,8,6,CHICAGO,CITIES,large,C,7,74,213,223,5.521233948757237,60.35638941634711,late
10,8,7,CEDAR,TREES,large,C,5,39,127,11,68.34091976616328,15.42494810160655,late
10,8,8,SWEATER,CLOTHING,small,S,7,204,36,117,82.83287564695544,59.296186198092876,late
10,8,9,MILLIPEDE,INSECTS,small,M,9,119,125,175,49.69206140890308,19.069176517280315,late
10,8,10,RENO,CITIES,large,R,4,55,109,110,79.97373386292372,70.5358252423626,late
10,8,11,BRA,CLOTHING,small,B,3,53,19,24,27.747537321447535,81.7935152757732,late
10,8,12,HORNET,INSECTS,small,H,6,90,128,26,36.845791879888374,36.018912453918276,late
10,8,13,TEAK,TREES,large,T,4,91,137,244,24.264476212375126,47.99385059346297,late
10,8,14,SYCAMORE,TREES,large,S,8,140,183,25,79.66846510952011,0.24791038996955805,late
10,8,15,GLOVES,CLOTHING,small,G,6,225,27,179,64.5490153951058,30.582687207620573,late
10,8,16,PALM,TREES,large,P,4,110,2,98,21.785343031972168,65.46740196248581,late
10,9,1,COW,MAMMALS,large,C,3,53,73,234,27.86802761994207,68.54369374212956,late
10,9,2,POT,KITCHEN-RELATED,large,P,3,105,241,219,43.162750128725094,41.65995558802151,late
10,9,3,REFRIGERATOR,KITCHEN-RELATED,large,R,12,225,22,31,51.66995392880767,61.64694713678402,late
10,9,4,SPATULA,KITCHEN-RELATED,small,S,7,246,210,43,43.73607535085797,75.18140384948235,late
10,9,5,CORRIDOR,BUILDING RELATED,large,C,8,115,144,33,35.78433888624518,61.93844539543869,late
10,9,6,KIWI,FRUITS,small,K,4,171,140,188,30.22967982916565,10.870405590340777,late
10,9,7,HALL,BUILDING RELATED,large,H,4,27,89,137,54.82260581951242,3.305924868201842,late
10,9,8,STRAWBERRY,FRUITS,small,S,10,143,3,186,61.72283394593229,43.44725509939357,late
10,9,9,TANGELO,FRUITS,small,T,7,51,24,160,57.55338503393965,43.063218212318866,late
10,9,10,GIRAFFE,MAMMALS,large,G,7,233,209,144,62.71167470764697,21.42647611922165,late
10,9,11,WINDOW,BUILDING RELATED,large,W,6,222,63,187,13.546357019462798,43.80270000588326,late
10,9,12,GUAVA,FRUITS,small,G,5,81,236,240,35.90276852058116,43.74453900745798,late
10,9,13,GLASS,KITCHEN-RELATED,small,G,5,46,9,114,10.005046949929424,38.8841092598472,late
10,9,14,MOUSE,MAMMALS,small,M,5,71,9,18,15.085135795394226,42.69877745921872,late
10,9,15,DOOR,BUILDING RELATED,large,D,4,142,243,116,17.859565641253823,63.56732696095861,late
10,9,16,HORSE,MAMMALS,large,H,5,58,170,35,26.116281007352384,18.77875573131162,late
10,10,1,KUMQUAT,FRUITS,small,K,7,156,205,180,78.69727733383422,57.265381084104405,late
10,10,2,MANGO,FRUITS,small,M,5,55,114,217,55.97239069846441,79.44900414385218,late
10,10,3,JERUSALEM,CITIES,large,J,9,221,216,3,48.1784281756965,9.699638311627535,late
10,10,4,HAWAII,STATES,large,H,6,163,110,71,37.893695975539686,26.569091285604035,late
10,10,5,TOKYO,CITIES,large,T,5,90,36,117,70.54140644249696,76.31441998894329,late
10,10,6,VANCOUVER,CITIES,large,V,9,7,60,212,59.26869813338615,25.96444955426932,late
10,10,7,NUTS,TOOLS,small,N,4,238,37,10,0.8044414934563826,38.98398315423095,late
10,10,8,WASHER,TOOLS,small,W,6,90,180,153,52.6014611835164,78.11220665695288,late
10,10,9,GLUE,TOOLS,small,G,4,111,128,224,84.21782494506512,15.651033363357971,late
10,10,10,NECTARINE,FRUITS,small,N,9,58,50,168,4.924774828361004,10.750133451943173,late
10,10,11,VERMONT,STATES,large,V,7,101,231,126,16.2454589873933,18.2027102176725,late
10,10,12,RULER,TOOLS,small,R,5,62,62,208,24.772881084618344,81.83111820471719,late
10,10,13,CALIFORNIA,STATES,large,C,10,200,21,42,33.67750791270606,8.97514230731084,late
10,10,14,PHILADELPHIA,CITIES,large,P,12,189,76,152,12.317011456082657,43.35761908196778,late
10,10,15,WISCONSIN,STATES,large,W,9,214,3,58,19.373773274310977,72.36515185136447,late
10,10,16,BANANA,FRUITS,small,B,6,88,175,178,16.079366162708816,29.883140366979877,late
10,11,1,CAT,MAMMALS,large,C,3,35,154,88,82.22429162831035,69.01400386087566,late
10,11,2,PROTRACTOR,TOOLS,small,P,10,97,187,218,76.22410989135787,68.88684499197343,late
10,11,3,ENGLAND,COUNTRIES,large,E,7,120,207,26,14.572986041115929,56.16558786820998,late
10,11,4,SQUIRREL,MAMMALS,small,S,8,195,124,35,27.42155198813472,31.41510768033163,late
10,11,5,CHISEL,TOOLS,small,C,6,195,127,251,25.778317072773895,69.87449383983692,late
10,11,6,CLARINET,INSTRUMENTS,small,C,8,43,162,172,13.624815246799162,36.90411644372521,late
10,11,7,SAW,TOOLS,small,S,3,150,162,144,39.25311845217159,73.00310155560616,late
10,11,8,FRANCE,COUNTRIES,large,F,6,105,34,96,62.7908913371377,44.762109601790904,late
10,11,9,BOLTS,TOOLS,small,B,5,182,212,119,19.269386894785743,10.627017968515359,late
10,11,10,PIANO,INSTRUMENTS,large,P,5,28,203,183,76.61502261502608,44.281886176483944,late
10,11,11,SWITZERLAND,COUNTRIES,large,S,11,74,221,130,30.547951051698014,36.80774234581754,late
10,11,12,DRUM,INSTRUMENTS,large,D,4,229,120,91,0.845615350125295,31.75942491702269,late
10,11,13,FERRET,MAMMALS,small,F,6,214,174,142,33.4389634956854,15.325360717212696,late
10,11,14,KAZOO,INSTRUMENTS,small,K,5,240,38,215,82.6215801668774,13.799269860021306,late
10,11,15,LEOPARD,MAMMALS,large,L,7,248,156,2,4.433638559756469,34.381527906716684,late
10,11,16,JAPAN,COUNTRIES,large,J,5,37,48,59,26.38094108798947,77.07576769064873,late
10,12,1,LLAMA,MAMMALS,large,L,5,171,60,69,55.76918934424343,78.33982824428922,late
10,12,2,RHINOCEROS,MAMMALS,large,R,10,96,171,140,13.828240950251317,7.566529465674073,late
10,12,3,OHIO,STATES,large,O,4,141,219,180,2.398143497307533,85.06105975204535,late
10,12,4,RABBIT,MAMMALS,small,R,6,212,158,218,14.784302739216248,5.863641690771541,late
10,12,5,ALASKA,STATES,large,A,6,231,226,254,79.44471625009668,15.942938339732294,late
10,12,6,TERMITE,INSECTS,small,T,7,117,76,156,22.741026482529108,48.99254020678952,late
10,12,7,GINGER,VEGETABLES,small,G,6,188,56,79,80.03160089214032,31.79500093800706,late
10,12,8,CHRYSALIS,INSECTS,small,C,9,119,107,209,11.29259794202275,9.247176848425402,late
10,12,9,FOX,MAMMALS,large,F,3,125,4,112,57.527074545745116,14.314930216051305,late
10,12,10,TEXAS,STATES,large,T,5,142,205,120,6.786408329333455,75.28925960876984,late
10,12,11,RUTABAGA,VEGETABLES,small,R,8,136,11,252,24.110024709150913,8.807544710541979,late
10,12,12,PUMPKIN,VEGETABLES,large,P,7,26,139,239,63.648674349740205,21.283895037773508,late
10,12,13,WASP,INSECTS,small,W,4,8,125,149,33.71143838746852,59.600049103702986,late
10,12,14,PENNSYLVANIA,STATES,large,P,12,187,88,36,23.118532781248927,5.346957988756515,late
10,12,15,BEETLE,INSECTS,small,B,6,191,154,210,37.67589631182409,2.143852249545216,late
10,12,16,OKRA,VEGETABLES,small,O,4,80,122,133,22.227470752192104,39.30663050935654,late
10,13,1,DAHLIA,FLOWERS,small,D,6,111,68,179,57.67418114092578,8.977177550306617,late
10,13,2,FLOOR,BUILDING RELATED,large,F,5,63,222,70,42.981674824509184,28.670980980336665,late
10,13,3,CARPET,BUILDING RELATED,large,C,6,113,185,129,68.60819720585843,37.4188160493907,late
10,13,4,DISH,KITCHEN-RELATED,small,D,4,216,174,237,21.255376052627135,81.18099017905128,late
10,13,5,GRIDDLE,KITCHEN-RELATED,small,G,7,137,183,142,83.93841057935936,42.911110942249636,late
10,13,6,BROCCOLI,VEGETABLES,small,B,8,155,176,59,56.212886823913045,33.2608249351233,late
10,13,7,AZALEA,FLOWERS,small,A,6,212,32,224,41.39192791275698,1.8660567155743224,late
10,13,8,ONION,VEGETABLES,small,O,5,102,66,197,83.42672998772888,36.99849001601353,late
10,13,9,STRAINER,KITCHEN-RELATED,small,S,8,96,243,229,5.156329051778177,27.259911839723216,late
10,13,10,LOG,FLOWERS,small,L,3,33,58,12,66.69463536732827,29.98073183929178,late
10,13,11,PICKLE,VEGETABLES,small,P,6,251,232,175,23.373323875977114,70.02036462210334,late
10,13,12,ELEVATOR,BUILDING RELATED,large,E,8,196,165,248,15.374214115087133,44.03368536441673,late
10,13,13,FOUNDATION,BUILDING RELATED,large,F,10,187,111,51,36.68252328931314,13.385951851609905,late
10,13,14,SAUCER,KITCHEN-RELATED,small,S,6,24,51,237,2.3513359539754006,15.213757918955434,late
10,13,15,BUTTERCUP,FLOWERS,small,B,9,138,54,134,53.44324956321199,15.307564361546033,late
10,13,16,CAULIFLOWER,VEGETABLES,small,C,11,162,161,220,63.526403269319715,53.92947908979118,late
10,14,1,CUP,KITCHEN-RELATED,small,C,3,121,84,97,54.783513777256836,24.82590352581081,late
10,14,2,ROBE,CLOTHING,small,R,4,66,241,115,46.053997544375626,17.77407082394425,late
10,14,3,SHIRT,CLOTHING,small,S,5,210,85,58,78.08280818517908,56.083476436477746,late
10,14,4,BELT,CLOTHING,small,B,4,44,180,126,46.8766220042855,50.373095448297235,late
10,14,5,MIXER,KITCHEN-RELATED,large,M,5,186,145,105,37.85298483871252,13.738640755133982,late
10,14,6,SPRUCE,TREES,large,S,6,85,132,82,39.227746296443584,66.48711462604842,late
10,14,7,HARMONICA,INSTRUMENTS,small,H,9,136,246,47,11.765296490854245,40.292459440389706,late
10,14,8,OAK,TREES,large,O,3,2,121,201,51.92546275115759,0.7287499984791419,late
10,14,9,COTTONWOOD,TREES,large,C,10,56,120,167,43.2263548663917,59.40859214089576,late
10,14,10,MARIMBA,INSTRUMENTS,large,M,7,167,59,203,23.804186699482138,40.26527603462089,late
10,14,11,UKULELE,INSTRUMENTS,small,U,7,51,73,95,21.09619439240676,3.196942329088167,late
10,14,12,JUMPER,CLOTHING,small,J,6,107,136,185,5.217234626462392,70.902808647291,late
10,14,13,EVERGREEN,TREES,large,E,9,37,234,234,54.85689530064392,21.334679219232093,late
10,14,14,BANJO,INSTRUMENTS,large,B,5,117,173,138,68.20322070839003,15.032417463019158,late
10,14,15,COLANDER,KITCHEN-RELATED,small,C,8,253,184,151,28.35579794134545,10.808440262188487,late
10,14,16,BLENDER,KITCHEN-RELATED,large,B,7,85,163,60,8.347290181332106,34.89464007141939,late
10,15,1,PANCREAS,BODY PARTS,small,P,8,95,178,25,31.5362864161742,24.26557767323181,late
10,15,2,RACOON,MAMMALS,large,R,6,217,172,105,28.12939950145365,73.67537335361992,late
10,15,3,IOWA,STATES,large,I,4,69,130,112,27.074676624201867,24.779908344729925,late
10,15,4,KANSAS,STATES,large,K,6,163,163,44,45.945001929980315,10.020761910232642,late
10,15,5,CLEMENTINE,FRUITS,small,C,10,241,246,232,78.44634381571886,59.560268357098,late
10,15,6,TONGUE,BODY PARTS,small,T,6,144,129,210,74.99595191594534,31.41726101654663,late
10,15,7,TOOTH,BODY PARTS,small,T,5,215,211,101,14.360506165184526,1.5860241158641797,late
10,15,8,LEMON,FRUITS,small,L,5,239,112,62,68.95099625766959,74.54788242130473,late
10,15,9,MONKEY,MAMMALS,large,M,6,197,81,25,61.171928376502315,30.858177996439615,late
10,15,10,MOOSE,MAMMALS,large,M,5,207,139,215,69.15188650946507,59.57973266892356,late
10,15,11,ANTELOPE,MAMMALS,large,A,8,167,40,186,73.98380933465495,19.37089699945433,late
10,15,12,RIB,BODY PARTS,small,R,3,68,16,88,62.096367494552595,58.24295751569869,late
10,15,13,POMEGRANATE,FRUITS,small,P,11,211,111,245,84.55934571463243,36.351738862783,late
10,15,14,FLORIDA,STATES,large,F,7,147,241,108,30.29789423676478,6.021850120295533,late
10,15,15,PEAR,FRUITS,small,P,4,118,234,122,80.32191963119544,23.98154860765523,late
10,15,16,MICHIGAN,STATES,large,M,8,221,24,244,40.98214866202764,36.946872520408014,late
11,0,1,PELVIS,BODY PARTS,large,P,6,13,19,48,7.733818250485728,1.9233614705786146,early
11,0,2,STOMACH,BODY PARTS,small,S,7,171,22,221,76.68401846652482,71.18310413814149,early
11,0,3,ARMS,BODY PARTS,large,A,4,39,57,52,26.843517849852553,2.237269345987686,early
11,0,4,HIP,BODY PARTS,small,H,3,231,126,43,23.49017965607842,67.99615184009707,early
11,0,5,DALLAS,CITIES,large,D,6,167,71,45,18.862403590316383,73.55005061959926,early
11,0,6,ROME,CITIES,large,R,4,63,179,177,27.077715374917723,46.538493547383524,early
11,0,7,MONTREAL,CITIES,large,M,8,4,1,68,41.56386730242899,22.689768946665538,early
11,0,8,PARIS,CITIES,large,P,5,223,204,111,19.423921095385236,18.501536321265217,early
11,0,9,TAMBOURINE,INSTRUMENTS,small,T,10,122,210,30,32.52064891707415,25.03310054512802,early
11,0,10,TRUMPET,INSTRUMENTS,large,T,7,182,243,144,37.48696609647007,49.94043359537426,early
11,0,11,PICCOLO,INSTRUMENTS,small,P,7,54,145,49,57.36984826089846,1.622043600224085,early
11,0,12,TUBA,INSTRUMENTS,large,T,4,111,126,54,71.31346149279806,12.574327889823445,early
11,0,13,THERMOMETER,KITCHEN-RELATED,small,T,11,25,77,243,11.78216803165272,45.97160450605053,early
11,0,14,MUG,KITCHEN-RELATED,small,M,3,98,47,41,54.976136408000336,78.86918082057025,early
11,0,15,BROILER,KITCHEN-RELATED,large,B,7,127,146,12,62.62526380896576,68.52343216708532,early
11,0,16,OVEN,KITCHEN-RELATED,large,O,4,182,28,109,67.61511171751442,74.4159097493338,early
11,1,1,HONEYDEW,FRUITS,small,H,8,23,242,155,23.852465291961057,11.281252865926604,early
11,1,2,FIG,FRUITS,small,F,3,72,31,108,42.47704288347297,22.159078870851676,early
11,1,3,PLUM,FRUITS,small,P,4,200,133,212,50.6779481329852,2.122122002173416,early
11,1,4,RASPBERRY,FRUITS,small,R,9,81,178,212,59.603486853854946,62.12476273547299,early
11,1,5,SCREWS,TOOLS,small,S,6,17,123,188,54.646800851140064,20.214270437291404,early
11,1,6,WIRE,TOOLS,small,W,4,140,106,207,22.742621721172487,8.372995331033657,early
11,1,7,WEDGE,TOOLS,small,W,5,130,70,183,37.040957695685286,15.431220424119445,early
11,1,8,HAMMER,TOOLS,small,H,6,141,42,15,1.4658054040927504,57.3881343011246,early
11,1,9,VIOLIN,INSTRUMENTS,large,V,6,115,251,206,35.539817113883736,54.00695654877222,early
11,1,10,CELLO,INSTRUMENTS,large,C,5,41,141,238,50.37359539511889,55.185142407627154,early
11,1,11,TRIANGLE,INSTRUMENTS,small,T,8,207,9,32,81.79291509870349,18.809857378448246,early
11,1,12,SAXOPHONE,INSTRUMENTS,large,S,9,20,137,227,50.61766861258289,48.86414355667074,early
11,1,13,ELM,TREES,large,E,3,242,6,243,51.31120019115356,60.13653089161749,early
11,1,14,PINE,TREES,large,P,4,209,133,7,36.34024489366731,51.00831802165201,early
11,1,15,MAPLE,TREES,large,M,5,211,76,41,46.52465576645674,23.73151033028269,early
11,1,16,HICKORY,TREES,large,H,7,219,253,48,9.923719213899801,78.10701010548885,early
11,2,1,ELBOW,BODY PARTS,small,E,5,39,88,94,58.748703922650996,27.185448535747444,early
11,2,2,KIDNEY,BODY PARTS,small,K,6,177,96,223,84.82001370866134,12.702890188805346,early
11,2,3,FOOT,BODY PARTS,small,F,4,47,212,249,62.104196941310555,61.756828747137526,early
11,2,4,SHOULDER,BODY PARTS,small,S,8,123,25,51,35.66662183064282,57.02388808030889,early
11,2,5,AUBERGINE,VEGETABLES,small,A,9,93,133,50,43.56032626373022,0.8051633553943456,early
11,2,6,SQUASH,VEGETABLES,small,S,6,11,38,20,28.875228049521134,5.031588562001373,early
11,2,7,ZUCCHINI,VEGETABLES,small,Z,8,116,19,59,61.62353317568084,33.2101338335564,early
11,2,8,OLIVE,VEGETABLES,small,O,5,120,240,108,73.03293848192095,33.66642368133163,early
11,2,9,GOAT,MAMMALS,large,G,4,24,199,109,21.006674328698928,75.02329761652935,early
11,2,10,PANTHER,MAMMALS,large,P,7,139,7,68,79.38978370274718,66.04980499040656,early
11,2,11,WOLF,MAMMALS,large,W,4,6,185,193,77.1128822561168,66.2230593351143,early
11,2,12,SHEEP,MAMMALS,large,S,5,133,192,175,34.81224911975184,65.61351105125406,early
11,2,13,TORONTO,CITIES,large,T,7,195,142,105,77.395531562479,53.533868571433054,early
11,2,14,STOCKHOLM,CITIES,large,S,9,51,208,157,6.166767278546379,15.484939782133024,early
11,2,15,MIAMI,CITIES,large,M,5,10,102,148,27.331857725777457,11.239834999610528,early
11,2,16,BOMBAY,CITIES,large,B,6,178,242,202,82.02698092182153,50.27307189046822,early
11,3,1,GUAVA,FRUITS,small,G,5,19,88,156,17.408051431253263,1.5670556730795782,early
11,3,2,KIWI,FRUITS,small,K,4,166,145,224,83.26226552500655,84.1231441061369,early
11,3,3,TANGELO,FRUITS,small,T,7,108,98,102,75.49306463933249,66.77384264164286,early
11,3,4,STRAWBERRY,FRUITS,small,S,10,252,51,101,2.335418634061784,47.417060485079695,early
11,3,5,REFRIGERATOR,KITCHEN-RELATED,large,R,12,214,149,213,43.70481264965534,12.477984087092423,early
11,3,6,GLASS,KITCHEN-RELATED,small,G,5,74,77,95,18.92216349196174,80.77098352341886,early
11,3,7,SPATULA,KITCHEN-RELATED,small,S,7,251,19,249,10.852071535686505,31.99855868937841,early
11,3,8,POT,KITCHEN-RELATED,large,P,3,65,47,219,42.940530427319935,75.85553276025992,early
11,3,9,MOUSE,MAMMALS,small,M,5,111,91,168,24.6098401362332,44.62748053748308,early
11,3,10,COW,MAMMALS,large,C,3,201,3,191,22.456198248136477,46.32054584315453,early
11,3,11,HORSE,MAMMALS,large,H,5,61,37,74,61.930996236948666,82.39799991321325,early
11,3,12,GIRAFFE,MAMMALS,large,G,7,232,226,60,61.41795784318613,72.66629730562417,early
11,3,13,DOOR,BUILDING RELATED,large,D,4,172,82,71,21.90535371843286,80.78460477562847,early
11,3,14,CORRIDOR,BUILDING RELATED,large,C,8,33,151,54,56.17025207373521,24.768457822065145,early
11,3,15,WINDOW,BUILDING RELATED,large,W,6,120,43,17,44.38195297172964,58.10665089898746,early
11,3,16,HALL,BUILDING RELATED,large,H,4,67,107,123,37.19284496666124,23.88893463986634,early
11,4,1,WISCONSIN,STATES,large,W,9,80,100,220,20.72476383786892,69.9147547559904,early
11,4,2,HAWAII,STATES,large,H,6,242,47,215,51.41483029204757,62.13668344483053,early
11,4,3,CALIFORNIA,STATES,large,C,10,235,210,116,28.430688632230634,27.723546200862813,early
11,4,4,VERMONT,STATES,large,V,7,91,80,30,18.029573238577953,61.167174673985436,early
11,4,5,BANANA,FRUITS,small,B,6,104,60,194,81.31981462381768,14.536145233163545,early
11,4,6,KUMQUAT,FRUITS,small,K,7,102,135,64,29.143279809863966,59.69959537998681,early
11,4,7,MANGO,FRUITS,small,M,5,231,250,144,5.719349733064055,70.80300301897724,early
11,4,8,NECTARINE,FRUITS,small,N,9,191,96,212,12.907669876346969,59.920525782126816,early
11,4,9,NUTS,TOOLS,small,N,4,44,56,182,47.58711736163892,7.1018916630219735,early
11,4,10,WASHER,TOOLS,small,W,6,207,168,207,12.465502542131723,37.14036539450114,early
11,4,11,RULER,TOOLS,small,R,5,172,94,4,48.2666888922648,72.22224304275167,early
11,4,12,GLUE,TOOLS,small,G,4,147,121,194,12.348807558268426,11.307318913585245,early
11,4,13,JERUSALEM,CITIES,large,J,9,192,145,172,62.31305747841197,3.3456891361318446,early
11,4,14,TOKYO,CITIES,large,T,5,149,154,125,76.19202297293091,11.849587873915382,early
11,4,15,PHILADELPHIA,CITIES,large,P,12,237,73,214,70.00516827857038,57.72245647922482,early
11,4,16,VANCOUVER,CITIES,large,V,9,72,112,37,30.52607487792024,37.63178652386577,early
11,5,1,BUTTERCUP,FLOWERS,small,B,9,178,27,88,46.99419625514505,15.177149091911236,early
11,5,2,AZALEA,FLOWERS,small,A,6,38,241,128,35.74423302181393,38.32098791531418,early
11,5,3,DAHLIA,FLOWERS,small,D,6,119,23,65,17.822345088795057,17.809810986158684,early
11,5,4,LOG,FLOWERS,small,L,3,104,193,142,78.66980624375014,15.182722486704723,early
11,5,5,ELEVATOR,BUILDING RELATED,large,E,8,30,94,153,6.585157141086496,63.7521025808764,early
11,5,6,CARPET,BUILDING RELATED,large,C,6,28,168,85,15.62256270796158,80.53795324437706,early
11,5,7,FOUNDATION,BUILDING RELATED,large,F,10,194,168,38,61.63714566533145,46.072085662902914,early
11,5,8,FLOOR,BUILDING RELATED,large,F,5,148,116,168,25.74127837221958,0.9399775565881041,early
11,5,9,PICKLE,VEGETABLES,small,P,6,83,166,55,28.982538471517167,39.0417573194223,early
11,5,10,BROCCOLI,VEGETABLES,small,B,8,78,9,73,47.69516496222558,67.58140974723567,early
11,5,11,CAULIFLOWER,VEGETABLES,small,C,11,197,11,30,50.48394628200744,54.60924111962626,early
11,5,12,ONION,VEGETABLES,small,O,5,53,81,84,39.10212694682214,80.34244664547475,early
11,5,13,DISH,KITCHEN-RELATED,small,D,4,51,191,134,76.26259876860344,52.95075640288216,early
11,5,14,SAUCER,KITCHEN-RELATED,small,S,6,197,68,167,81.21292632695975,43.612791171437074,early
11,5,15,STRAINER,KITCHEN-RELATED,small,S,8,36,60,191,1.8495223166679298,64.37201863352587,early
11,5,16,GRIDDLE,KITCHEN-RELATED,small,G,7,247,159,182,1.5017770992089552,9.99079088551619,early
11,6,1,SYCAMORE,TREES,large,S,8,251,31,138,2.0135262625288974,2.000966426150036,early
11,6,2,PALM,TREES,large,P,4,149,157,118,63.665227615338,49.10927350162103,early
11,6,3,TEAK,TREES,large,T,4,90,212,111,68.07962193338062,40.662127696427305,early
11,6,4,CEDAR,TREES,large,C,5,155,191,75,60.36033590544802,62.60468627177676,early
11,6,5,HORNET,INSECTS,small,H,6,80,69,115,17.532604611927887,20.695220215161196,early
11,6,6,MANTIS,INSECTS,small,M,6,158,133,232,36.438206382598786,6.70945418477984,early
11,6,7,MOSQUITO,INSECTS,small,M,8,79,180,44,4.879983154375971,48.48037601743826,early
11,6,8,MILLIPEDE,INSECTS,small,M,9,212,48,56,55.610837351538244,54.373050039190666,early
11,6,9,SYDNEY,CITIES,large,S,6,217,100,181,16.454375471183397,3.3552695473840894,early
11,6,10,CHICAGO,CITIES,large,C,7,207,106,50,33.610033396801555,76.64781744789639,early
11,6,11,RENO,CITIES,large,R,4,212,172,191,49.78925253228049,7.406296891360109,early
11,6,12,BERLIN,CITIES,large,B,6,140,27,122,77.11514850849525,35.68786165883889,early
11,6,13,SWEATER,CLOTHING,small,S,7,114,69,222,40.222818847654636,33.800956906092345,early
11,6,14,BRA,CLOTHING,small,B,3,99,193,18,19.734159886294012,53.09114764792244,early
11,6,15,GLOVES,CLOTHING,small,G,6,93,239,164,36.781303281622506,73.45551443078048,early
11,6,16,TROUSERS,CLOTHING,small,T,8,74,111,221,37.92518618065948,53.448610249123455,early
11,7,1,GINGER,VEGETABLES,small,G,6,9,122,7,28.139461311425663,79.93712473009775,early
11,7,2,RUTABAGA,VEGETABLES,small,R,8,73,221,77,20.26300800317237,33.038843364894554,early
11,7,3,OKRA,VEGETABLES,small,O,4,89,19,79,17.368148121346735,8.816073357319713,early
11,7,4,PUMPKIN,VEGETABLES,large,P,7,96,222,4,16.739821943246767,53.006634154226596,early
11,7,5,OHIO,STATES,large,O,4,109,22,100,26.081021007186113,14.008330936686939,early
11,7,6,PENNSYLVANIA,STATES,large,P,12,5,252,81,9.244254703785819,24.291965987147123,early
11,7,7,ALASKA,STATES,large,A,6,43,22,227,16.67998350033065,72.5517424058032,early
11,7,8,TEXAS,STATES,large,T,5,178,147,156,52.54823748913008,81.25252554755383,early
11,7,9,BEETLE,INSECTS,small,B,6,104,47,49,68.13801058286502,22.07586296224441,early
11,7,10,TERMITE,INSECTS,small,T,7,62,246,162,56.23625814044042,62.51301886257429,early
11,7,11,CHRYSALIS,INSECTS,small,C,9,75,95,150,39.898831010544505,28.694539994359026,early
11,7,12,WASP,INSECTS,small,W,4,211,18,63,63.10650445075095,30.97528332882503,early
11,7,13,RABBIT,MAMMALS,small,R,6,67,132,169,83.55345157796425,21.26507995672433,early
11,7,14,RHINOCEROS,MAMMALS,large,R,10,49,187,117,37.704088386776384,11.384177627794749,early
11,7,15,FOX,MAMMALS,large,F,3,230,211,172,35.61160085794635,13.670841347358182,early
11,7,16,LLAMA,MAMMALS,large,L,5,64,253,115,83.92598275479982,20.715923863552366,early
11,8,1,CLARINET,INSTRUMENTS,small,C,8,236,141,137,21.979707597536173,29.828830338289094,late
11,8,2,PROTRACTOR,TOOLS,small,P,10,117,152,81,31.408936452087676,48.98323544567107,late
11,8,3,BOLTS,TOOLS,small,B,5,211,154,94,31.967473917216306,11.860041808207626,late
11,8,4,CHISEL,TOOLS,small,C,6,121,116,13,56.75773331988165,6.741033370351982,late
11,8,5,ENGLAND,COUNTRIES,large,E,7,64,1,181,51.17205498767455,68.04625464303174,late
11,8,6,LEOPARD,MAMMALS,large,L,7,187,52,188,50.523429122524654,32.82959777227476,late
11,8,7,DRUM,INSTRUMENTS,large,D,4,234,172,84,49.74514190649405,81.31375870074153,late
11,8,8,FERRET,MAMMALS,small,F,6,74,117,8,23.635474432714915,21.36722706693186,late
11,8,9,PIANO,INSTRUMENTS,large,P,5,180,7,26,1.3282726156474844,51.33857078399894,late
11,8,10,CAT,MAMMALS,large,C,3,137,169,105,6.89467253508939,36.99379866444968,late
11,8,11,SQUIRREL,MAMMALS,small,S,8,7,42,2,27.52152045547633,19.29085837830544,late
11,8,12,SWITZERLAND,COUNTRIES,large,S,11,102,63,161,30.126991680560565,63.80000529211579,late
11,8,13,FRANCE,COUNTRIES,large,F,6,197,83,61,50.76840740329927,34.15309600876576,late
11,8,14,JAPAN,COUNTRIES,large,J,5,45,40,148,33.36623693642807,32.209522095299675,late
11,8,15,SAW,TOOLS,small,S,3,236,151,250,59.6243352936668,29.189320943143983,late
11,8,16,KAZOO,INSTRUMENTS,small,K,5,5,122,35,69.8690578576459,13.358916531061855,late
11,9,1,FACE,BODY PARTS,small,F,4,69,145,125,3.7093819537648365,69.21591567722533,late
11,9,2,CARNATION,FLOWERS,small,C,9,80,187,245,51.45267928340245,7.975568328814321,late
11,9,3,KNUCKLE,BODY PARTS,small,K,7,163,145,112,3.4853333397368025,5.309451829034526,late
11,9,4,BARN,BUILDING RELATED,large,B,4,56,161,228,15.270955234937082,16.5715533027926,late
11,9,5,HEART,BODY PARTS,small,H,5,22,157,183,36.93165028054119,58.781287296881295,late
11,9,6,TIGER,MAMMALS,large,T,5,163,117,132,77.72511474142244,35.56649576237079,late
11,9,7,PETUNIA,FLOWERS,small,P,7,228,165,102,24.825669584500165,77.20734804647505,late
11,9,8,ALCOVE,BUILDING RELATED,large,A,6,120,100,127,19.927306078788654,70.15985509701184,late
11,9,9,KITCHEN,BUILDING RELATED,large,K,7,74,144,52,73.4441147788213,2.2341575284312163,late
11,9,10,ROSE,FLOWERS,small,R,4,187,137,40,40.561743597105036,1.9477450502690292,late
11,9,11,HIPPOPOTAMUS,MAMMALS,large,H,12,121,51,46,8.463140994877527,25.405184550017253,late
11,9,12,EAR,BODY PARTS,small,E,3,91,99,66,49.99555406098846,14.090752154939864,late
11,9,13,GAZEBO,BUILDING RELATED,large,G,6,175,149,208,25.72543344599532,60.949218298058675,late
11,9,14,TULIP,FLOWERS,small,T,5,89,99,125,22.58790955146067,4.245153212963244,late
11,9,15,DONKEY,MAMMALS,large,D,6,240,162,14,48.40585183710103,53.864180915027525,late
11,9,16,DOG,MAMMALS,large,D,3,118,138,186,60.34024869302427,30.074899666397243,late
11,10,1,HARMONICA,INSTRUMENTS,small,H,9,239,39,63,79.78956677702642,27.695182132604483,late
11,10,2,EVERGREEN,TREES,large,E,9,31,241,100,82.22551361954909,30.652536254344625,late
11,10,3,SPRUCE,TREES,large,S,6,234,215,221,83.38308817073678,16.680495448315057,late
11,10,4,BLENDER,KITCHEN-RELATED,large,B,7,24,55,69,69.45982615227143,34.879896665219,late
11,10,5,BANJO,INSTRUMENTS,large,B,5,35,118,216,31.75460097112026,69.7654294987087,late
11,10,6,COTTONWOOD,TREES,large,C,10,29,113,187,82.72137384756529,59.66663399605207,late
11,10,7,UKULELE,INSTRUMENTS,small,U,7,130,2,28,28.80813163495865,7.7756436619543265,late
11,10,8,SHIRT,CLOTHING,small,S,5,134,229,34,36.59855546558902,65.64516497602784,late
11,10,9,BELT,CLOTHING,small,B,4,196,105,120,84.09106599043113,82.79632164025159,late
11,10,10,JUMPER,CLOTHING,small,J,6,201,96,22,60.02488786625625,55.37251413643915,late
11,10,11,MARIMBA,INSTRUMENTS,large,M,7,218,224,190,67.07822979138965,47.31315036724374,late
11,10,12,CUP,KITCHEN-RELATED,small,C,3,8,90,28,72.40821991898002,5.03378394349049,late
11,10,13,MIXER,KITCHEN-RELATED,large,M,5,216,245,56,57.83353098872551,19.632511368075395,late
11,10,14,ROBE,CLOTHING,small,R,4,180,66,119,75.99334673964424,0.21389361205678803,late
11,10,15,OAK,TREES,large,O,3,13,121,185,2.885572586211423,44.76714250624219,late
11,10,16,COLANDER,KITCHEN-RELATED,small,C,8,43,29,231,26.717686421570424,13.428161452019145,late
11,11,1,TOASTER,KITCHEN-RELATED,large,T,7,152,98,198,55.69579606309412,18.902421838887353,late
11,11,2,SUNFLOWER,FLOWERS,small,S,9,100,60,246,74.44547633266077,38.62832370122948,late
11,11,3,NARCISSUS,FLOWERS,small,N,9,133,29,179,5.403335514526086,1.891220854004782,late
11,11,4,ARIZONA,STATES,large,A,7,77,51,51,45.423871954966465,23.246740022421417,late
11,11,5,DRESS,CLOTHING,small,D,5,103,20,106,63.30795021321014,52.111955933460486,late
11,11,6,UTAH,STATES,large,U,4,192,57,73,26.757184649507817,9.3781513592483,late
11,11,7,MAINE,STATES,large,M,5,194,194,236,15.925406345209879,16.656521907802695,late
11,11,8,MONTANA,STATES,large,M,7,113,56,89,8.45028988016865,23.795300689160857,late
11,11,9,PANTS,CLOTHING,small,P,5,178,105,119,2.0322057917073932,72.08846988054727,late
11,11,10,LILY,FLOWERS,small,L,4,61,176,61,10.996801521904388,47.92062717324234,late
11,11,11,UNDERWEAR,CLOTHING,small,U,9,1,19,200,30.01000933458116,43.585935590984526,late
11,11,12,GIRDLE,CLOTHING,small,G,6,68,58,230,1.7815893700174479,67.20766287403272,late
11,11,13,SKILLET,KITCHEN-RELATED,large,S,7,106,216,95,8.933132502797013,33.17154502480418,late
11,11,14,KNIFE,KITCHEN-RELATED,small,K,5,197,143,235,29.393002458069926,41.83187985043259,late
11,11,15,FORK,KITCHEN-RELATED,small,F,4,69,208,91,24.718133011494988,69.09208894489039,late
11,11,16,DAISY,FLOWERS,small,D,5,237,67,176,69.76537277728934,58.258430932522266,late
11,12,1,MONKEY,MAMMALS,large,M,6,193,20,84,29.032022148552866,15.373476588781353,late
11,12,2,FLORIDA,STATES,large,F,7,117,50,217,8.553673420980513,58.403698196917844,late
11,12,3,RIB,BODY PARTS,small,R,3,82,116,23,48.87166971644183,9.29842708732134,late
11,12,4,ANTELOPE,MAMMALS,large,A,8,144,230,9,57.00808549616825,31.805725395799662,late
11,12,5,CLEMENTINE,FRUITS,small,C,10,150,236,195,60.32127869082706,51.99033974503238,late
11,12,6,POMEGRANATE,FRUITS,small,P,11,137,226,215,29.1267946797649,1.8374430378934081,late
11,12,7,MOOSE,MAMMALS,large,M,5,224,103,93,60.483125205859224,8.249121274283713,late
11,12,8,TOOTH,BODY PARTS,small,T,5,46,76,69,82.02795160750703,60.00204056684295,late
11,12,9,KANSAS,STATES,large,K,6,106,3,251,49.059408501862684,12.714718005906423,late
11,12,10,TONGUE,BODY PARTS,small,T,6,52,191,99,29.121633483354785,0.2077997204815767,late
11,12,11,PEAR,FRUITS,small,P,4,119,79,130,19.631383897924067,9.370302606952988,late
11,12,12,MICHIGAN,STATES,large,M,8,87,225,61,47.82854946680817,64.87390288534502,late
11,12,13,IOWA,STATES,large,I,4,172,74,150,44.32153457772894,56.66096229323565,late
11,12,14,PANCREAS,BODY PARTS,small,P,8,1,131,130,72.42144158266336,24.83736940235308,late
11,12,15,RACOON,MAMMALS,large,R,6,10,133,224,83.13890791340948,81.10253914756449,late
11,12,16,LEMON,FRUITS,small,L,5,199,194,103,73.93643661304894,39.035483416985734,late
11,13,1,ZEBRA,MAMMALS,large,Z,5,194,145,92,38.67414930476834,63.16403094240335,late
11,13,2,AUSTRALIA,COUNTRIES,large,A,9,35,130,146,54.78083054285104,56.46391102868573,late
11,13,3,CELERY,VEGETABLES,small,C,6,165,125,9,77.05112685648152,81.17959237718345,late
11,13,4,VIOLA,INSTRUMENTS,large,V,5,240,3,85,9.862380168794093,19.99428560426998,late
11,13,5,ITALY,COUNTRIES,large,I,5,35,220,239,78.62755576166494,50.64983475372907,late
11,13,6,TROMBONE,INSTRUMENTS,large,T,8,199,231,120,6.053132149973961,52.41310052546903,late
11,13,7,POLAND,COUNTRIES,large,P,6,5,182,216,49.21224950669023,65.19308816883398,late
11,13,8,PIG,MAMMALS,large,P,3,69,241,178,50.02418483120085,77.01526603281381,late
11,13,9,MARACAS,INSTRUMENTS,small,M,7,49,81,240,12.07951489610182,36.90402759896315,late
11,13,10,LION,MAMMALS,large,L,4,126,160,213,26.454532244876575,37.84620471164851,late
11,13,11,LETTUCE,VEGETABLES,small,L,7,60,219,35,29.051539578457685,9.75413314439553,late
11,13,12,BASS,INSTRUMENTS,large,B,4,230,49,57,14.705753861136838,74.78262622976735,late
11,13,13,ETHIOPIA,COUNTRIES,large,E,8,134,165,44,52.275492945897376,43.12284098942652,late
11,13,14,ELEPHANT,MAMMALS,large,E,8,222,69,180,28.571412835408896,75.7559397104896,late
11,13,15,CARROT,VEGETABLES,small,C,6,188,229,111,56.36440350323626,0.7001808097868736,late
11,13,16,YAMS,VEGETABLES,small,Y,4,32,18,76,6.350485874718348,45.09106093018522,late
11,14,1,MONARCH,INSECTS,small,M,7,174,30,24,81.29019036037687,67.82734611293482,late
11,14,2,ASH,TREES,large,A,3,154,107,222,68.44739000040093,86.2730717328899,late
11,14,3,SCORPION,INSECTS,small,S,8,146,67,164,68.10609696543273,44.6803956028062,late
11,14,4,WORM,INSECTS,small,W,4,192,219,108,56.31770497556524,8.708936435764132,late
11,14,5,HAND,BODY PARTS,small,H,4,178,251,145,23.816810624967918,67.87390865434483,late
11,14,6,POPLAR,TREES,large,P,6,21,160,237,76.66971768769484,11.676099730288476,late
11,14,7,EUCALYPTUS,TREES,large,E,10,48,198,250,66.62024344081044,40.78721958587645,late
11,14,8,ANKLE,BODY PARTS,small,A,5,193,15,39,64.07396232390164,8.492058688997115,late
11,14,9,GUITAR,INSTRUMENTS,large,G,6,128,17,89,63.187573507622325,27.827133046602476,late
11,14,10,LIP,BODY PARTS,small,L,3,222,163,246,45.70611021702109,74.16095533547424,late
11,14,11,LARVA,INSECTS,small,L,5,203,56,53,56.39603461378845,30.47785787142867,late
11,14,12,XYLOPHONE,INSTRUMENTS,large,X,9,79,157,247,4.8389846673780665,33.377268434360836,late
11,14,13,WILLOW,TREES,large,W,6,147,53,243,72.66564461290892,54.161732793932806,late
11,14,14,ACCORDION,INSTRUMENTS,large,A,9,211,191,41,69.56883088343527,72.12655105330136,late
11,14,15,BONGOS,INSTRUMENTS,large,B,6,208,163,144,13.103502487511204,33.56559120039896,late
11,14,16,FINGER,BODY PARTS,small,F,6,216,111,253,8.215224773656212,72.27282333814097,late
11,15,1,CAMISOLE,CLOTHING,small,C,8,59,154,29,54.51504168428311,12.528231159831567,late
11,15,2,GERMANY,COUNTRIES,large,G,7,244,216,247,78.15497415645557,4.325079981662051,late
11,15,3,GARLIC,VEGETABLES,small,G,6,229,213,33,40.61879143378566,37.91228652066069,late
11,15,4,CHIMNEY,BUILDING RELATED,large,C,7,180,219,67,10.882790690749486,33.13477968416177,late
11,15,5,POTATO,VEGETABLES,small,P,6,177,219,47,74.68015157655584,58.92970716426605,late
11,15,6,SUIT,CLOTHING,small,S,4,170,89,136,21.67886141346958,24.90353295013184,late
11,15,7,CLOSET,BUILDING RELATED,large,C,6,228,202,157,34.83691570745364,14.442773744126159,late
11,15,8,CUBA,COUNTRIES,large,C,4,133,81,233,19.457611732723418,42.37998816315254,late
11,15,9,ARTICHOKE,VEGETABLES,small,A,9,120,205,173,6.097907622860416,62.10159296117471,late
11,15,10,LOBBY,BUILDING RELATED,large,L,5,246,110,239,26.54718414580627,7.809017968119064,late
11,15,11,SPINACH,VEGETABLES,small,S,7,216,93,98,26.980224220651316,58.52132371340382,late
11,15,12,EGYPT,COUNTRIES,large,E,5,60,111,167,25.21667540511681,33.3711469074963,late
11,15,13,IRAN,COUNTRIES,large,I,4,226,132,37,50.27706172650132,31.301839050668036,late
11,15,14,JACKET,CLOTHING,small,J,6,179,78,110,32.359292541386026,50.01143892917116,late
11,15,15,FURNACE,BUILDING RELATED,large,F,7,126,206,88,23.825368863295385,62.84204495981534,late
11,15,16,BLOUSE,CLOTHING,small,B,6,179,218,175,9.660871529748027,12.258395121706727,late
12,0,1,CUP,KITCHEN-RELATED,small,C,3,83,248,62,69.94296716660004,81.90057049143147,early
12,0,2,BLENDER,KITCHEN-RELATED,large,B,7,152,204,76,37.584197360962406,64.92920274023312,early
12,0,3,MIXER,KITCHEN-RELATED,large,M,5,250,36,29,49.470711839803,2.555650390822289,early
12,0,4,COLANDER,KITCHEN-RELATED,small,C,8,87,24,251,27.045224120012545,6.90757602375579,early
12,0,5,SPRUCE,TREES,large,S,6,240,194,118,62.33644290632268,68.56305865461748,early
12,0,6,OAK,TREES,large,O,3,123,225,218,32.358197610134106,36.38423499949049,early
12,0,7,EVERGREEN,TREES,large,E,9,158,39,103,63.454821183066414,20.475024342929434,early
12,0,8,COTTONWOOD,TREES,large,C,10,11,228,19,21.2509728756769,49.53067825988966,early
12,0,9,UKULELE,INSTRUMENTS,small,U,7,177,115,235,0.35551527221145296,57.026220522811435,early
12,0,10,BANJO,INSTRUMENTS,large,B,5,157,57,87,6.585926110638287,76.34191313262163,early
12,0,11,HARMONICA,INSTRUMENTS,small,H,9,114,190,25,4.6842000408253535,48.436564237209424,early
12,0,12,MARIMBA,INSTRUMENTS,large,M,7,46,233,150,68.11807017011577,56.97356828769334,early
12,0,13,BELT,CLOTHING,small,B,4,13,254,148,39.788096256950425,24.50154474575824,early
12,0,14,JUMPER,CLOTHING,small,J,6,154,142,135,78.27643866991954,70.46306215208762,early
12,0,15,SHIRT,CLOTHING,small,S,5,231,121,107,23.343756415282446,7.6360915871900605,early
12,0,16,ROBE,CLOTHING,small,R,4,7,82,47,58.35522283790122,71.46400386621448,early
12,1,1,DONKEY,MAMMALS,large,D,6,153,186,135,70.21775276264071,24.348202431970172,early
12,1,2,HIPPOPOTAMUS,MAMMALS,large,H,12,208,101,130,57.52962362530745,53.292094711477816,early
12,1,3,DOG,MAMMALS,large,D,3,216,13,7,59.892118748580025,9.369847795000108,early
12,1,4,TIGER,MAMMALS,large,T,5,82,163,240,75.26018193844408,80.75690775859307,early
12,1,5,EAR,BODY PARTS,small,E,3,130,232,80,81.56437568265746,1.9647589509709094,early
12,1,6,FACE,BODY PARTS,small,F,4,51,108,137,18.132595937310263,15.433284954035058,early
12,1,7,HEART,BODY PARTS,small,H,5,23,212,92,11.813054864729352,36.0729044290281,early
12,1,8,KNUCKLE,BODY PARTS,small,K,7,226,249,82,1.5732660261046516,5.2281589911766835,early
12,1,9,ROSE,FLOWERS,small,R,4,34,122,97,44.46467232303934,76.5225301134466,early
12,1,10,PETUNIA,FLOWERS,small,P,7,127,81,91,4.972012731727638,67.24617540775587,early
12,1,11,CARNATION,FLOWERS,small,C,9,202,177,12,36.10734914008391,17.38148733067799,early
12,1,12,TULIP,FLOWERS,small,T,5,140,225,54,77.20472318980002,39.4045434938499,early
12,1,13,KITCHEN,BUILDING RELATED,large,K,7,78,97,176,83.53796392966981,27.196978075866365,early
12,1,14,BARN,BUILDING RELATED,large,B,4,8,155,244,14.02535219279488,28.165073507858132,early
12,1,15,GAZEBO,BUILDING RELATED,large,G,6,87,65,171,15.231661038173991,23.313263088157004,early
12,1,16,ALCOVE,BUILDING RELATED,large,A,6,102,145,120,23.19517769694756,45.167395612745665,early
12,2,1,HORSE,MAMMALS,large,H,5,252,210,109,74.15141005321178,11.818778856258557,early
12,2,2,GIRAFFE,MAMMALS,large,G,7,238,6,52,58.2503194787454,62.92030267216453,early
12,2,3,COW,MAMMALS,large,C,3,205,91,247,4.664988759229759,33.23246893493361,early
12,2,4,MOUSE,MAMMALS,small,M,5,66,53,35,3.6228933202682922,6.273270575869006,early
12,2,5,GUAVA,FRUITS,small,G,5,89,222,212,46.774138518036125,45.72502363582859,early
12,2,6,KIWI,FRUITS,small,K,4,148,178,182,27.83451663248464,32.36171792430976,early
12,2,7,TANGELO,FRUITS,small,T,7,236,41,207,12.69314965052848,5.841384802564098,early
12,2,8,STRAWBERRY,FRUITS,small,S,10,16,37,11,15.418459450767028,45.5405299266235,early
12,2,9,HALL,BUILDING RELATED,large,H,4,47,9,141,6.386693119273429,14.102329314473717,early
12,2,10,WINDOW,BUILDING RELATED,large,W,6,127,217,146,45.401741402773006,39.5768830913341,early
12,2,11,DOOR,BUILDING RELATED,large,D,4,117,86,251,5.343980326770049,21.49038843867387,early
12,2,12,CORRIDOR,BUILDING RELATED,large,C,8,109,40,1,38.54183789992306,28.244814274921396,early
12,2,13,REFRIGERATOR,KITCHEN-RELATED,large,R,12,14,10,26,22.910078670607447,29.95093896976546,early
12,2,14,GLASS,KITCHEN-RELATED,small,G,5,81,52,15,71.20265549460265,44.01512451481552,early
12,2,15,POT,KITCHEN-RELATED,large,P,3,67,189,237,81.41738009591991,46.45748688732314,early
12,2,16,SPATULA,KITCHEN-RELATED,small,S,7,206,177,78,32.5984779670496,69.86179326505946,early
12,3,1,FORK,KITCHEN-RELATED,small,F,4,231,172,187,5.519143428934392,54.581881116904526,early
12,3,2,KNIFE,KITCHEN-RELATED,small,K,5,32,31,186,61.24057409005959,76.21568265392875,early
12,3,3,SKILLET,KITCHEN-RELATED,large,S,7,44,72,189,11.314798666357811,8.13214836367355,early
12,3,4,TOASTER,KITCHEN-RELATED,large,T,7,139,75,199,54.802268648715504,75.77913704561514,early
12,3,5,GIRDLE,CLOTHING,small,G,6,201,124,166,52.089128835325596,64.86928931273005,early
12,3,6,DRESS,CLOTHING,small,D,5,116,244,132,80.03525326567528,74.00343949968372,early
12,3,7,UNDERWEAR,CLOTHING,small,U,9,142,53,113,20.287580636025353,25.889454412844813,early
12,3,8,PANTS,CLOTHING,small,P,5,93,160,247,66.60649700589424,35.09083499487666,early
12,3,9,MONTANA,STATES,large,M,7,93,249,82,76.70402579579404,64.31477171664054,early
12,3,10,ARIZONA,STATES,large,A,7,93,118,167,76.22564245963564,2.5288202877414,early
12,3,11,UTAH,STATES,large,U,4,240,167,136,61.59978540552133,81.39964479117036,early
12,3,12,MAINE,STATES,large,M,5,207,223,179,71.5011713337401,21.404745253666746,early
12,3,13,NARCISSUS,FLOWERS,small,N,9,116,32,115,64.6008013490557,7.771822303928149,early
12,3,14,LILY,FLOWERS,small,L,4,81,5,175,64.16129240504634,10.007285570576899,early
12,3,15,SUNFLOWER,FLOWERS,small,S,9,38,163,215,17.14015979587296,7.060448944632018,early
12,3,16,DAISY,FLOWERS,small,D,5,211,178,58,14.545903142133902,43.69133248871424,early
12,4,1,FLORIDA,STATES,large,F,7,63,75,84,63.52024266240135,51.59541214020257,early
12,4,2,IOWA,STATES,large,I,4,105,124,170,2.4182201667017287,34.137728533097224,early
12,4,3,KANSAS,STATES,large,K,6,205,204,241,3.335077356981264,39.50683521394106,early
12,4,4,MICHIGAN,STATES,large,M,8,253,150,177,59.126910581537274,14.5232970586869,early
12,4,5,PEAR,FRUITS,small,P,4,163,163,94,58.448760622332884,36.97092590220005,early
12,4,6,LEMON,FRUITS,small,L,5,42,197,71,60.46134272477673,22.648828715922285,early
12,4,7,CLEMENTINE,FRUITS,small,C,10,156,124,216,62.794390224600804,22.795764190746254,early
12,4,8,POMEGRANATE,FRUITS,small,P,11,179,218,69,38.583446144484846,29.629074833015927,early
12,4,9,RIB,BODY PARTS,small,R,3,0,196,228,70.45277584697088,85.305450708084,early
12,4,10,TOOTH,BODY PARTS,small,T,5,1,81,30,21.66980438631313,27.406758743171622,early
12,4,11,TONGUE,BODY PARTS,small,T,6,130,217,16,32.55408623099874,29.24213892161762,early
12,4,12,PANCREAS,BODY PARTS,small,P,8,114,252,116,72.11691872991918,71.01366633106443,early
12,4,13,ANTELOPE,MAMMALS,large,A,8,17,86,139,38.18879112730672,56.51341626762474,early
12,4,14,MONKEY,MAMMALS,large,M,6,71,160,171,43.50825639050415,3.676095601957961,early
12,4,15,RACOON,MAMMALS,large,R,6,106,173,77,0.1078097377349918,65.81914076162892,early
12,4,16,MOOSE,MAMMALS,large,M,5,58,13,81,1.1731475934133306,37.79929046043047,early
12,5,1,PALM,TREES,large,P,4,164,24,2,76.30489209925808,85.36829380628421,early
12,5,2,TEAK,TREES,large,T,4,118,174,171,0.20261837737865385,15.109764624840343,early
12,5,3,CEDAR,TREES,large,C,5,105,142,33,11.001084229926807,69.3186021962029,early
12,5,4,SYCAMORE,TREES,large,S,8,124,101,249,37.52780437812512,5.254968827850528,early
12,5,5,BRA,CLOTHING,small,B,3,205,95,153,28.250127550103304,82.68892006979638,early
12,5,6,TROUSERS,CLOTHING,small,T,8,103,37,147,4.268882779573454,59.88083524968023,early
12,5,7,SWEATER,CLOTHING,small,S,7,59,203,96,40.56150101248583,50.13842442782371,early
12,5,8,GLOVES,CLOTHING,small,G,6,81,234,34,29.678826395792868,20.84166422429681,early
12,5,9,BERLIN,CITIES,large,B,6,117,107,78,31.875571753749096,51.15748888400282,early
12,5,10,RENO,CITIES,large,R,4,20,18,78,14.792532938474027,48.02238571266618,early
12,5,11,SYDNEY,CITIES,large,S,6,126,99,218,24.734126491205615,30.90584169284648,early
12,5,12,CHICAGO,CITIES,large,C,7,65,24,233,28.91573080885363,0.36275716533409086,early
12,5,13,MANTIS,INSECTS,small,M,6,64,18,40,46.134814491949484,55.78123462860278,early
12,5,14,MILLIPEDE,INSECTS,small,M,9,206,220,104,4.597777669205141,7.335700064657045,early
12,5,15,MOSQUITO,INSECTS,small,M,8,117,34,164,82.25352292650456,75.61923566693469,early
12,5,16,HORNET,INSECTS,small,H,6,88,32,229,79.16465653490275,15.201935354169933,early
12,6,1,CHISEL,TOOLS,small,C,6,105,7,176,21.959433969987863,15.816278888553539,early
12,6,2,BOLTS,TOOLS,small,B,5,9,10,30,73.08478373439691,65.74768581704416,early
12,6,3,SAW,TOOLS,small,S,3,77,29,172,39.7663669943711,55.10634512357594,early
12,6,4,PROTRACTOR,TOOLS,small,P,10,32,189,238,25.675837895672444,49.285569493937516,early
12,6,5,ENGLAND,COUNTRIES,large,E,7,29,210,123,42.13075932394121,20.426869304442814,early
12,6,6,JAPAN,COUNTRIES,large,J,5,92,78,30,12.998185385211858,7.783749587953412,early
12,6,7,FRANCE,COUNTRIES,large,F,6,203,55,233,7.228149135178964,9.096835119961218,early
12,6,8,SWITZERLAND,COUNTRIES,large,S,11,48,71,200,64.83562533961918,61.984784446330416,early
12,6,9,CAT,MAMMALS,large,C,3,150,91,110,22.539202962539157,49.53332442870681,early
12,6,10,SQUIRREL,MAMMALS,small,S,8,220,86,13,62.90292927657747,13.719203526130183,early
12,6,11,LEOPARD,MAMMALS,large,L,7,136,47,14,40.80756347067265,15.809046899308207,early
12,6,12,FERRET,MAMMALS,small,F,6,90,192,125,33.85393716762022,11.054081304119544,early
12,6,13,CLARINET,INSTRUMENTS,small,C,8,97,23,244,23.135301190745754,50.17610904561414,early
12,6,14,DRUM,INSTRUMENTS,large,D,4,54,21,199,35.61943833332866,66.76937710263452,early
12,6,15,PIANO,INSTRUMENTS,large,P,5,10,145,147,76.06226598959486,82.5076679740407,early
12,6,16,KAZOO,INSTRUMENTS,small,K,5,196,123,23,7.635920454343666,82.06420011361735,early
12,7,1,STOMACH,BODY PARTS,small,S,7,76,201,179,69.07400892655832,40.19238929430595,early
12,7,2,HIP,BODY PARTS,small,H,3,44,13,123,65.61654745242652,29.946256312492064,early
12,7,3,ARMS,BODY PARTS,large,A,4,74,7,98,35.265859334637064,18.07591220615585,early
12,7,4,PELVIS,BODY PARTS,large,P,6,240,28,126,46.51058738423231,33.34035237679491,early
12,7,5,OVEN,KITCHEN-RELATED,large,O,4,176,243,227,77.67720148416981,57.121316527093036,early
12,7,6,THERMOMETER,KITCHEN-RELATED,small,T,11,14,160,70,66.06444466785773,55.25695470821502,early
12,7,7,MUG,KITCHEN-RELATED,small,M,3,146,228,110,0.3335389079653006,4.545871918820907,early
12,7,8,BROILER,KITCHEN-RELATED,large,B,7,103,112,161,53.585010395810436,43.80073869828351,early
12,7,9,DALLAS,CITIES,large,D,6,253,5,211,48.65462431101573,27.752672827798747,early
12,7,10,MONTREAL,CITIES,large,M,8,63,71,194,21.9191584008977,26.141241649588352,early
12,7,11,PARIS,CITIES,large,P,5,174,125,29,4.245379153191658,8.65271531338097,early
12,7,12,ROME,CITIES,large,R,4,82,147,188,76.47522150996978,77.94651581068769,early
12,7,13,PICCOLO,INSTRUMENTS,small,P,7,61,227,56,80.92438919874085,26.590678052196957,early
12,7,14,TRUMPET,INSTRUMENTS,large,T,7,130,53,193,75.79587588019922,55.22725015601829,early
12,7,15,TUBA,INSTRUMENTS,large,T,4,35,214,203,30.765355058643266,16.412241725957653,early
12,7,16,TAMBOURINE,INSTRUMENTS,small,T,10,172,74,18,52.51537375583107,6.644149922172602,early
12,8,1,GARLIC,VEGETABLES,small,G,6,73,200,140,47.071358742817544,76.40082749489056,late
12,8,2,JACKET,CLOTHING,small,J,6,109,120,221,70.97440415350246,31.679582093122313,late
12,8,3,POTATO,VEGETABLES,small,P,6,188,95,174,26.898087747984267,47.76051093141065,late
12,8,4,CAMISOLE,CLOTHING,small,C,8,73,152,148,71.17407632355312,72.67462817343748,late
12,8,5,GERMANY,COUNTRIES,large,G,7,202,211,44,76.85002779034836,39.0751862302493,late
12,8,6,EGYPT,COUNTRIES,large,E,5,171,101,54,10.871745124053028,15.684178620218391,late
12,8,7,LOBBY,BUILDING RELATED,large,L,5,58,54,49,18.66469427390991,35.985034602770284,late
12,8,8,CLOSET,BUILDING RELATED,large,C,6,73,58,14,36.76807013219313,60.37702950440907,late
12,8,9,SUIT,CLOTHING,small,S,4,83,247,64,50.709133079814585,73.12261673558494,late
12,8,10,SPINACH,VEGETABLES,small,S,7,36,54,168,70.62602467696557,45.31016094894309,late
12,8,11,CUBA,COUNTRIES,large,C,4,248,99,221,67.90232126215874,76.56918212728117,late
12,8,12,BLOUSE,CLOTHING,small,B,6,168,84,11,4.299207503061016,68.04384530465929,late
12,8,13,CHIMNEY,BUILDING RELATED,large,C,7,17,235,173,80.94185211710017,44.95720488129739,late
12,8,14,IRAN,COUNTRIES,large,I,4,232,90,170,31.037358251253504,12.979720090478096,late
12,8,15,FURNACE,BUILDING RELATED,large,F,7,244,37,115,38.99569928053063,61.33986327921167,late
12,8,16,ARTICHOKE,VEGETABLES,small,A,9,19,14,136,57.17688214598401,5.54959118334364,late
12,9,1,FOOT,BODY PARTS,small,F,4,174,115,252,68.84883361741622,13.944564094095737,late
12,9,2,AUBERGINE,VEGETABLES,small,A,9,37,81,193,11.897472269199021,54.381713173977516,late
12,9,3,SQUASH,VEGETABLES,small,S,6,124,46,219,69.07589843286483,43.95162151382856,late
12,9,4,WOLF,MAMMALS,large,W,4,81,85,191,54.73351160124819,25.518049656558972,late
12,9,5,ELBOW,BODY PARTS,small,E,5,212,215,142,4.070058009617772,71.76642441967952,late
12,9,6,ZUCCHINI,VEGETABLES,small,Z,8,128,38,163,11.551190247133128,75.03337787944983,late
12,9,7,SHEEP,MAMMALS,large,S,5,24,67,161,8.254947906864453,42.36062456569011,late
12,9,8,MIAMI,CITIES,large,M,5,78,96,145,33.84438147325793,37.249643963971835,late
12,9,9,PANTHER,MAMMALS,large,P,7,253,51,120,11.730312531221957,20.56566088662418,late
12,9,10,TORONTO,CITIES,large,T,7,106,97,242,80.13634456513749,29.42547638599594,late
12,9,11,GOAT,MAMMALS,large,G,4,135,66,162,75.16862560549473,64.37091728542514,late
12,9,12,STOCKHOLM,CITIES,large,S,9,3,162,120,80.91981964348236,50.77842390114672,late
12,9,13,KIDNEY,BODY PARTS,small,K,6,201,45,59,19.525422763971694,16.38075191088049,late
12,9,14,OLIVE,VEGETABLES,small,O,5,243,14,189,58.000222260359855,25.192821922914714,late
12,9,15,SHOULDER,BODY PARTS,small,S,8,74,233,25,42.72998738049486,16.723941092088104,late
12,9,16,BOMBAY,CITIES,large,B,6,49,40,96,73.18841680130643,53.11984573106511,late
12,10,1,ELM,TREES,large,E,3,106,230,107,23.10342841484258,22.131703541075268,late
12,10,2,WEDGE,TOOLS,small,W,5,151,193,222,0.3693951442927823,23.752060441942643,late
12,10,3,HICKORY,TREES,large,H,7,112,179,218,1.8210802594396913,23.865212620058248,late
12,10,4,CELLO,INSTRUMENTS,large,C,5,197,206,33,53.91767378288218,72.85454110801801,late
12,10,5,SAXOPHONE,INSTRUMENTS,large,S,9,2,206,172,20.96277942637873,25.48077807507322,late
12,10,6,PINE,TREES,large,P,4,184,13,104,78.46418318356503,85.73722010944417,late
12,10,7,TRIANGLE,INSTRUMENTS,small,T,8,158,133,52,73.36927192885638,47.896388045618785,late
12,10,8,HAMMER,TOOLS,small,H,6,191,90,212,76.9784571720432,40.86955994141853,late
12,10,9,SCREWS,TOOLS,small,S,6,193,38,156,0.3187423316595084,39.669010995930336,late
12,10,10,HONEYDEW,FRUITS,small,H,8,130,142,100,30.787524165355848,35.97734323482989,late
12,10,11,VIOLIN,INSTRUMENTS,large,V,6,85,54,13,39.02789822915523,42.25553674514474,late
12,10,12,MAPLE,TREES,large,M,5,132,89,191,21.512733986444008,36.89205933377991,late
12,10,13,FIG,FRUITS,small,F,3,237,212,194,34.952518279195004,51.257678733519484,late
12,10,14,RASPBERRY,FRUITS,small,R,9,6,112,153,22.7030161584247,4.652090127540156,late
12,10,15,PLUM,FRUITS,small,P,4,39,92,47,8.376260508592855,30.739254512901113,late
12,10,16,WIRE,TOOLS,small,W,4,165,0,115,14.817990823632291,2.057836749389832,late
12,11,1,FLOOR,BUILDING RELATED,large,F,5,120,199,40,67.46622448194016,54.37246460099113,late
12,11,2,ELEVATOR,BUILDING RELATED,large,E,8,194,150,98,60.04415655536117,17.957887445769707,late
12,11,3,AZALEA,FLOWERS,small,A,6,96,59,182,77.75966699069065,9.095819438911693,late
12,11,4,GRIDDLE,KITCHEN-RELATED,small,G,7,2,113,132,4.936800233279167,40.81222845591146,late
12,11,5,CAULIFLOWER,VEGETABLES,small,C,11,170,215,254,33.9969996756402,0.07313576042295877,late
12,11,6,FOUNDATION,BUILDING RELATED,large,F,10,180,128,163,39.73688780143141,38.34857020618599,late
12,11,7,CARPET,BUILDING RELATED,large,C,6,58,245,205,84.44939057756115,13.36423645082647,late
12,11,8,LOG,FLOWERS,small,L,3,24,153,240,17.491212049610983,56.380326036299,late
12,11,9,DAHLIA,FLOWERS,small,D,6,139,206,101,52.366338073702416,65.28715332238231,late
12,11,10,STRAINER,KITCHEN-RELATED,small,S,8,210,16,116,9.616858836135595,74.91099476991214,late
12,11,11,SAUCER,KITCHEN-RELATED,small,S,6,254,246,164,6.073874726324941,65.19237112424187,late
12,11,12,ONION,VEGETABLES,small,O,5,138,3,179,73.41075649529161,9.523699904489524,late
12,11,13,BROCCOLI,VEGETABLES,small,B,8,224,67,211,75.99306003814118,38.703886060002006,late
12,11,14,BUTTERCUP,FLOWERS,small,B,9,234,62,135,54.660770115013,54.933016707177465,late
12,11,15,DISH,KITCHEN-RELATED,small,D,4,220,82,229,74.08574100713838,39.18331340458032,late
12,11,16,PICKLE,VEGETABLES,small,P,6,131,53,28,59.174346497355316,24.82787803602825,late
12,12,1,MANGO,FRUITS,small,M,5,246,44,212,35.22242829941672,21.477883644688017,late
12,12,2,HAWAII,STATES,large,H,6,96,58,38,24.93240430074102,32.25359112296185,late
12,12,3,NECTARINE,FRUITS,small,N,9,4,199,207,76.97179336411207,41.778057918239384,late
12,12,4,JERUSALEM,CITIES,large,J,9,42,70,102,35.28581146739049,17.75042055157878,late
12,12,5,RULER,TOOLS,small,R,5,172,74,42,66.77734537380695,70.74744151915796,late
12,12,6,KUMQUAT,FRUITS,small,K,7,110,226,226,5.965771714197997,18.18843119011074,late
12,12,7,TOKYO,CITIES,large,T,5,80,49,83,11.515350268723207,49.835606926398505,late
12,12,8,BANANA,FRUITS,small,B,6,163,23,147,70.88923527472822,43.46275174647666,late
12,12,9,WISCONSIN,STATES,large,W,9,89,209,176,30.634495019047364,62.258697908887456,late
12,12,10,NUTS,TOOLS,small,N,4,50,208,126,0.7899381838403741,3.3417308499456535,late
12,12,11,GLUE,TOOLS,small,G,4,122,231,181,2.7685987296657366,26.90490189607296,late
12,12,12,CALIFORNIA,STATES,large,C,10,178,144,114,1.361528130299361,54.20968785574131,late
12,12,13,VERMONT,STATES,large,V,7,120,184,79,63.232195946273876,37.803377630165436,late
12,12,14,WASHER,TOOLS,small,W,6,151,24,108,6.1777148466190335,44.71597774036874,late
12,12,15,VANCOUVER,CITIES,large,V,9,79,126,240,28.68954551495997,4.404935320250205,late
12,12,16,PHILADELPHIA,CITIES,large,P,12,204,72,23,16.15264571526498,39.27899451589502,late
12,13,1,ALASKA,STATES,large,A,6,26,177,251,11.264587431019342,32.91189687153001,late
12,13,2,RUTABAGA,VEGETABLES,small,R,8,185,150,45,3.733760535583338,36.510009172163585,late
12,13,3,GINGER,VEGETABLES,small,G,6,216,197,187,20.668550231896663,29.908225309605115,late
12,13,4,FOX,MAMMALS,large,F,3,200,18,81,72.05506949675335,88.3310582585477,late
12,13,5,CHRYSALIS,INSECTS,small,C,9,206,157,33,22.558246042025882,2.1944270844107487,late
12,13,6,PUMPKIN,VEGETABLES,large,P,7,61,129,197,63.70943039389817,34.42835771373024,late
12,13,7,BEETLE,INSECTS,small,B,6,181,221,75,57.91146339967926,77.12366248793846,late
12,13,8,RHINOCEROS,MAMMALS,large,R,10,249,178,171,46.94209566791796,43.22077079452666,late
12,13,9,LLAMA,MAMMALS,large,L,5,212,17,134,28.72135283041835,43.787561655215114,late
12,13,10,TERMITE,INSECTS,small,T,7,21,55,52,0.5941252507501327,6.712444818727395,late
12,13,11,OHIO,STATES,large,O,4,13,53,184,80.45383596779483,61.70863133410031,late
12,13,12,RABBIT,MAMMALS,small,R,6,224,87,32,66.19271537249965,12.992205850217427,late
12,13,13,OKRA,VEGETABLES,small,O,4,103,130,212,19.935290560865738,29.438294673869443,late
12,13,14,WASP,INSECTS,small,W,4,216,97,141,21.65211783550988,49.60468750238211,late
12,13,15,TEXAS,STATES,large,T,5,59,227,119,74.29784706315257,78.32705874410374,late
12,13,16,PENNSYLVANIA,STATES,large,P,12,135,37,52,48.55977250393508,28.291611378701944,late
12,14,1,ANKLE,BODY PARTS,small,A,5,110,155,182,23.525131496157904,80.52372026485845,late
12,14,2,SCORPION,INSECTS,small,S,8,177,128,245,67.33114136438941,65.80343918096068,late
12,14,3,GUITAR,INSTRUMENTS,large,G,6,12,137,144,28.118492483890137,43.83649034643379,late
12,14,4,MONARCH,INSECTS,small,M,7,150,138,74,14.951977498754065,56.1726120559138,late
12,14,5,LARVA,INSECTS,small,L,5,4,109,146,55.43123496830297,9.978181615549524,late
12,14,6,HAND,BODY PARTS,small,H,4,96,129,53,11.63426133519947,63.57399792716623,late
12,14,7,ACCORDION,INSTRUMENTS,large,A,9,237,208,177,83.71179758040235,1.8493419226885275,late
12,14,8,FINGER,BODY PARTS,small,F,6,245,43,206,67.17695599384473,51.36021160914423,late
12,14,9,POPLAR,TREES,large,P,6,104,102,176,1.446231031887143,49.14966901009937,late
12,14,10,XYLOPHONE,INSTRUMENTS,large,X,9,65,86,254,26.494553866181853,41.771876193040576,late
12,14,11,ASH,TREES,large,A,3,45,168,118,43.932412108344764,38.238511093300836,late
12,14,12,EUCALYPTUS,TREES,large,E,10,4,124,73,37.44443220070721,43.9609817153939,late
12,14,13,WORM,INSECTS,small,W,4,122,223,207,64.64920346225527,3.396151171516358,late
12,14,14,LIP,BODY PARTS,small,L,3,175,147,6,46.08272709005962,89.68207318058123,late
12,14,15,BONGOS,INSTRUMENTS,large,B,6,119,31,88,16.536980489143968,36.3242297794341,late
12,14,16,WILLOW,TREES,large,W,6,229,109,89,46.26812344866488,74.14892817507477,late
12,15,1,ZEBRA,MAMMALS,large,Z,5,181,100,35,19.720770474404382,60.2580846609716,late
12,15,2,MARACAS,INSTRUMENTS,small,M,7,85,87,212,64.64825242738563,13.979951284571257,late
12,15,3,ITALY,COUNTRIES,large,I,5,193,25,37,17.864102175969936,48.62813782851066,late
12,15,4,CELERY,VEGETABLES,small,C,6,169,49,164,4.33352530955794,42.42981627652239,late
12,15,5,AUSTRALIA,COUNTRIES,large,A,9,203,90,139,59.21492882949358,36.64024719815182,late
12,15,6,PIG,MAMMALS,large,P,3,15,181,237,1.1296360771146785,38.42132394550668,late
12,15,7,POLAND,COUNTRIES,large,P,6,0,125,250,23.794941993810777,80.59130404165603,late
12,15,8,LETTUCE,VEGETABLES,small,L,7,227,154,29,82.01782115866499,67.33897350049152,late
12,15,9,YAMS,VEGETABLES,small,Y,4,248,44,130,0.49601445069519357,49.58009216149256,late
12,15,10,ETHIOPIA,COUNTRIES,large,E,8,180,109,108,6.000942285827634,10.694269274694001,late
12,15,11,VIOLA,INSTRUMENTS,large,V,5,121,122,50,80.45064058450559,40.287294962700074,late
12,15,12,LION,MAMMALS,large,L,4,21,29,208,1.3404511026942667,22.731913567007737,late
12,15,13,BASS,INSTRUMENTS,large,B,4,123,28,167,23.544223493572318,48.0643589082663,late
12,15,14,ELEPHANT,MAMMALS,large,E,8,195,247,177,58.43606282008319,63.935574683041324,late
12,15,15,TROMBONE,INSTRUMENTS,large,T,8,65,192,187,9.846468654976803,15.307876581021658,late
12,15,16,CARROT,VEGETABLES,small,C,6,11,118,45,77.11061310610047,32.21842593591277,late
13,0,1,PETUNIA,FLOWERS,small,P,7,235,231,237,1.7813136903434301,39.8983572414632,early
13,0,2,ROSE,FLOWERS,small,R,4,19,91,216,38.64991679417485,49.56520519761041,early
13,0,3,TULIP,FLOWERS,small,T,5,175,36,46,43.835633238597914,46.50249352229842,early
13,0,4,CARNATION,FLOWERS,small,C,9,211,237,232,66.26740792979146,25.593780639919594,early
13,0,5,ALCOVE,BUILDING RELATED,large,A,6,21,0,162,72.41404803751954,47.384252399349414,early
13,0,6,GAZEBO,BUILDING RELATED,large,G,6,102,179,106,14.532146515164776,3.1463777741470698,early
13,0,7,KITCHEN,BUILDING RELATED,large,K,7,242,15,77,42.16710340226567,62.58682187036492,early
13,0,8,BARN,BUILDING RELATED,large,B,4,159,103,140,63.22882332367121,62.87526613958636,early
13,0,9,KNUCKLE,BODY PARTS,small,K,7,37,126,213,54.37614469704717,17.71850878449262,early
13,0,10,HEART,BODY PARTS,small,H,5,250,204,89,36.96797641319982,9.002319386466521,early
13,0,11,EAR,BODY PARTS,small,E,3,177,230,182,16.243443907333795,64.6637566591654,early
13,0,12,FACE,BODY PARTS,small,F,4,118,19,148,2.6616358320208744,35.647767857694845,early
13,0,13,DOG,MAMMALS,large,D,3,133,169,83,82.80901106263414,54.32859989926258,early
13,0,14,DONKEY,MAMMALS,large,D,6,183,98,181,60.63321530632095,10.188522541667872,early
13,0,15,TIGER,MAMMALS,large,T,5,15,185,209,75.93378921584613,59.74182560089238,early
13,0,16,HIPPOPOTAMUS,MAMMALS,large,H,12,65,179,225,72.66883623634847,3.3163460157401943,early
13,1,1,UTAH,STATES,large,U,4,156,254,35,76.22421892094259,22.372321983912826,early
13,1,2,MAINE,STATES,large,M,5,81,74,139,28.8694430710443,77.30217262591513,early
13,1,3,ARIZONA,STATES,large,A,7,184,173,23,9.203969909622245,23.760470128285515,early
13,1,4,MONTANA,STATES,large,M,7,213,92,200,7.796049924898339,18.37529830487628,early
13,1,5,DRESS,CLOTHING,small,D,5,64,88,131,25.283816323010033,24.16186765446903,early
13,1,6,PANTS,CLOTHING,small,P,5,45,24,201,11.115421292324587,13.6300994606029,early
13,1,7,UNDERWEAR,CLOTHING,small,U,9,73,168,13,24.73743216264176,16.99300466038093,early
13,1,8,GIRDLE,CLOTHING,small,G,6,7,143,86,61.48773145112226,1.360851357866347,early
13,1,9,FORK,KITCHEN-RELATED,small,F,4,53,25,5,33.75501516050193,4.0553459490656625,early
13,1,10,KNIFE,KITCHEN-RELATED,small,K,5,238,110,148,32.07271849235527,56.90383414950686,early
13,1,11,SKILLET,KITCHEN-RELATED,large,S,7,220,237,27,36.563112478729565,57.16341173909298,early
13,1,12,TOASTER,KITCHEN-RELATED,large,T,7,84,196,177,62.241310639404205,67.81540963992224,early
13,1,13,NARCISSUS,FLOWERS,small,N,9,10,155,180,53.26566769128951,19.747875690661182,early
13,1,14,SUNFLOWER,FLOWERS,small,S,9,145,176,53,63.26225672330192,63.18262965502028,early
13,1,15,DAISY,FLOWERS,small,D,5,192,6,211,31.169752662983523,15.210189752818284,early
13,1,16,LILY,FLOWERS,small,L,4,67,243,9,69.99450472138521,87.45789725578712,early
13,2,1,NECTARINE,FRUITS,small,N,9,199,36,35,54.10989803972793,25.898133507139626,early
13,2,2,BANANA,FRUITS,small,B,6,147,170,41,65.72493623053964,18.975238957436318,early
13,2,3,KUMQUAT,FRUITS,small,K,7,203,27,45,21.970788181237328,53.338132976260944,early
13,2,4,MANGO,FRUITS,small,M,5,220,208,142,1.4726731964119566,71.31263788506062,early
13,2,5,VANCOUVER,CITIES,large,V,9,2,112,57,38.43011633457469,11.19189336603202,early
13,2,6,JERUSALEM,CITIES,large,J,9,125,205,144,47.2768127973375,45.7848354531779,early
13,2,7,PHILADELPHIA,CITIES,large,P,12,51,37,132,35.054438616507454,42.74222474660492,early
13,2,8,TOKYO,CITIES,large,T,5,207,106,193,80.7397405372003,30.156348009104434,early
13,2,9,GLUE,TOOLS,small,G,4,245,106,156,59.75308501437988,32.474084610262736,early
13,2,10,WASHER,TOOLS,small,W,6,202,224,182,56.24601282354273,66.47146665227349,early
13,2,11,RULER,TOOLS,small,R,5,204,16,18,40.95484481502281,42.264054750252065,early
13,2,12,NUTS,TOOLS,small,N,4,70,66,90,69.2978169794594,80.09000734707412,early
13,2,13,VERMONT,STATES,large,V,7,20,166,7,65.36641173605362,4.000901931783275,early
13,2,14,CALIFORNIA,STATES,large,C,10,127,147,58,52.91460006763264,45.433326567267116,early
13,2,15,WISCONSIN,STATES,large,W,9,251,101,184,66.40448641441424,4.400300144056226,early
13,2,16,HAWAII,STATES,large,H,6,154,26,239,11.968316863812559,42.80990469838966,early
13,3,1,OLIVE,VEGETABLES,small,O,5,220,77,108,60.34334097314268,65.10867731382073,early
13,3,2,ZUCCHINI,VEGETABLES,small,Z,8,4,117,168,73.24426029917795,31.090932272245503,early
13,3,3,AUBERGINE,VEGETABLES,small,A,9,168,239,38,13.313988862816036,25.593007134737405,early
13,3,4,SQUASH,VEGETABLES,small,S,6,16,116,163,37.23012631717333,7.548771157646556,early
13,3,5,STOCKHOLM,CITIES,large,S,9,238,87,123,57.32548609173557,25.323516633686292,early
13,3,6,BOMBAY,CITIES,large,B,6,137,153,15,48.14721845321685,1.1171887943657044,early
13,3,7,MIAMI,CITIES,large,M,5,38,165,231,1.0202464681446577,1.7030203984548942,early
13,3,8,TORONTO,CITIES,large,T,7,221,30,197,34.771696133104385,76.91133366679558,early
13,3,9,ELBOW,BODY PARTS,small,E,5,157,214,100,40.342857435749316,81.0262398706875,early
13,3,10,KIDNEY,BODY PARTS,small,K,6,3,198,245,62.42133971852201,25.990886796843505,early
13,3,11,SHOULDER,BODY PARTS,small,S,8,65,52,23,53.840465494929454,14.728841323276896,early
13,3,12,FOOT,BODY PARTS,small,F,4,35,159,170,9.659272128315555,12.180012367403492,early
13,3,13,SHEEP,MAMMALS,large,S,5,54,18,221,33.03261822326665,49.236203171937326,early
13,3,14,PANTHER,MAMMALS,large,P,7,163,134,48,78.29532178558048,39.79470044930465,early
13,3,15,WOLF,MAMMALS,large,W,4,39,213,34,54.017878546207605,82.613008572712,early
13,3,16,GOAT,MAMMALS,large,G,4,176,125,97,37.38277512424476,17.12422603628002,early
13,4,1,SAW,TOOLS,small,S,3,240,230,96,36.44761654181876,37.354603583327076,early
13,4,2,CHISEL,TOOLS,small,C,6,4,18,180,50.539605663621415,80.6933716012839,early
13,4,3,PROTRACTOR,TOOLS,small,P,10,22,3,248,51.946883999019406,20.462051928281163,early
13,4,4,BOLTS,TOOLS,small,B,5,16,108,25,26.314856212725925,57.153037876743845,early
13,4,5,FRANCE,COUNTRIES,large,F,6,93,80,249,10.872649979028395,27.093450701296888,early
13,4,6,SWITZERLAND,COUNTRIES,large,S,11,180,48,46,40.36295730080581,7.587295976462144,early
13,4,7,JAPAN,COUNTRIES,large,J,5,177,59,231,22.196401746010416,52.585194613328845,early
13,4,8,ENGLAND,COUNTRIES,large,E,7,63,151,190,44.781206468753716,24.464076198101118,early
13,4,9,LEOPARD,MAMMALS,large,L,7,52,16,51,41.09647439322931,46.16718127369161,early
13,4,10,CAT,MAMMALS,large,C,3,152,214,211,43.87166027239294,11.075183391017582,early
13,4,11,SQUIRREL,MAMMALS,small,S,8,240,23,213,62.82537920162088,47.18297078085247,early
13,4,12,FERRET,MAMMALS,small,F,6,8,140,168,17.687587676125478,48.31093422862282,early
13,4,13,DRUM,INSTRUMENTS,large,D,4,98,84,137,79.45412035047863,10.399756954064072,early
13,4,14,PIANO,INSTRUMENTS,large,P,5,172,21,41,70.14088327702477,79.72096260206322,early
13,4,15,CLARINET,INSTRUMENTS,small,C,8,184,48,246,24.039130838316915,66.96523845879149,early
13,4,16,KAZOO,INSTRUMENTS,small,K,5,123,203,102,19.686666891007714,28.716389753314733,early
13,5,1,ZEBRA,MAMMALS,large,Z,5,138,184,56,34.21920557816071,74.65644818055226,early
13,5,2,PIG,MAMMALS,large,P,3,29,164,136,19.289536427196676,13.800350616793413,early
13,5,3,ELEPHANT,MAMMALS,large,E,8,34,16,56,70.23589008055416,56.79577348488725,early
13,5,4,LION,MAMMALS,large,L,4,1,128,92,26.410454607793522,63.466045677944486,early
13,5,5,BASS,INSTRUMENTS,large,B,4,155,137,206,69.47791566701446,40.99260238015127,early
13,5,6,TROMBONE,INSTRUMENTS,large,T,8,190,232,0,3.351273192014009,63.034105170982876,early
13,5,7,MARACAS,INSTRUMENTS,small,M,7,238,91,242,57.39424219913786,23.794869664121624,early
13,5,8,VIOLA,INSTRUMENTS,large,V,5,140,235,1,2.703651765515244,65.12838576660256,early
13,5,9,LETTUCE,VEGETABLES,small,L,7,197,61,115,5.335563861352539,49.951801335006216,early
13,5,10,CARROT,VEGETABLES,small,C,6,226,177,21,57.98527648970399,22.258002272681615,early
13,5,11,CELERY,VEGETABLES,small,C,6,30,86,187,12.5838207749719,59.47520252247497,early
13,5,12,YAMS,VEGETABLES,small,Y,4,57,107,129,47.46191750837773,61.07454834729226,early
13,5,13,ETHIOPIA,COUNTRIES,large,E,8,23,187,20,28.392506538863135,0.33646474256719117,early
13,5,14,POLAND,COUNTRIES,large,P,6,82,253,2,60.265290362046265,53.13627587304766,early
13,5,15,ITALY,COUNTRIES,large,I,5,235,41,232,61.959196898223574,42.508419760965815,early
13,5,16,AUSTRALIA,COUNTRIES,large,A,9,49,22,131,80.33464603136643,37.5475921691767,early
13,6,1,IRAN,COUNTRIES,large,I,4,23,25,107,18.686851019460192,46.499704299242005,early
13,6,2,GERMANY,COUNTRIES,large,G,7,30,179,207,10.9216922343023,37.92775124298934,early
13,6,3,EGYPT,COUNTRIES,large,E,5,62,25,55,55.56106678583695,58.69432906732496,early
13,6,4,CUBA,COUNTRIES,large,C,4,179,87,199,19.135936495637377,25.945578529963775,early
13,6,5,SPINACH,VEGETABLES,small,S,7,84,11,169,1.0858161657417387,26.78525676045849,early
13,6,6,POTATO,VEGETABLES,small,P,6,214,183,146,66.38779390554598,4.838937763417624,early
13,6,7,ARTICHOKE,VEGETABLES,small,A,9,49,36,56,73.05254784008177,52.73788998329389,early
13,6,8,GARLIC,VEGETABLES,small,G,6,223,153,215,11.962837285476516,57.021908317484346,early
13,6,9,CHIMNEY,BUILDING RELATED,large,C,7,23,140,121,37.695393090094626,41.94305035164059,early
13,6,10,LOBBY,BUILDING RELATED,large,L,5,191,22,57,78.0822698350837,83.20180160369337,early
13,6,11,CLOSET,BUILDING RELATED,large,C,6,39,24,96,27.56120395792692,14.292014295723845,early
13,6,12,FURNACE,BUILDING RELATED,large,F,7,84,41,243,42.75784351309008,51.24868777061451,early
13,6,13,JACKET,CLOTHING,small,J,6,213,33,182,37.07856465859095,48.62044529985357,early
13,6,14,SUIT,CLOTHING,small,S,4,4,32,32,22.54468372806114,15.548129768768273,early
13,6,15,CAMISOLE,CLOTHING,small,C,8,77,44,187,54.6719185046773,57.38515269680319,early
13,6,16,BLOUSE,CLOTHING,small,B,6,21,193,137,26.853719727470462,6.925770665112061,early
13,7,1,HICKORY,TREES,large,H,7,193,223,67,28.243580578764526,72.60130154039888,early
13,7,2,ELM,TREES,large,E,3,225,220,47,35.263729603688404,46.49768530586861,early
13,7,3,MAPLE,TREES,large,M,5,136,235,13,55.47783931260873,45.2108387696475,early
13,7,4,PINE,TREES,large,P,4,236,148,8,43.79677033367124,25.597858363921475,early
13,7,5,SCREWS,TOOLS,small,S,6,222,40,251,80.6824022364659,8.84862941891355,early
13,7,6,WEDGE,TOOLS,small,W,5,114,8,0,40.57287902227881,47.841327517882384,early
13,7,7,WIRE,TOOLS,small,W,4,41,194,73,53.99679806412429,67.24706004078698,early
13,7,8,HAMMER,TOOLS,small,H,6,98,220,40,39.01401266356243,76.13175508518462,early
13,7,9,SAXOPHONE,INSTRUMENTS,large,S,9,130,80,30,37.868863220003995,14.417488129879064,early
13,7,10,TRIANGLE,INSTRUMENTS,small,T,8,70,190,208,70.24746065751557,3.35085925005509,early
13,7,11,CELLO,INSTRUMENTS,large,C,5,153,99,241,79.84212746997,27.592027093971897,early
13,7,12,VIOLIN,INSTRUMENTS,large,V,6,165,171,132,75.82690813636545,9.556056349942997,early
13,7,13,HONEYDEW,FRUITS,small,H,8,189,95,111,52.96389212004985,53.604676272506865,early
13,7,14,FIG,FRUITS,small,F,3,226,39,96,40.099764135544305,25.26894489506666,early
13,7,15,RASPBERRY,FRUITS,small,R,9,40,9,120,20.074193822555788,19.42648576260106,early
13,7,16,PLUM,FRUITS,small,P,4,191,158,152,26.63720512865729,61.52129212900313,early
13,8,1,ANTELOPE,MAMMALS,large,A,8,130,195,210,81.85494885798836,23.542619493588028,late
13,8,2,TOOTH,BODY PARTS,small,T,5,108,41,173,68.28213474310434,25.210614294306158,late
13,8,3,POMEGRANATE,FRUITS,small,P,11,25,165,28,79.03340368063604,34.25594562091221,late
13,8,4,RIB,BODY PARTS,small,R,3,152,164,124,52.62125885957181,21.909355731075145,late
13,8,5,KANSAS,STATES,large,K,6,224,85,99,2.54747892196745,49.10892774166955,late
13,8,6,CLEMENTINE,FRUITS,small,C,10,215,204,42,22.39484606022065,52.67787156271,late
13,8,7,TONGUE,BODY PARTS,small,T,6,228,232,145,27.38258411157688,16.99253313609909,late
13,8,8,MOOSE,MAMMALS,large,M,5,158,177,187,69.26950682485413,61.96273764888317,late
13,8,9,IOWA,STATES,large,I,4,88,233,98,84.49848459026764,77.52684029836726,late
13,8,10,MONKEY,MAMMALS,large,M,6,61,183,178,81.47953067212775,33.80429140692214,late
13,8,11,LEMON,FRUITS,small,L,5,171,91,99,5.126830717008617,64.0533231296792,late
13,8,12,MICHIGAN,STATES,large,M,8,177,50,5,26.403973215125628,50.05706864146728,late
13,8,13,PANCREAS,BODY PARTS,small,P,8,187,159,146,10.75848974783426,51.06467494629507,late
13,8,14,PEAR,FRUITS,small,P,4,67,96,42,31.734281086105284,8.131836281881842,late
13,8,15,FLORIDA,STATES,large,F,7,172,53,179,53.375573427492206,20.459655892415643,late
13,8,16,RACOON,MAMMALS,large,R,6,111,132,29,68.930044769372,3.934971195417837,late
13,9,1,JUMPER,CLOTHING,small,J,6,62,230,79,23.8812546452509,11.685217285422837,late
13,9,2,BANJO,INSTRUMENTS,large,B,5,237,144,147,45.50989060312811,29.158677131051725,late
13,9,3,CUP,KITCHEN-RELATED,small,C,3,197,188,57,41.396425640287596,32.29234782102873,late
13,9,4,SPRUCE,TREES,large,S,6,116,44,4,18.543815954556603,56.19053016077033,late
13,9,5,BELT,CLOTHING,small,B,4,132,167,50,23.59655783301688,18.237684637876313,late
13,9,6,ROBE,CLOTHING,small,R,4,99,184,200,54.31378912781112,38.348486790250206,late
13,9,7,COLANDER,KITCHEN-RELATED,small,C,8,112,43,148,27.43205718989859,6.1275180901483965,late
13,9,8,SHIRT,CLOTHING,small,S,5,191,10,42,10.66174526135421,27.995691320519498,late
13,9,9,OAK,TREES,large,O,3,181,66,134,59.36701831001151,55.88816971067361,late
13,9,10,MARIMBA,INSTRUMENTS,large,M,7,205,93,79,18.119617249094066,45.77156035033143,late
13,9,11,MIXER,KITCHEN-RELATED,large,M,5,40,42,154,49.06143238227225,9.745151265696014,late
13,9,12,BLENDER,KITCHEN-RELATED,large,B,7,116,202,193,72.52010812501707,47.86077365424712,late
13,9,13,EVERGREEN,TREES,large,E,9,70,19,102,18.297909438601724,68.81493308056945,late
13,9,14,HARMONICA,INSTRUMENTS,small,H,9,201,172,248,47.78575601227153,55.61976232463632,late
13,9,15,UKULELE,INSTRUMENTS,small,U,7,216,132,157,28.12972823913437,45.47682935918362,late
13,9,16,COTTONWOOD,TREES,large,C,10,130,119,253,57.38453469827099,3.045069003950558,late
13,10,1,GRIDDLE,KITCHEN-RELATED,small,G,7,232,92,160,38.93949559543549,78.58404703169033,late
13,10,2,ONION,VEGETABLES,small,O,5,126,151,221,82.30732724631922,20.467661748963813,late
13,10,3,BUTTERCUP,FLOWERS,small,B,9,46,50,212,38.766843720761294,65.88472454585596,late
13,10,4,SAUCER,KITCHEN-RELATED,small,S,6,218,130,112,35.49233007690653,30.646906361865618,late
13,10,5,STRAINER,KITCHEN-RELATED,small,S,8,77,158,138,15.832382972266823,4.7526932225320975,late
13,10,6,FOUNDATION,BUILDING RELATED,large,F,10,247,40,97,24.788033411901484,31.658328138929342,late
13,10,7,LOG,FLOWERS,small,L,3,85,156,254,84.86753513779757,80.74875204721849,late
13,10,8,PICKLE,VEGETABLES,small,P,6,8,121,162,70.24813475290452,65.69155845156003,late
13,10,9,DAHLIA,FLOWERS,small,D,6,56,57,195,79.48856868650796,10.20381257641035,late
13,10,10,FLOOR,BUILDING RELATED,large,F,5,253,204,222,31.912278367933567,32.482464278467184,late
13,10,11,BROCCOLI,VEGETABLES,small,B,8,32,67,134,57.107558282028755,48.52649627824485,late
13,10,12,CARPET,BUILDING RELATED,large,C,6,109,203,110,6.933786572161351,10.422418330695557,late
13,10,13,AZALEA,FLOWERS,small,A,6,71,148,35,35.11452233028936,52.75073179302713,late
13,10,14,CAULIFLOWER,VEGETABLES,small,C,11,76,59,99,13.246749689035811,38.06444701366007,late
13,10,15,ELEVATOR,BUILDING RELATED,large,E,8,97,16,33,27.96507494975802,58.26185351865147,late
13,10,16,DISH,KITCHEN-RELATED,small,D,4,116,104,202,37.21597381177666,49.75213964068382,late
13,11,1,COW,MAMMALS,large,C,3,209,237,226,73.83728644012561,56.14035958231471,late
13,11,2,POT,KITCHEN-RELATED,large,P,3,74,45,233,56.2584743865204,45.36503532049046,late
13,11,3,MOUSE,MAMMALS,small,M,5,218,198,44,43.294445740139345,24.37271651384071,late
13,11,4,HORSE,MAMMALS,large,H,5,60,143,63,62.070119860722684,59.87820533642272,late
13,11,5,HALL,BUILDING RELATED,large,H,4,116,228,209,80.96285285643397,10.72871670981587,late
13,11,6,REFRIGERATOR,KITCHEN-RELATED,large,R,12,205,180,33,4.454431815142027,51.92485670515252,late
13,11,7,SPATULA,KITCHEN-RELATED,small,S,7,180,172,106,13.45403850672669,17.430932054972835,late
13,11,8,WINDOW,BUILDING RELATED,large,W,6,211,157,56,39.93617320716629,38.366451633653504,late
13,11,9,STRAWBERRY,FRUITS,small,S,10,63,51,32,8.689312793969123,36.16835955603114,late
13,11,10,TANGELO,FRUITS,small,T,7,230,251,185,34.29767745518102,72.5746560545666,late
13,11,11,CORRIDOR,BUILDING RELATED,large,C,8,83,77,238,22.770914938645447,68.38210013747286,late
13,11,12,GIRAFFE,MAMMALS,large,G,7,76,220,3,33.59495982177491,60.481657682540664,late
13,11,13,DOOR,BUILDING RELATED,large,D,4,138,177,170,46.73893070114622,49.27184010342396,late
13,11,14,GLASS,KITCHEN-RELATED,small,G,5,254,87,130,39.67100592571414,31.79284375867514,late
13,11,15,KIWI,FRUITS,small,K,4,65,117,150,1.0246709186085445,6.994372229606567,late
13,11,16,GUAVA,FRUITS,small,G,5,187,21,193,55.98226175277366,59.31617664264666,late
13,12,1,MOSQUITO,INSECTS,small,M,8,215,145,188,47.24120505889458,41.425974182911986,late
13,12,2,BRA,CLOTHING,small,B,3,219,187,137,66.3248918996762,86.11036449939373,late
13,12,3,MILLIPEDE,INSECTS,small,M,9,173,154,142,23.74957092709584,12.42113470805839,late
13,12,4,GLOVES,CLOTHING,small,G,6,180,65,25,22.271974501962298,4.030219103250689,late
13,12,5,CHICAGO,CITIES,large,C,7,162,226,31,39.47166778781891,47.03905055718377,late
13,12,6,HORNET,INSECTS,small,H,6,49,102,119,43.131557921843196,29.964470551544856,late
13,12,7,SYDNEY,CITIES,large,S,6,83,90,28,35.95277760608831,2.5870111718045066,late
13,12,8,SWEATER,CLOTHING,small,S,7,40,195,228,30.405665968242584,37.745382308278494,late
13,12,9,MANTIS,INSECTS,small,M,6,231,128,221,35.958642487715295,56.616296321875495,late
13,12,10,BERLIN,CITIES,large,B,6,237,170,238,58.16184305736139,22.818959231266202,late
13,12,11,TROUSERS,CLOTHING,small,T,8,68,0,62,1.3857778783351082,36.02846480354677,late
13,12,12,SYCAMORE,TREES,large,S,8,233,113,9,22.22750016315789,10.42593659526885,late
13,12,13,RENO,CITIES,large,R,4,179,154,119,9.090023194166465,1.2513832911353937,late
13,12,14,TEAK,TREES,large,T,4,240,158,208,14.565834834343775,43.90411440790901,late
13,12,15,PALM,TREES,large,P,4,77,83,145,31.90640675079952,27.28054385526287,late
13,12,16,CEDAR,TREES,large,C,5,69,87,125,42.98203860972483,50.69412233523792,late
13,13,1,EUCALYPTUS,TREES,large,E,10,248,87,159,49.229470904466325,18.062443803764154,late
13,13,2,MONARCH,INSECTS,small,M,7,48,143,177,34.498822644060134,39.51357617152448,late
13,13,3,ASH,TREES,large,A,3,249,134,28,76.81917598530822,67.1733799017926,late
13,13,4,ANKLE,BODY PARTS,small,A,5,155,231,233,43.85511996153044,24.104390252112545,late
13,13,5,HAND,BODY PARTS,small,H,4,127,73,226,57.40978406001743,37.93876823989743,late
13,13,6,SCORPION,INSECTS,small,S,8,81,132,162,83.86494445155657,56.60496640467818,late
13,13,7,POPLAR,TREES,large,P,6,27,108,60,55.765377968607105,16.63110271527252,late
13,13,8,ACCORDION,INSTRUMENTS,large,A,9,160,239,53,82.20267144703455,4.26489552699735,late
13,13,9,BONGOS,INSTRUMENTS,large,B,6,159,50,150,44.59232565136838,40.641237770723734,late
13,13,10,XYLOPHONE,INSTRUMENTS,large,X,9,155,127,95,18.566806331567868,50.8856375321088,late
13,13,11,FINGER,BODY PARTS,small,F,6,109,91,211,68.6879181334968,16.988132714200898,late
13,13,12,GUITAR,INSTRUMENTS,large,G,6,240,134,88,13.701057569188656,53.45981120226814,late
13,13,13,WILLOW,TREES,large,W,6,48,153,135,15.018568888014913,71.43842610427838,late
13,13,14,LARVA,INSECTS,small,L,5,205,5,99,4.5199824693481965,18.49736978342594,late
13,13,15,LIP,BODY PARTS,small,L,3,209,56,233,83.97624232258698,35.56242369128559,late
13,13,16,WORM,INSECTS,small,W,4,180,81,127,27.779984840602065,47.31131233689114,late
13,14,1,TRUMPET,INSTRUMENTS,large,T,7,36,133,175,9.866884164482743,43.48098359217698,late
13,14,2,THERMOMETER,KITCHEN-RELATED,small,T,11,232,64,69,32.774247680932795,5.754235396482264,late
13,14,3,PELVIS,BODY PARTS,large,P,6,19,110,204,9.131613786538642,4.336863143017736,late
13,14,4,PARIS,CITIES,large,P,5,100,87,9,45.95655917216885,52.699863916825734,late
13,14,5,PICCOLO,INSTRUMENTS,small,P,7,84,131,193,0.6018081569143363,29.02122389703999,late
13,14,6,BROILER,KITCHEN-RELATED,large,B,7,17,225,114,43.4369010688888,27.994443980364338,late
13,14,7,STOMACH,BODY PARTS,small,S,7,112,28,194,68.62082944524771,3.6488441194947594,late
13,14,8,TUBA,INSTRUMENTS,large,T,4,163,203,144,65.27517361457639,49.24505640687676,late
13,14,9,OVEN,KITCHEN-RELATED,large,O,4,252,131,153,60.645694093186314,34.78762568975098,late
13,14,10,DALLAS,CITIES,large,D,6,158,184,40,47.83949493408669,7.273586154623059,late
13,14,11,ARMS,BODY PARTS,large,A,4,55,102,243,0.6395829729007307,82.67036499587788,late
13,14,12,MUG,KITCHEN-RELATED,small,M,3,2,232,234,13.343491437802586,72.81167868243303,late
13,14,13,TAMBOURINE,INSTRUMENTS,small,T,10,33,193,83,49.42496319191049,48.16957816526659,late
13,14,14,MONTREAL,CITIES,large,M,8,157,252,233,69.44837291272528,73.93277286619892,late
13,14,15,ROME,CITIES,large,R,4,66,205,183,48.88581203596232,58.98701695826713,late
13,14,16,HIP,BODY PARTS,small,H,3,136,48,76,14.406757679257648,82.32311003903595,late
13,15,1,BEETLE,INSECTS,small,B,6,111,16,149,30.6699571888958,4.603652639054975,late
13,15,2,PENNSYLVANIA,STATES,large,P,12,213,165,192,41.85985962672207,42.74205854707202,late
13,15,3,CHRYSALIS,INSECTS,small,C,9,249,137,208,18.054011656751438,62.149692552310604,late
13,15,4,OKRA,VEGETABLES,small,O,4,43,254,33,54.71413671622324,22.812249663219625,late
13,15,5,GINGER,VEGETABLES,small,G,6,243,84,93,31.237874256726865,17.336396974446313,late
13,15,6,PUMPKIN,VEGETABLES,large,P,7,149,152,26,28.725834538811103,46.48918749909846,late
13,15,7,WASP,INSECTS,small,W,4,193,173,43,22.261494005950045,48.09847109809491,late
13,15,8,TEXAS,STATES,large,T,5,219,8,223,36.80286143095945,58.47571075636182,late
13,15,9,RUTABAGA,VEGETABLES,small,R,8,150,182,120,54.28339447905736,10.642280998890083,late
13,15,10,RHINOCEROS,MAMMALS,large,R,10,17,193,148,11.115940758916485,29.405503598839292,late
13,15,11,LLAMA,MAMMALS,large,L,5,61,250,109,75.48619152085374,16.487557575256456,late
13,15,12,OHIO,STATES,large,O,4,133,91,187,80.68048736513882,26.571033162355953,late
13,15,13,TERMITE,INSECTS,small,T,7,248,97,21,68.64386441904203,56.17626801950377,late
13,15,14,FOX,MAMMALS,large,F,3,38,165,22,31.01207415528645,43.642118796949916,late
13,15,15,ALASKA,STATES,large,A,6,79,173,36,66.71732719690498,7.747535175785018,late
13,15,16,RABBIT,MAMMALS,small,R,6,83,47,74,34.02334030910049,81.47000529358797,late
14,0,1,SAUCER,KITCHEN-RELATED,small,S,6,164,210,221,76.7735338844256,25.924042266930705,early
14,0,2,DISH,KITCHEN-RELATED,small,D,4,102,4,224,51.26248802661446,76.28129491392542,early
14,0,3,STRAINER,KITCHEN-RELATED,small,S,8,35,122,134,31.76732389512808,8.263941301098463,early
14,0,4,GRIDDLE,KITCHEN-RELATED,small,G,7,214,154,152,13.871121453210929,71.20569503894569,early
14,0,5,PICKLE,VEGETABLES,small,P,6,139,103,61,20.40501953089671,59.372378699950495,early
14,0,6,ONION,VEGETABLES,small,O,5,220,111,231,65.51726611561391,25.70423185647883,early
14,0,7,BROCCOLI,VEGETABLES,small,B,8,14,6,56,44.752795459080865,0.877611927743521,early
14,0,8,CAULIFLOWER,VEGETABLES,small,C,11,185,14,114,37.032238089985746,37.432222267489514,early
14,0,9,CARPET,BUILDING RELATED,large,C,6,62,68,64,2.7211547765521815,28.968123150574186,early
14,0,10,FOUNDATION,BUILDING RELATED,large,F,10,181,36,3,68.15594709998837,29.7767309570545,early
14,0,11,FLOOR,BUILDING RELATED,large,F,5,217,117,223,63.65009570181025,11.394154894792045,early
14,0,12,ELEVATOR,BUILDING RELATED,large,E,8,131,35,43,65.47673605934138,24.560143140886957,early
14,0,13,LOG,FLOWERS,small,L,3,47,28,235,68.58021775231198,1.771465354888896,early
14,0,14,BUTTERCUP,FLOWERS,small,B,9,82,179,45,65.55684478378807,1.363682475684089,early
14,0,15,AZALEA,FLOWERS,small,A,6,78,112,153,47.22545957220694,56.199779337714865,early
14,0,16,DAHLIA,FLOWERS,small,D,6,125,147,180,56.61380229339863,19.88054261926656,early
14,1,1,DOG,MAMMALS,large,D,3,215,144,148,49.47042176950755,76.08752134587499,early
14,1,2,TIGER,MAMMALS,large,T,5,127,116,145,58.49831031003619,80.26730665729502,early
14,1,3,DONKEY,MAMMALS,large,D,6,100,161,48,37.647107183756695,18.68775950559979,early
14,1,4,HIPPOPOTAMUS,MAMMALS,large,H,12,252,97,130,84.57349500544112,58.68243883797801,early
14,1,5,TULIP,FLOWERS,small,T,5,123,180,112,31.829529248038916,74.7634661787261,early
14,1,6,ROSE,FLOWERS,small,R,4,236,216,184,14.360546287936662,48.78219784816089,early
14,1,7,PETUNIA,FLOWERS,small,P,7,57,103,205,39.95495129195107,27.247813880819326,early
14,1,8,CARNATION,FLOWERS,small,C,9,41,202,110,61.933383407890005,62.156834633556784,early
14,1,9,GAZEBO,BUILDING RELATED,large,G,6,161,55,78,27.905064570577462,78.47947922286882,early
14,1,10,ALCOVE,BUILDING RELATED,large,A,6,120,100,134,67.00355452271127,70.87262176978626,early
14,1,11,BARN,BUILDING RELATED,large,B,4,99,175,53,46.60938591298166,86.87327097176188,early
14,1,12,KITCHEN,BUILDING RELATED,large,K,7,108,30,178,13.191682079341868,33.934402004255645,early
14,1,13,EAR,BODY PARTS,small,E,3,41,184,200,83.865149019006,81.27464652723897,early
14,1,14,KNUCKLE,BODY PARTS,small,K,7,195,226,95,17.009033759979783,33.40634708131325,early
14,1,15,HEART,BODY PARTS,small,H,5,78,67,79,27.640486009536247,25.523120914345213,early
14,1,16,FACE,BODY PARTS,small,F,4,53,89,45,18.04075231153173,39.50474643005563,early
14,2,1,CAMISOLE,CLOTHING,small,C,8,13,211,179,12.939554892092575,17.998851401173066,early
14,2,2,SUIT,CLOTHING,small,S,4,113,201,185,8.659846284064425,48.557454006618926,early
14,2,3,JACKET,CLOTHING,small,J,6,31,188,195,43.40338828412606,19.58115476015994,early
14,2,4,BLOUSE,CLOTHING,small,B,6,229,233,59,61.45577905164688,44.69321779806901,early
14,2,5,CHIMNEY,BUILDING RELATED,large,C,7,113,171,9,42.342708934054606,66.54150482094951,early
14,2,6,FURNACE,BUILDING RELATED,large,F,7,114,91,216,55.86218308231241,58.82796799189149,early
14,2,7,CLOSET,BUILDING RELATED,large,C,6,137,126,18,74.37395106998872,57.669817006493396,early
14,2,8,LOBBY,BUILDING RELATED,large,L,5,221,99,181,23.119238247412838,23.58073322753928,early
14,2,9,EGYPT,COUNTRIES,large,E,5,56,1,157,24.027195568147384,80.75995694642437,early
14,2,10,GERMANY,COUNTRIES,large,G,7,193,8,115,62.147556583473,68.79370734006771,early
14,2,11,CUBA,COUNTRIES,large,C,4,83,83,142,38.658374785254324,39.84756195211577,early
14,2,12,IRAN,COUNTRIES,large,I,4,80,144,133,44.446143260830375,1.3643405896235308,early
14,2,13,SPINACH,VEGETABLES,small,S,7,181,201,50,13.10982563626791,30.511543328005818,early
14,2,14,POTATO,VEGETABLES,small,P,6,192,18,107,55.73365335695289,54.52107999210502,early
14,2,15,ARTICHOKE,VEGETABLES,small,A,9,237,112,81,48.713479989407446,20.248684973345025,early
14,2,16,GARLIC,VEGETABLES,small,G,6,86,171,130,7.248832421505141,45.03846802535822,early
14,3,1,GIRAFFE,MAMMALS,large,G,7,204,109,98,65.03978903232324,58.625425903510816,early
14,3,2,COW,MAMMALS,large,C,3,170,163,76,29.75654594439309,55.199721169292914,early
14,3,3,MOUSE,MAMMALS,small,M,5,213,61,97,83.8686100169946,41.33618098904144,early
14,3,4,HORSE,MAMMALS,large,H,5,146,238,89,3.037519271471294,80.04470407783424,early
14,3,5,STRAWBERRY,FRUITS,small,S,10,118,75,225,54.406978070985595,60.60649487217501,early
14,3,6,GUAVA,FRUITS,small,G,5,185,52,122,46.89151056747855,19.607115560530353,early
14,3,7,KIWI,FRUITS,small,K,4,113,45,232,52.67071179689999,65.28711047743477,early
14,3,8,TANGELO,FRUITS,small,T,7,144,58,29,80.62369519391471,72.37595735682788,early
14,3,9,WINDOW,BUILDING RELATED,large,W,6,137,52,65,23.600830462372098,44.45114709774018,early
14,3,10,DOOR,BUILDING RELATED,large,D,4,161,63,78,62.65044842837147,75.8774372527,early
14,3,11,HALL,BUILDING RELATED,large,H,4,99,84,111,67.70653661683214,16.377364054283,early
14,3,12,CORRIDOR,BUILDING RELATED,large,C,8,206,212,36,13.206480597150136,56.41158299589125,early
14,3,13,POT,KITCHEN-RELATED,large,P,3,103,211,224,74.01666019436335,44.318614306010254,early
14,3,14,REFRIGERATOR,KITCHEN-RELATED,large,R,12,246,250,58,42.96045658328046,28.232296296693292,early
14,3,15,GLASS,KITCHEN-RELATED,small,G,5,81,6,201,25.110816122655596,27.881366471214328,early
14,3,16,SPATULA,KITCHEN-RELATED,small,S,7,159,186,131,26.051977064202422,75.71113858601909,early
14,4,1,BASS,INSTRUMENTS,large,B,4,56,84,253,72.81389126394716,30.05334906134364,early
14,4,2,VIOLA,INSTRUMENTS,large,V,5,130,13,123,64.0357833458459,75.26565212417958,early
14,4,3,TROMBONE,INSTRUMENTS,large,T,8,171,170,91,21.326496645489378,3.924950847713971,early
14,4,4,MARACAS,INSTRUMENTS,small,M,7,82,95,66,70.82340254314634,38.67600472730578,early
14,4,5,ZEBRA,MAMMALS,large,Z,5,184,155,171,16.577359831630993,45.41248772963639,early
14,4,6,ELEPHANT,MAMMALS,large,E,8,31,100,86,84.79229515081704,6.941395711619787,early
14,4,7,PIG,MAMMALS,large,P,3,160,5,167,40.61614621018213,34.45744630190978,early
14,4,8,LION,MAMMALS,large,L,4,139,207,131,26.018180432194765,46.25200002407695,early
14,4,9,CELERY,VEGETABLES,small,C,6,131,98,102,81.82326063873374,57.75294144959906,early
14,4,10,CARROT,VEGETABLES,small,C,6,241,111,200,14.736775944961364,76.6819643370999,early
14,4,11,LETTUCE,VEGETABLES,small,L,7,52,69,214,14.045938312796672,41.948018791824076,early
14,4,12,YAMS,VEGETABLES,small,Y,4,183,48,254,38.10156314858363,59.67661130758334,early
14,4,13,ETHIOPIA,COUNTRIES,large,E,8,45,206,171,2.8679767852588576,14.803961014841466,early
14,4,14,AUSTRALIA,COUNTRIES,large,A,9,117,101,8,34.21674439566699,6.231891400174405,early
14,4,15,POLAND,COUNTRIES,large,P,6,163,176,162,46.704935962220276,38.13093097695287,early
14,4,16,ITALY,COUNTRIES,large,I,5,78,198,147,26.89588256484063,46.48289317621535,early
14,5,1,BELT,CLOTHING,small,B,4,212,5,75,31.934695723564243,25.319551917387546,early
14,5,2,SHIRT,CLOTHING,small,S,5,237,4,187,42.10236723457896,2.49219910833245,early
14,5,3,JUMPER,CLOTHING,small,J,6,201,79,38,60.325706692781715,76.66518161146112,early
14,5,4,ROBE,CLOTHING,small,R,4,131,81,54,15.060245016678412,50.33437180165986,early
14,5,5,OAK,TREES,large,O,3,22,212,206,45.550779485802224,83.74326900995565,early
14,5,6,SPRUCE,TREES,large,S,6,95,175,36,47.1460869303769,29.857384542275643,early
14,5,7,COTTONWOOD,TREES,large,C,10,142,24,137,0.8047634091943601,51.49894058934789,early
14,5,8,EVERGREEN,TREES,large,E,9,157,209,128,73.43324745885397,48.368654730753555,early
14,5,9,MARIMBA,INSTRUMENTS,large,M,7,200,138,187,51.26610676486321,41.510143049776765,early
14,5,10,UKULELE,INSTRUMENTS,small,U,7,228,182,15,21.780089719365346,48.912672118046885,early
14,5,11,BANJO,INSTRUMENTS,large,B,5,11,149,237,59.478570249772496,13.877061227568209,early
14,5,12,HARMONICA,INSTRUMENTS,small,H,9,205,153,97,67.50965914229613,15.707691746247672,early
14,5,13,BLENDER,KITCHEN-RELATED,large,B,7,253,54,9,19.943500702919632,63.45945141065865,early
14,5,14,COLANDER,KITCHEN-RELATED,small,C,8,192,184,89,20.472089548746155,75.4869164100418,early
14,5,15,CUP,KITCHEN-RELATED,small,C,3,30,170,170,48.15532587594797,20.98464855561933,early
14,5,16,MIXER,KITCHEN-RELATED,large,M,5,9,152,216,62.11614455967133,9.419283511746684,early
14,6,1,GOAT,MAMMALS,large,G,4,1,44,49,2.8287834479958507,47.7465689399945,early
14,6,2,WOLF,MAMMALS,large,W,4,126,201,17,5.462019276322671,41.67618419295042,early
14,6,3,SHEEP,MAMMALS,large,S,5,0,52,124,45.31992565562143,35.94939329529884,early
14,6,4,PANTHER,MAMMALS,large,P,7,164,230,61,67.79993960458579,77.08461733294745,early
14,6,5,SQUASH,VEGETABLES,small,S,6,76,108,190,31.188979706570766,7.702446675306939,early
14,6,6,ZUCCHINI,VEGETABLES,small,Z,8,32,203,173,61.675099629985326,4.623514295355098,early
14,6,7,OLIVE,VEGETABLES,small,O,5,112,193,16,0.172366829978432,12.47551256533248,early
14,6,8,AUBERGINE,VEGETABLES,small,A,9,209,104,178,82.56348990229844,40.45706300321048,early
14,6,9,SHOULDER,BODY PARTS,small,S,8,244,7,110,0.14935718230515427,75.23631319736796,early
14,6,10,FOOT,BODY PARTS,small,F,4,166,192,218,68.21871369332725,75.69919847369701,early
14,6,11,ELBOW,BODY PARTS,small,E,5,150,0,251,21.287096561446855,3.0864386085418594,early
14,6,12,KIDNEY,BODY PARTS,small,K,6,87,81,159,8.6493491956368,51.067183854359016,early
14,6,13,BOMBAY,CITIES,large,B,6,77,225,209,18.577277822514496,22.557228773448475,early
14,6,14,MIAMI,CITIES,large,M,5,6,49,202,59.57733251710895,10.589473678810098,early
14,6,15,TORONTO,CITIES,large,T,7,244,4,59,67.3413709759174,64.54015336152203,early
14,6,16,STOCKHOLM,CITIES,large,S,9,22,99,248,58.85778535601063,13.545185761828558,early
14,7,1,CALIFORNIA,STATES,large,C,10,120,225,170,30.296741784022238,49.06833668207944,early
14,7,2,VERMONT,STATES,large,V,7,170,45,103,72.56461678468057,29.681393754290387,early
14,7,3,WISCONSIN,STATES,large,W,9,222,12,78,77.3408779417743,53.8988863068122,early
14,7,4,HAWAII,STATES,large,H,6,11,145,127,44.321666167948734,4.973183987090129,early
14,7,5,PHILADELPHIA,CITIES,large,P,12,106,198,74,82.60491276081972,28.523221111293864,early
14,7,6,VANCOUVER,CITIES,large,V,9,186,132,71,29.6107325326325,60.71777363059321,early
14,7,7,TOKYO,CITIES,large,T,5,196,93,61,15.859327709304074,59.75913026149848,early
14,7,8,JERUSALEM,CITIES,large,J,9,10,254,199,30.446210500295788,5.340945496791312,early
14,7,9,WASHER,TOOLS,small,W,6,78,251,141,39.54584752603165,30.148345090301998,early
14,7,10,GLUE,TOOLS,small,G,4,187,234,227,5.2749647952525205,40.78064709964747,early
14,7,11,RULER,TOOLS,small,R,5,136,25,94,48.00274481505654,19.520686721605298,early
14,7,12,NUTS,TOOLS,small,N,4,66,225,128,42.39984021925014,9.63852246357878,early
14,7,13,KUMQUAT,FRUITS,small,K,7,236,232,134,58.3709034851554,14.829078593708429,early
14,7,14,MANGO,FRUITS,small,M,5,243,164,88,38.94918410828617,39.35636341070528,early
14,7,15,NECTARINE,FRUITS,small,N,9,98,101,239,44.435584061639084,67.78886914698926,early
14,7,16,BANANA,FRUITS,small,B,6,192,214,14,61.013556876106534,43.48477653405398,early
14,8,1,TOOTH,BODY PARTS,small,T,5,173,182,250,10.207787858883272,37.93160827625312,late
14,8,2,KANSAS,STATES,large,K,6,173,135,50,30.558694093308976,23.568898473485106,late
14,8,3,MOOSE,MAMMALS,large,M,5,77,135,188,16.047490955124193,61.673251645564704,late
14,8,4,RACOON,MAMMALS,large,R,6,224,228,142,47.77278606296921,13.095519206142718,late
14,8,5,TONGUE,BODY PARTS,small,T,6,38,190,1,47.04599321316731,62.689372713465325,late
14,8,6,PEAR,FRUITS,small,P,4,137,202,187,65.73462580969807,59.856539707847816,late
14,8,7,MONKEY,MAMMALS,large,M,6,247,88,134,34.15071371736921,62.418856022507896,late
14,8,8,PANCREAS,BODY PARTS,small,P,8,140,211,121,5.064158295067756,9.037662262364147,late
14,8,9,ANTELOPE,MAMMALS,large,A,8,241,89,178,72.88828340257331,25.073076517318434,late
14,8,10,FLORIDA,STATES,large,F,7,39,173,74,22.688940969161933,77.8710276094039,late
14,8,11,POMEGRANATE,FRUITS,small,P,11,173,2,54,43.190938248614316,7.312476070934448,late
14,8,12,IOWA,STATES,large,I,4,220,136,180,65.42113954903108,43.41373386762965,late
14,8,13,RIB,BODY PARTS,small,R,3,25,170,50,22.01343478783675,8.782996801853962,late
14,8,14,MICHIGAN,STATES,large,M,8,140,114,40,20.56728178566337,2.0580022147807835,late
14,8,15,CLEMENTINE,FRUITS,small,C,10,96,125,178,4.552585582766202,2.17028938767047,late
14,8,16,LEMON,FRUITS,small,L,5,92,44,140,82.18911387244518,63.4552816957358,late
14,9,1,BERLIN,CITIES,large,B,6,108,196,181,61.14147243070553,57.2951017474197,late
14,9,2,RENO,CITIES,large,R,4,231,151,55,13.739182857818465,74.36013420899886,late
14,9,3,MILLIPEDE,INSECTS,small,M,9,163,212,249,84.60961112215593,35.46223469657249,late
14,9,4,CEDAR,TREES,large,C,5,106,47,227,11.089474628063359,16.748777764871022,late
14,9,5,SYCAMORE,TREES,large,S,8,128,168,133,42.85946211106142,52.25932147201897,late
14,9,6,MOSQUITO,INSECTS,small,M,8,18,93,172,66.90461109850159,23.78447333380697,late
14,9,7,SYDNEY,CITIES,large,S,6,211,206,223,13.520261891069808,61.92011120596994,late
14,9,8,TEAK,TREES,large,T,4,135,190,164,8.236907629783156,33.91914591193596,late
14,9,9,TROUSERS,CLOTHING,small,T,8,106,180,122,52.496728927694924,12.97333226243461,late
14,9,10,SWEATER,CLOTHING,small,S,7,159,219,117,72.62102459308898,57.8922976471669,late
14,9,11,PALM,TREES,large,P,4,113,131,241,34.63091274281229,39.658071466356944,late
14,9,12,GLOVES,CLOTHING,small,G,6,135,139,244,6.508447545691008,48.8052901628883,late
14,9,13,HORNET,INSECTS,small,H,6,178,140,116,45.34441748434409,50.313885245594584,late
14,9,14,CHICAGO,CITIES,large,C,7,9,23,129,77.13127329685935,56.592042257009446,late
14,9,15,MANTIS,INSECTS,small,M,6,173,226,144,73.38985816994291,50.91601960651586,late
14,9,16,BRA,CLOTHING,small,B,3,81,153,121,5.223307725649424,13.335622262488712,late
14,10,1,ASH,TREES,large,A,3,164,243,100,12.77482075007481,42.57580792966042,late
14,10,2,EUCALYPTUS,TREES,large,E,10,36,148,251,45.30513589497916,37.431075523819764,late
14,10,3,GUITAR,INSTRUMENTS,large,G,6,81,25,73,49.85686769419723,46.81155739173379,late
14,10,4,LIP,BODY PARTS,small,L,3,64,110,217,35.74141390372554,45.719322035934226,late
14,10,5,SCORPION,INSECTS,small,S,8,45,156,185,58.10395070699973,58.793690714857775,late
14,10,6,LARVA,INSECTS,small,L,5,251,225,32,5.122192950571849,53.092885970605366,late
14,10,7,WILLOW,TREES,large,W,6,50,78,108,58.67958539544952,75.75030462587033,late
14,10,8,XYLOPHONE,INSTRUMENTS,large,X,9,198,216,170,37.671732479432045,37.948649701909055,late
14,10,9,ACCORDION,INSTRUMENTS,large,A,9,224,161,70,18.84359435203253,65.00520807951669,late
14,10,10,ANKLE,BODY PARTS,small,A,5,36,137,117,62.847523408076974,77.44211747126845,late
14,10,11,BONGOS,INSTRUMENTS,large,B,6,89,238,90,25.640999027950762,65.49207038564234,late
14,10,12,MONARCH,INSECTS,small,M,7,210,182,85,77.87494165218592,49.94073045292803,late
14,10,13,FINGER,BODY PARTS,small,F,6,130,146,114,36.357650802637124,63.521913218805615,late
14,10,14,HAND,BODY PARTS,small,H,4,118,51,254,2.432758895783204,79.04025582677774,late
14,10,15,WORM,INSECTS,small,W,4,72,234,82,21.407849994653525,30.173654745634202,late
14,10,16,POPLAR,TREES,large,P,6,219,239,85,24.17391664942371,16.475343914148304,late
14,11,1,JAPAN,COUNTRIES,large,J,5,129,177,106,33.10335650141651,35.08608404951178,late
14,11,2,CAT,MAMMALS,large,C,3,148,1,34,21.414616157777218,81.92784352166353,late
14,11,3,PROTRACTOR,TOOLS,small,P,10,173,176,137,30.98781963974741,12.735111860880604,late
14,11,4,SQUIRREL,MAMMALS,small,S,8,164,230,143,67.02000286329064,63.32366490493269,late
14,11,5,LEOPARD,MAMMALS,large,L,7,51,4,134,5.575956034616038,25.92490561729134,late
14,11,6,KAZOO,INSTRUMENTS,small,K,5,237,245,243,6.795289816703017,61.209747112967854,late
14,11,7,SWITZERLAND,COUNTRIES,large,S,11,194,25,121,41.073437867320514,53.960800447191424,late
14,11,8,CLARINET,INSTRUMENTS,small,C,8,44,121,196,54.978582498956534,11.66360075130659,late
14,11,9,PIANO,INSTRUMENTS,large,P,5,85,26,131,61.29228045848847,32.145396654001885,late
14,11,10,CHISEL,TOOLS,small,C,6,106,126,116,29.54243177772542,59.26256340982468,late
14,11,11,SAW,TOOLS,small,S,3,34,79,164,39.214858764014316,81.42223296416098,late
14,11,12,ENGLAND,COUNTRIES,large,E,7,151,10,197,23.098287292698394,60.807286965299674,late
14,11,13,FERRET,MAMMALS,small,F,6,177,172,111,37.91520848539204,6.724130906509775,late
14,11,14,FRANCE,COUNTRIES,large,F,6,232,7,220,46.95348708831406,58.66688310904029,late
14,11,15,BOLTS,TOOLS,small,B,5,92,13,13,54.12416691431074,46.20129647313084,late
14,11,16,DRUM,INSTRUMENTS,large,D,4,217,200,199,14.007965905972059,15.81074296070261,late
14,12,1,MONTANA,STATES,large,M,7,163,243,131,38.12820234406579,59.10125181257004,late
14,12,2,MAINE,STATES,large,M,5,70,126,133,15.54674736451443,80.65029613906368,late
14,12,3,SKILLET,KITCHEN-RELATED,large,S,7,154,174,41,32.124119228906316,66.83478374905056,late
14,12,4,UNDERWEAR,CLOTHING,small,U,9,220,51,85,17.71204540230834,7.256653247782952,late
14,12,5,LILY,FLOWERS,small,L,4,35,236,184,46.09797947990765,1.1804163444640476,late
14,12,6,KNIFE,KITCHEN-RELATED,small,K,5,224,243,103,45.356227207546326,13.531168284831336,late
14,12,7,UTAH,STATES,large,U,4,145,142,46,53.172309335158744,54.32960456025353,late
14,12,8,PANTS,CLOTHING,small,P,5,186,85,144,76.18536399329756,21.78422883029816,late
14,12,9,DRESS,CLOTHING,small,D,5,66,151,210,47.08351313748699,70.079732240637,late
14,12,10,TOASTER,KITCHEN-RELATED,large,T,7,93,154,152,26.790911516786682,18.42652627604933,late
14,12,11,NARCISSUS,FLOWERS,small,N,9,228,145,140,31.449509685423198,17.716449474577203,late
14,12,12,GIRDLE,CLOTHING,small,G,6,145,171,89,55.16170603451513,45.49433400234643,late
14,12,13,SUNFLOWER,FLOWERS,small,S,9,72,216,27,49.49012094143957,37.28964053715949,late
14,12,14,ARIZONA,STATES,large,A,7,35,134,44,66.9172530234784,62.736204306308586,late
14,12,15,DAISY,FLOWERS,small,D,5,173,131,58,21.31807912960237,26.118568348691248,late
14,12,16,FORK,KITCHEN-RELATED,small,F,4,146,51,237,23.388538564434302,44.52622909529719,late
14,13,1,ROME,CITIES,large,R,4,234,252,244,45.62964562713003,8.384876156326511,late
14,13,2,MONTREAL,CITIES,large,M,8,246,143,252,60.50150122989253,17.361538307458606,late
14,13,3,BROILER,KITCHEN-RELATED,large,B,7,80,245,223,80.06027619559123,18.09033110408792,late
14,13,4,PELVIS,BODY PARTS,large,P,6,10,174,185,37.95197403435449,58.99403725270098,late
14,13,5,MUG,KITCHEN-RELATED,small,M,3,121,77,30,18.297140270698673,17.01342562262941,late
14,13,6,HIP,BODY PARTS,small,H,3,247,71,88,37.147005440749524,68.58072540557157,late
14,13,7,THERMOMETER,KITCHEN-RELATED,small,T,11,218,97,115,59.27007286084852,42.652614894978825,late
14,13,8,DALLAS,CITIES,large,D,6,171,51,70,20.94390996797677,60.13546675530763,late
14,13,9,TRUMPET,INSTRUMENTS,large,T,7,121,162,20,44.16373393118894,48.18264527564715,late
14,13,10,TUBA,INSTRUMENTS,large,T,4,44,149,179,22.650099089146252,51.25529469956427,late
14,13,11,STOMACH,BODY PARTS,small,S,7,172,155,123,59.831477994712515,30.352692084618756,late
14,13,12,ARMS,BODY PARTS,large,A,4,202,153,82,2.5145652263232456,37.90535260548832,late
14,13,13,PARIS,CITIES,large,P,5,59,203,228,25.812456460591935,41.7233583236001,late
14,13,14,PICCOLO,INSTRUMENTS,small,P,7,71,21,40,24.799031829212286,72.89018474417247,late
14,13,15,TAMBOURINE,INSTRUMENTS,small,T,10,89,210,212,41.51127700221136,4.88546917907231,late
14,13,16,OVEN,KITCHEN-RELATED,large,O,4,61,81,159,80.67737106796955,29.261398798124155,late
14,14,1,ALASKA,STATES,large,A,6,239,9,209,65.08513504989364,28.053854765626422,late
14,14,2,RHINOCEROS,MAMMALS,large,R,10,82,213,86,4.469770149025876,5.378066419391039,late
14,14,3,CHRYSALIS,INSECTS,small,C,9,125,253,7,12.023422634950968,37.88807718498571,late
14,14,4,OHIO,STATES,large,O,4,181,137,127,26.96194120741516,57.343591182106714,late
14,14,5,WASP,INSECTS,small,W,4,80,172,54,15.048999716251885,31.764107937408852,late
14,14,6,PUMPKIN,VEGETABLES,large,P,7,21,56,207,21.607210784385526,78.14177485514362,late
14,14,7,FOX,MAMMALS,large,F,3,222,203,53,21.650271405952854,17.86393210941496,late
14,14,8,RUTABAGA,VEGETABLES,small,R,8,220,147,203,45.78013743950828,60.557402790086904,late
14,14,9,LLAMA,MAMMALS,large,L,5,185,70,175,83.99793265453378,4.80327248482598,late
14,14,10,BEETLE,INSECTS,small,B,6,0,106,80,49.87323680292785,64.01990104543539,late
14,14,11,GINGER,VEGETABLES,small,G,6,241,176,144,11.964333519649804,50.11585360311689,late
14,14,12,PENNSYLVANIA,STATES,large,P,12,60,9,143,36.03835576121337,60.40091771938769,late
14,14,13,TEXAS,STATES,large,T,5,204,6,220,0.3723751392911123,83.37466556960301,late
14,14,14,RABBIT,MAMMALS,small,R,6,219,92,15,61.76618968794271,60.41807642207124,late
14,14,15,OKRA,VEGETABLES,small,O,4,190,208,184,65.13472906895014,3.7973046447385688,late
14,14,16,TERMITE,INSECTS,small,T,7,59,203,203,40.17927637441768,66.97975472298972,late
14,15,1,WEDGE,TOOLS,small,W,5,0,215,229,60.54608496458898,65.44866071902946,late
14,15,2,CELLO,INSTRUMENTS,large,C,5,27,124,139,27.164891525588462,56.34989861053436,late
14,15,3,PLUM,FRUITS,small,P,4,187,225,223,66.11973950573326,5.441052508007404,late
14,15,4,SAXOPHONE,INSTRUMENTS,large,S,9,78,214,219,69.27345191579735,18.53602419660843,late
14,15,5,PINE,TREES,large,P,4,144,10,238,71.56929420262576,54.226188306067634,late
14,15,6,HONEYDEW,FRUITS,small,H,8,41,63,122,36.446850668740225,36.66768330808813,late
14,15,7,ELM,TREES,large,E,3,200,180,140,61.191877783131936,6.998732396786446,late
14,15,8,HAMMER,TOOLS,small,H,6,148,241,141,28.247206639487324,65.31732824024677,late
14,15,9,SCREWS,TOOLS,small,S,6,174,128,239,57.19244417795161,45.425757485584406,late
14,15,10,HICKORY,TREES,large,H,7,49,15,244,41.99303724834788,56.10395275978593,late
14,15,11,WIRE,TOOLS,small,W,4,130,116,106,62.691129155575645,50.816713714678365,late
14,15,12,FIG,FRUITS,small,F,3,158,134,67,81.08729260886714,3.7836118191507477,late
14,15,13,TRIANGLE,INSTRUMENTS,small,T,8,118,100,163,12.245132590046083,72.31280559059257,late
14,15,14,MAPLE,TREES,large,M,5,129,247,7,29.006933801473217,54.78960395742792,late
14,15,15,VIOLIN,INSTRUMENTS,large,V,6,29,201,243,76.03631068157908,16.325236159248657,late
14,15,16,RASPBERRY,FRUITS,small,R,9,112,19,33,71.17341760516464,41.833468615494674,late
15,0,1,FINGER,BODY PARTS,small,F,6,237,82,140,61.955449207830426,41.56431609833036,early
15,0,2,LIP,BODY PARTS,small,L,3,93,180,77,54.18231875201801,42.03300929875019,early
15,0,3,ANKLE,BODY PARTS,small,A,5,71,108,209,14.66658787961334,84.01226434644235,early
15,0,4,HAND,BODY PARTS,small,H,4,245,121,80,36.36039761925176,61.671780333859445,early
15,0,5,ACCORDION,INSTRUMENTS,large,A,9,27,18,123,26.884001423367188,27.25924367545626,early
15,0,6,XYLOPHONE,INSTRUMENTS,large,X,9,197,19,96,53.8303050917503,42.7482166224436,early
15,0,7,BONGOS,INSTRUMENTS,large,B,6,215,170,168,11.338511220269346,74.16860108336988,early
15,0,8,GUITAR,INSTRUMENTS,large,G,6,229,179,33,75.20981353463837,26.87932661924643,early
15,0,9,ASH,TREES,large,A,3,25,14,141,46.876396750810585,88.16183660696612,early
15,0,10,POPLAR,TREES,large,P,6,11,122,189,15.188427419161773,1.8356713739313424,early
15,0,11,WILLOW,TREES,large,W,6,181,93,129,14.3881925283339,48.01316741796986,early
15,0,12,EUCALYPTUS,TREES,large,E,10,176,203,129,74.49079973039237,20.26743696825388,early
15,0,13,MONARCH,INSECTS,small,M,7,35,241,212,16.925486687889997,66.21663791641458,early
15,0,14,WORM,INSECTS,small,W,4,194,236,169,38.928933972312045,66.19243932049145,early
15,0,15,SCORPION,INSECTS,small,S,8,62,58,73,76.16402492645271,31.44872270884979,early
15,0,16,LARVA,INSECTS,small,L,5,7,226,186,54.622999484343,37.80828697118726,early
15,1,1,CLOSET,BUILDING RELATED,large,C,6,60,208,230,51.89594949122428,15.16531595567113,early
15,1,2,CHIMNEY,BUILDING RELATED,large,C,7,230,247,185,50.32143366156716,20.14091064884207,early
15,1,3,FURNACE,BUILDING RELATED,large,F,7,113,25,64,0.26302542599046963,43.63162650817941,early
15,1,4,LOBBY,BUILDING RELATED,large,L,5,115,150,120,73.51703922594216,2.7450428853139863,early
15,1,5,ARTICHOKE,VEGETABLES,small,A,9,35,116,189,35.760961220090955,36.9189589048314,early
15,1,6,POTATO,VEGETABLES,small,P,6,163,244,158,74.24437245377672,77.47155464640453,early
15,1,7,GARLIC,VEGETABLES,small,G,6,132,123,127,83.60002563450092,41.94051487756281,early
15,1,8,SPINACH,VEGETABLES,small,S,7,3,243,185,45.60003729317203,38.82196997254785,early
15,1,9,SUIT,CLOTHING,small,S,4,86,218,39,84.03717146911221,8.32121328390628,early
15,1,10,CAMISOLE,CLOTHING,small,C,8,25,235,51,62.91851898717495,75.03716414968851,early
15,1,11,BLOUSE,CLOTHING,small,B,6,1,213,209,27.238518599413705,15.251806789896268,early
15,1,12,JACKET,CLOTHING,small,J,6,92,136,116,39.55427142784496,44.40210968181478,early
15,1,13,IRAN,COUNTRIES,large,I,4,101,222,87,54.00808287441314,28.97369415574415,early
15,1,14,GERMANY,COUNTRIES,large,G,7,59,254,244,24.669910702404643,66.243896287689,early
15,1,15,CUBA,COUNTRIES,large,C,4,245,240,219,12.98056625163123,62.63945280652586,early
15,1,16,EGYPT,COUNTRIES,large,E,5,79,159,67,0.9361404861493972,25.332256417704563,early
15,2,1,CELLO,INSTRUMENTS,large,C,5,186,227,140,66.01562955821711,63.87732901459042,early
15,2,2,VIOLIN,INSTRUMENTS,large,V,6,34,81,200,6.736060082554728,28.532296298366763,early
15,2,3,SAXOPHONE,INSTRUMENTS,large,S,9,25,76,242,9.826494455617645,17.256763430848842,early
15,2,4,TRIANGLE,INSTRUMENTS,small,T,8,18,142,60,12.699110634862457,10.483812165587834,early
15,2,5,ELM,TREES,large,E,3,230,78,138,25.93640210591811,35.86100758460281,early
15,2,6,HICKORY,TREES,large,H,7,151,146,123,15.797180502483144,78.15570564719899,early
15,2,7,PINE,TREES,large,P,4,23,133,130,75.36984692374402,38.10523659657293,early
15,2,8,MAPLE,TREES,large,M,5,112,32,14,2.6404190005300987,35.18484893037861,early
15,2,9,WEDGE,TOOLS,small,W,5,65,83,183,26.63053386391373,39.21734357083892,early
15,2,10,WIRE,TOOLS,small,W,4,26,106,233,63.89913787143207,44.81114576244495,early
15,2,11,HAMMER,TOOLS,small,H,6,227,249,191,68.77849607054473,10.175630187691041,early
15,2,12,SCREWS,TOOLS,small,S,6,109,28,49,56.686479087511216,24.31786911058705,early
15,2,13,RASPBERRY,FRUITS,small,R,9,158,102,46,5.979624281955818,53.00011050506806,early
15,2,14,HONEYDEW,FRUITS,small,H,8,243,135,161,77.34641371808804,20.32502254105887,early
15,2,15,FIG,FRUITS,small,F,3,0,218,103,0.49619541804528877,39.230462911725695,early
15,2,16,PLUM,FRUITS,small,P,4,149,103,136,70.70619223545731,31.908115740444593,early
15,3,1,RULER,TOOLS,small,R,5,101,159,96,46.083655009861296,66.36882867708032,early
15,3,2,WASHER,TOOLS,small,W,6,99,127,38,22.131525718366262,62.02834790777059,early
15,3,3,GLUE,TOOLS,small,G,4,152,79,64,65.09221895481315,77.4979303833026,early
15,3,4,NUTS,TOOLS,small,N,4,32,155,143,64.38994671812651,52.68944653454918,early
15,3,5,VANCOUVER,CITIES,large,V,9,222,35,198,70.86118510722956,42.0096161122125,early
15,3,6,JERUSALEM,CITIES,large,J,9,93,25,170,17.0660529551751,33.75424755541773,early
15,3,7,TOKYO,CITIES,large,T,5,110,215,161,8.177526149558558,81.9345069945939,early
15,3,8,PHILADELPHIA,CITIES,large,P,12,214,191,37,18.12203029721032,7.7679511885326775,early
15,3,9,CALIFORNIA,STATES,large,C,10,73,217,59,9.399302104486715,30.51625741400022,early
15,3,10,VERMONT,STATES,large,V,7,134,225,57,46.754082492589035,3.3632577769612064,early
15,3,11,WISCONSIN,STATES,large,W,9,147,5,81,68.81978095265853,54.346492014452124,early
15,3,12,HAWAII,STATES,large,H,6,157,7,41,70.75775113817058,31.872724046428594,early
15,3,13,MANGO,FRUITS,small,M,5,142,58,142,24.968427853837714,62.282540518274764,early
15,3,14,BANANA,FRUITS,small,B,6,39,126,121,55.182991266858394,13.94875772513809,early
15,3,15,NECTARINE,FRUITS,small,N,9,189,132,161,34.36717886740147,58.86112562569667,early
15,3,16,KUMQUAT,FRUITS,small,K,7,242,132,231,63.94684826374833,23.679242872306673,early
15,4,1,OAK,TREES,large,O,3,11,158,171,59.12186604157014,78.11117734859815,early
15,4,2,EVERGREEN,TREES,large,E,9,225,200,175,23.570500454629517,20.6681719164632,early
15,4,3,SPRUCE,TREES,large,S,6,164,201,6,70.9683601376281,46.268963416659666,early
15,4,4,COTTONWOOD,TREES,large,C,10,222,216,237,56.34627204473605,28.349208928340804,early
15,4,5,ROBE,CLOTHING,small,R,4,229,150,212,33.13906787317817,75.46665232148193,early
15,4,6,JUMPER,CLOTHING,small,J,6,42,68,143,32.15908937372891,4.94893434069702,early
15,4,7,BELT,CLOTHING,small,B,4,34,109,15,67.39859061975933,87.06861725740285,early
15,4,8,SHIRT,CLOTHING,small,S,5,211,192,212,13.596590641308797,84.13904474966655,early
15,4,9,HARMONICA,INSTRUMENTS,small,H,9,104,235,251,29.203228133788944,3.756093584771608,early
15,4,10,UKULELE,INSTRUMENTS,small,U,7,68,114,156,58.83272282745386,75.85415951215826,early
15,4,11,BANJO,INSTRUMENTS,large,B,5,180,223,216,75.98099854996565,25.173742138614916,early
15,4,12,MARIMBA,INSTRUMENTS,large,M,7,196,53,108,45.8960013627312,9.600082785622751,early
15,4,13,BLENDER,KITCHEN-RELATED,large,B,7,135,69,7,23.2080464961519,78.6281685563597,early
15,4,14,COLANDER,KITCHEN-RELATED,small,C,8,22,253,237,8.887121316614312,45.32319893033434,early
15,4,15,CUP,KITCHEN-RELATED,small,C,3,223,79,176,14.939666496281244,65.54973267166078,early
15,4,16,MIXER,KITCHEN-RELATED,large,M,5,213,241,43,8.916564336762892,70.67748130430354,early
15,5,1,TUBA,INSTRUMENTS,large,T,4,60,84,226,0.15417738257683444,1.666893410247365,early
15,5,2,PICCOLO,INSTRUMENTS,small,P,7,52,126,235,83.4273373206647,51.80676212213519,early
15,5,3,TAMBOURINE,INSTRUMENTS,small,T,10,6,90,162,0.8029582235947108,38.75565629999326,early
15,5,4,TRUMPET,INSTRUMENTS,large,T,7,101,12,60,24.070129223633153,22.729175907857265,early
15,5,5,PELVIS,BODY PARTS,large,P,6,86,64,71,52.92732714524739,62.60254735221174,early
15,5,6,ARMS,BODY PARTS,large,A,4,62,34,232,25.622532617845962,84.70703685236191,early
15,5,7,STOMACH,BODY PARTS,small,S,7,117,149,240,31.310355041268714,51.54373760346709,early
15,5,8,HIP,BODY PARTS,small,H,3,9,94,145,54.65137160177002,64.36052383042116,early
15,5,9,DALLAS,CITIES,large,D,6,12,97,170,53.471825409269535,58.51937706870926,early
15,5,10,PARIS,CITIES,large,P,5,156,16,174,68.48972756214054,25.68363293153976,early
15,5,11,ROME,CITIES,large,R,4,120,122,123,53.281104193655324,32.81689871121776,early
15,5,12,MONTREAL,CITIES,large,M,8,105,235,225,0.3355778442131463,32.08046675397168,early
15,5,13,MUG,KITCHEN-RELATED,small,M,3,243,117,40,65.62833044172586,45.03711500853426,early
15,5,14,BROILER,KITCHEN-RELATED,large,B,7,234,133,3,58.266506798170084,48.089575328246745,early
15,5,15,THERMOMETER,KITCHEN-RELATED,small,T,11,241,161,158,53.49395354970977,37.758215394113634,early
15,5,16,OVEN,KITCHEN-RELATED,large,O,4,206,33,220,20.25718477551465,29.079602570639516,early
15,6,1,BRA,CLOTHING,small,B,3,97,187,213,14.775928483220909,38.626732471188724,early
15,6,2,SWEATER,CLOTHING,small,S,7,188,235,147,78.03192923145969,31.502445011564635,early
15,6,3,TROUSERS,CLOTHING,small,T,8,229,100,38,70.90542878891371,32.99299031607944,early
15,6,4,GLOVES,CLOTHING,small,G,6,15,131,196,2.4519679996312824,10.798282139705893,early
15,6,5,TEAK,TREES,large,T,4,22,152,236,29.753372136827785,43.5559530940509,early
15,6,6,PALM,TREES,large,P,4,20,135,177,32.000346021930575,76.22385125470376,early
15,6,7,CEDAR,TREES,large,C,5,16,101,35,25.364483747773285,0.1095515667666469,early
15,6,8,SYCAMORE,TREES,large,S,8,189,247,224,34.15918680696783,36.87074544827899,early
15,6,9,CHICAGO,CITIES,large,C,7,68,140,84,45.924961463683175,32.43945203536357,early
15,6,10,BERLIN,CITIES,large,B,6,37,56,217,31.317434607678283,63.96518119559501,early
15,6,11,RENO,CITIES,large,R,4,70,183,177,18.03355376355278,75.58391183373227,early
15,6,12,SYDNEY,CITIES,large,S,6,252,226,163,73.25571437261151,57.175415389302586,early
15,6,13,HORNET,INSECTS,small,H,6,82,20,11,12.086205607230164,55.7037001857071,early
15,6,14,MANTIS,INSECTS,small,M,6,85,186,130,79.28617256505402,34.18977234267675,early
15,6,15,MOSQUITO,INSECTS,small,M,8,181,94,85,57.28967245769948,2.278743282925367,early
15,6,16,MILLIPEDE,INSECTS,small,M,9,242,147,228,53.64455570881395,5.795140475740791,early
15,7,1,DOG,MAMMALS,large,D,3,248,165,186,72.29472426760721,72.92930968844519,early
15,7,2,TIGER,MAMMALS,large,T,5,49,93,144,32.74059341762741,69.8450210573424,early
15,7,3,DONKEY,MAMMALS,large,D,6,135,168,203,81.35714161599499,17.493013631350962,early
15,7,4,HIPPOPOTAMUS,MAMMALS,large,H,12,80,187,65,69.42958909066937,15.77571235521647,early
15,7,5,KNUCKLE,BODY PARTS,small,K,7,237,98,127,50.6208584117733,46.68086803982278,early
15,7,6,HEART,BODY PARTS,small,H,5,219,0,243,74.5685186323147,17.97562912937994,early
15,7,7,FACE,BODY PARTS,small,F,4,125,251,6,76.2408739080381,67.92386352061644,early
15,7,8,EAR,BODY PARTS,small,E,3,134,58,83,50.427513916209975,6.018151343247373,early
15,7,9,CARNATION,FLOWERS,small,C,9,23,7,206,18.51966908946613,67.76757764750784,early
15,7,10,PETUNIA,FLOWERS,small,P,7,67,208,44,21.338809167337608,1.8060277783572356,early
15,7,11,ROSE,FLOWERS,small,R,4,15,65,51,0.08519595208927755,69.47337880123129,early
15,7,12,TULIP,FLOWERS,small,T,5,97,161,218,69.5869009574101,82.82058510771499,early
15,7,13,BARN,BUILDING RELATED,large,B,4,37,199,111,41.13036606982238,5.248058210470548,early
15,7,14,KITCHEN,BUILDING RELATED,large,K,7,139,250,241,3.2916126592255965,41.86946979743162,early
15,7,15,ALCOVE,BUILDING RELATED,large,A,6,236,58,194,66.66883908045874,58.966353202941185,early
15,7,16,GAZEBO,BUILDING RELATED,large,G,6,192,202,219,35.19704786906185,47.64336562596186,early
15,8,1,OHIO,STATES,large,O,4,163,2,47,4.894664506825955,39.54600276657166,late
15,8,2,RABBIT,MAMMALS,small,R,6,191,59,240,41.39384920763261,12.10370033241699,late
15,8,3,TEXAS,STATES,large,T,5,207,40,169,38.063141823733,4.783201623128948,late
15,8,4,LLAMA,MAMMALS,large,L,5,88,127,198,40.35413891042278,1.0879450126157553,late
15,8,5,ALASKA,STATES,large,A,6,109,45,13,33.36158044346938,43.05965816043062,late
15,8,6,OKRA,VEGETABLES,small,O,4,210,126,54,59.61468054595455,22.21116436127865,late
15,8,7,GINGER,VEGETABLES,small,G,6,70,118,64,33.43023606610261,25.047864884270552,late
15,8,8,TERMITE,INSECTS,small,T,7,141,81,194,65.1056079601105,36.93810080208029,late
15,8,9,BEETLE,INSECTS,small,B,6,43,2,9,17.489209272587463,8.699705305474598,late
15,8,10,FOX,MAMMALS,large,F,3,18,70,92,14.050355837805299,77.0434757542108,late
15,8,11,RHINOCEROS,MAMMALS,large,R,10,198,143,180,43.03707163766095,66.34160670588426,late
15,8,12,RUTABAGA,VEGETABLES,small,R,8,191,112,68,30.581284438187105,20.628827498939245,late
15,8,13,PENNSYLVANIA,STATES,large,P,12,2,141,171,15.393825134807624,40.775327474613334,late
15,8,14,CHRYSALIS,INSECTS,small,C,9,212,183,238,25.798554720310605,44.77879737567253,late
15,8,15,PUMPKIN,VEGETABLES,large,P,7,206,60,205,47.934678362942684,19.04798815222903,late
15,8,16,WASP,INSECTS,small,W,4,155,201,85,79.8697272235025,56.0775574287618,late
15,9,1,CAULIFLOWER,VEGETABLES,small,C,11,157,103,33,49.47929013080008,63.280446816845206,late
15,9,2,STRAINER,KITCHEN-RELATED,small,S,8,216,106,24,71.84954388600417,66.63177793174516,late
15,9,3,AZALEA,FLOWERS,small,A,6,244,194,7,61.97139348625325,71.65914180327786,late
15,9,4,FOUNDATION,BUILDING RELATED,large,F,10,35,206,171,10.09983487216077,64.76041314164993,late
15,9,5,DISH,KITCHEN-RELATED,small,D,4,222,195,167,83.65130878802654,7.466024926995974,late
15,9,6,BUTTERCUP,FLOWERS,small,B,9,129,64,35,22.488875472575316,66.20942823084367,late
15,9,7,SAUCER,KITCHEN-RELATED,small,S,6,8,183,130,55.01777434030712,67.40141892261376,late
15,9,8,GRIDDLE,KITCHEN-RELATED,small,G,7,183,195,94,26.07555333203982,61.920991628373386,late
15,9,9,ELEVATOR,BUILDING RELATED,large,E,8,120,63,232,65.16234245588267,53.28448272916634,late
15,9,10,LOG,FLOWERS,small,L,3,220,63,190,61.08090110926095,50.25749955534804,late
15,9,11,DAHLIA,FLOWERS,small,D,6,215,164,11,53.10752860242797,24.769921808988496,late
15,9,12,CARPET,BUILDING RELATED,large,C,6,218,51,147,18.558767304756255,7.287452984208366,late
15,9,13,ONION,VEGETABLES,small,O,5,18,236,124,77.91129585042884,35.140211679575515,late
15,9,14,BROCCOLI,VEGETABLES,small,B,8,9,124,68,44.04304126627497,36.222956470892825,late
15,9,15,PICKLE,VEGETABLES,small,P,6,36,25,30,25.521135446285573,2.174965405390656,late
15,9,16,FLOOR,BUILDING RELATED,large,F,5,235,194,133,22.77934760650661,59.65211894037308,late
15,10,1,ZEBRA,MAMMALS,large,Z,5,155,41,97,61.77756593411147,23.63013520725228,late
15,10,2,LETTUCE,VEGETABLES,small,L,7,78,186,173,55.02277093485051,5.655413424111393,late
15,10,3,MARACAS,INSTRUMENTS,small,M,7,92,135,23,18.572267739628707,20.836766932931756,late
15,10,4,AUSTRALIA,COUNTRIES,large,A,9,91,100,248,32.68645117621387,65.44928302327362,late
15,10,5,TROMBONE,INSTRUMENTS,large,T,8,76,18,106,41.67264535806301,48.24655705858901,late
15,10,6,BASS,INSTRUMENTS,large,B,4,115,211,138,35.95358832214015,62.512517240503655,late
15,10,7,CARROT,VEGETABLES,small,C,6,210,17,234,13.684900351963972,16.24295272084057,late
15,10,8,LION,MAMMALS,large,L,4,178,200,110,2.5542095239492033,16.10270757580194,late
15,10,9,PIG,MAMMALS,large,P,3,196,63,141,66.41748986486802,50.23682758207843,late
15,10,10,ITALY,COUNTRIES,large,I,5,187,77,222,27.335068249630815,83.07563325213647,late
15,10,11,YAMS,VEGETABLES,small,Y,4,205,203,201,55.95635721699837,60.74162880072801,late
15,10,12,ELEPHANT,MAMMALS,large,E,8,30,22,156,62.82539479149644,37.38571397335005,late
15,10,13,ETHIOPIA,COUNTRIES,large,E,8,139,86,17,46.18877134706539,44.36624116017504,late
15,10,14,VIOLA,INSTRUMENTS,large,V,5,43,234,55,65.55618429949254,14.635328302369938,late
15,10,15,POLAND,COUNTRIES,large,P,6,111,122,205,47.55635285729301,18.702029068988793,late
15,10,16,CELERY,VEGETABLES,small,C,6,15,117,222,4.286986789865259,72.8927893997814,late
15,11,1,HORSE,MAMMALS,large,H,5,171,220,25,52.87962110100436,38.49783791455201,late
15,11,2,WINDOW,BUILDING RELATED,large,W,6,139,193,96,61.02165625384939,31.57291095327042,late
15,11,3,CORRIDOR,BUILDING RELATED,large,C,8,224,195,251,83.27875523761962,47.704732756500476,late
15,11,4,POT,KITCHEN-RELATED,large,P,3,80,31,75,46.26773040786331,14.185876523581605,late
15,11,5,KIWI,FRUITS,small,K,4,71,126,76,5.966335461273702,56.41580245113027,late
15,11,6,STRAWBERRY,FRUITS,small,S,10,159,86,206,25.649875329710802,45.50431649389439,late
15,11,7,SPATULA,KITCHEN-RELATED,small,S,7,12,94,153,80.05636149913599,67.75132981136012,late
15,11,8,DOOR,BUILDING RELATED,large,D,4,26,254,156,77.51481923910116,76.76959228291942,late
15,11,9,GUAVA,FRUITS,small,G,5,75,182,200,74.72332842712294,55.73628734552478,late
15,11,10,HALL,BUILDING RELATED,large,H,4,134,4,176,47.21773380498672,49.16002017829652,late
15,11,11,TANGELO,FRUITS,small,T,7,193,19,234,3.231692732887741,52.17695521620465,late
15,11,12,GLASS,KITCHEN-RELATED,small,G,5,139,137,149,36.993650058004256,50.079027607400086,late
15,11,13,GIRAFFE,MAMMALS,large,G,7,84,227,66,22.63242268364009,6.358469476932908,late
15,11,14,MOUSE,MAMMALS,small,M,5,171,211,175,38.137227310167695,73.92626713040752,late
15,11,15,COW,MAMMALS,large,C,3,9,57,75,76.81923941925304,3.6134807503984563,late
15,11,16,REFRIGERATOR,KITCHEN-RELATED,large,R,12,78,197,86,49.416013079431366,40.739369598371084,late
15,12,1,FLORIDA,STATES,large,F,7,186,195,241,64.35864692193032,18.96138247047051,late
15,12,2,TOOTH,BODY PARTS,small,T,5,177,172,254,36.419633967995004,34.47820444383016,late
15,12,3,RACOON,MAMMALS,large,R,6,45,94,74,23.348903673252533,54.47363353229952,late
15,12,4,ANTELOPE,MAMMALS,large,A,8,132,132,225,44.80978273401763,49.52146142271699,late
15,12,5,CLEMENTINE,FRUITS,small,C,10,181,170,134,44.395021209624,14.539524250401524,late
15,12,6,IOWA,STATES,large,I,4,100,238,192,9.319523646844587,61.605181869476304,late
15,12,7,MICHIGAN,STATES,large,M,8,233,84,31,31.860279020311495,7.361604840284044,late
15,12,8,POMEGRANATE,FRUITS,small,P,11,245,86,151,23.271346285419597,27.010367996939163,late
15,12,9,LEMON,FRUITS,small,L,5,27,81,156,12.622644293577869,56.886994371884896,late
15,12,10,RIB,BODY PARTS,small,R,3,23,213,126,3.3091693340687556,37.48159242976576,late
15,12,11,MOOSE,MAMMALS,large,M,5,176,85,11,45.57819867616716,14.437510013237567,late
15,12,12,KANSAS,STATES,large,K,6,132,198,16,64.66871052215411,46.70064407030948,late
15,12,13,TONGUE,BODY PARTS,small,T,6,22,101,62,47.81250753585387,44.22278265264185,late
15,12,14,MONKEY,MAMMALS,large,M,6,55,227,165,17.867807602428552,64.93656041107,late
15,12,15,PEAR,FRUITS,small,P,4,238,225,145,15.48166121361509,83.4336865612005,late
15,12,16,PANCREAS,BODY PARTS,small,P,8,76,42,235,7.559255562931799,18.44967203863973,late
15,13,1,KAZOO,INSTRUMENTS,small,K,5,150,44,207,61.99281756651251,67.86639731337112,late
15,13,2,LEOPARD,MAMMALS,large,L,7,158,163,119,3.249682721537539,41.233932593877505,late
15,13,3,JAPAN,COUNTRIES,large,J,5,87,60,190,10.214621573611074,49.40093122376087,late
15,13,4,CAT,MAMMALS,large,C,3,7,219,203,62.53375284339096,43.331479148648434,late
15,13,5,ENGLAND,COUNTRIES,large,E,7,188,219,8,64.77883882964521,7.042738373834797,late
15,13,6,CLARINET,INSTRUMENTS,small,C,8,30,254,63,12.820559669286082,11.507998369094555,late
15,13,7,DRUM,INSTRUMENTS,large,D,4,232,222,82,12.478171864201341,30.998689084669664,late
15,13,8,PIANO,INSTRUMENTS,large,P,5,86,108,173,15.676601456830571,9.518119993597253,late
15,13,9,BOLTS,TOOLS,small,B,5,44,32,109,50.27383917494081,33.156938226997674,late
15,13,10,SAW,TOOLS,small,S,3,116,227,190,25.429155977418244,49.22221378452317,late
15,13,11,FERRET,MAMMALS,small,F,6,138,80,72,73.34213335755916,49.80663279605334,late
15,13,12,SWITZERLAND,COUNTRIES,large,S,11,97,167,110,58.260357121670054,50.89243865049504,late
15,13,13,SQUIRREL,MAMMALS,small,S,8,128,96,0,37.317113256329044,9.124151335890804,late
15,13,14,FRANCE,COUNTRIES,large,F,6,41,221,62,7.132485217857681,16.829475192224592,late
15,13,15,CHISEL,TOOLS,small,C,6,32,196,9,3.5816352017641275,50.07692854156771,late
15,13,16,PROTRACTOR,TOOLS,small,P,10,131,150,237,72.10352798734003,3.105133021265083,late
15,14,1,UNDERWEAR,CLOTHING,small,U,9,246,174,217,31.42783945098246,35.591793957693774,late
15,14,2,TOASTER,KITCHEN-RELATED,large,T,7,89,44,194,55.347360251594004,24.059948584733995,late
15,14,3,UTAH,STATES,large,U,4,165,223,238,55.050728306668816,60.95777627719906,late
15,14,4,FORK,KITCHEN-RELATED,small,F,4,245,16,185,78.56253029116371,48.857511809702,late
15,14,5,LILY,FLOWERS,small,L,4,131,40,37,72.19914886929463,16.59586005322673,late
15,14,6,NARCISSUS,FLOWERS,small,N,9,99,31,72,30.899641842556097,4.201720329595126,late
15,14,7,MONTANA,STATES,large,M,7,121,39,164,67.36831236987904,53.007856808934186,late
15,14,8,DAISY,FLOWERS,small,D,5,3,232,11,8.759828590937584,31.380714036735224,late
15,14,9,KNIFE,KITCHEN-RELATED,small,K,5,108,248,29,32.56269740598434,24.31788939346771,late
15,14,10,MAINE,STATES,large,M,5,81,73,154,46.04915378525256,72.53641508268166,late
15,14,11,PANTS,CLOTHING,small,P,5,181,90,236,45.56593971231264,45.02008809370717,late
15,14,12,SUNFLOWER,FLOWERS,small,S,9,83,89,172,10.863525774890345,37.14002927139613,late
15,14,13,DRESS,CLOTHING,small,D,5,200,220,61,57.12677163908375,56.94353112682023,late
15,14,14,SKILLET,KITCHEN-RELATED,large,S,7,136,220,222,3.576037513702567,31.89911751001833,late
15,14,15,GIRDLE,CLOTHING,small,G,6,58,96,221,84.23938002948863,52.31069774671396,late
15,14,16,ARIZONA,STATES,large,A,7,1,216,225,60.72353294678085,44.0024359177303,late
15,15,1,TORONTO,CITIES,large,T,7,178,173,33,26.4233259686402,22.144640837045962,late
15,15,2,AUBERGINE,VEGETABLES,small,A,9,157,140,29,76.66475725747232,49.16064106357885,late
15,15,3,ZUCCHINI,VEGETABLES,small,Z,8,162,243,216,25.293210254247075,50.90660975562611,late
15,15,4,BOMBAY,CITIES,large,B,6,222,82,128,15.533358644241936,14.590717099148872,late
15,15,5,WOLF,MAMMALS,large,W,4,77,63,15,84.6261529940828,63.25756772429688,late
15,15,6,SQUASH,VEGETABLES,small,S,6,147,142,66,3.6630231007050384,61.804524448913355,late
15,15,7,PANTHER,MAMMALS,large,P,7,12,81,113,62.03251403420453,31.555825043356872,late
15,15,8,MIAMI,CITIES,large,M,5,5,17,187,64.46257540960866,50.02639321132997,late
15,15,9,FOOT,BODY PARTS,small,F,4,150,79,223,2.8969935758135588,86.1253577727118,late
15,15,10,SHEEP,MAMMALS,large,S,5,157,18,72,29.909710533099194,57.8881842563453,late
15,15,11,GOAT,MAMMALS,large,G,4,215,166,228,32.42318668543652,68.15358095513244,late
15,15,12,ELBOW,BODY PARTS,small,E,5,36,48,79,42.19370972482652,3.830711897949776,late
15,15,13,STOCKHOLM,CITIES,large,S,9,178,117,25,33.5318303128822,19.78177278505712,late
15,15,14,SHOULDER,BODY PARTS,small,S,8,19,140,242,17.757177483521577,23.111041942799776,late
15,15,15,OLIVE,VEGETABLES,small,O,5,24,189,150,66.67336818993286,15.574203851243999,late
15,15,16,KIDNEY,BODY PARTS,small,K,6,130,192,104,27.495053513185745,30.326539382448917,late
16,0,1,CUBA,COUNTRIES,large,C,4,61,92,12,2.2903134128401104,7.1628784495434985,early
16,0,2,EGYPT,COUNTRIES,large,E,5,237,178,67,31.040110894980515,61.245927801360686,early
16,0,3,GERMANY,COUNTRIES,large,G,7,95,245,244,30.52818097584461,6.555188091033601,early
16,0,4,IRAN,COUNTRIES,large,I,4,181,192,150,22.856657347674286,6.229047931068951,early
16,0,5,POTATO,VEGETABLES,small,P,6,236,45,128,42.0652846635595,59.39329802569263,early
16,0,6,SPINACH,VEGETABLES,small,S,7,59,159,142,76.93392898520908,57.2222797912604,early
16,0,7,ARTICHOKE,VEGETABLES,small,A,9,77,200,240,78.82475191309237,14.298881851065108,early
16,0,8,GARLIC,VEGETABLES,small,G,6,143,163,90,22.365575378816445,79.21249757571024,early
16,0,9,SUIT,CLOTHING,small,S,4,176,249,204,80.83458688856709,8.592643049674429,early
16,0,10,BLOUSE,CLOTHING,small,B,6,101,95,153,47.22386247475095,60.54269412093814,early
16,0,11,JACKET,CLOTHING,small,J,6,220,54,87,56.509299141435136,74.63676555260123,early
16,0,12,CAMISOLE,CLOTHING,small,C,8,134,16,121,48.78718069660808,12.097281500104394,early
16,0,13,CLOSET,BUILDING RELATED,large,C,6,156,145,200,6.357013820189548,13.31045768140104,early
16,0,14,LOBBY,BUILDING RELATED,large,L,5,180,46,83,84.89922738705359,62.59074275873771,early
16,0,15,CHIMNEY,BUILDING RELATED,large,C,7,214,85,206,17.857065890914427,9.55506404746988,early
16,0,16,FURNACE,BUILDING RELATED,large,F,7,195,187,244,44.82670579262196,73.40734484356231,early
16,1,1,TONGUE,BODY PARTS,small,T,6,202,150,197,43.81840806890534,59.33214870188297,early
16,1,2,PANCREAS,BODY PARTS,small,P,8,102,60,192,61.346681066179386,58.36449104478769,early
16,1,3,TOOTH,BODY PARTS,small,T,5,164,193,46,41.1189873689256,40.94498916159173,early
16,1,4,RIB,BODY PARTS,small,R,3,57,74,60,15.379709975664072,90.16841510641933,early
16,1,5,RACOON,MAMMALS,large,R,6,248,69,242,41.612824630728284,46.092421533741934,early
16,1,6,ANTELOPE,MAMMALS,large,A,8,139,129,61,38.04646640828741,9.009089717711593,early
16,1,7,MONKEY,MAMMALS,large,M,6,129,139,177,23.855940247371784,33.21905804108871,early
16,1,8,MOOSE,MAMMALS,large,M,5,198,127,247,68.73111094925005,12.239745104057812,early
16,1,9,IOWA,STATES,large,I,4,59,194,76,1.9419520211585106,86.1311646561082,early
16,1,10,FLORIDA,STATES,large,F,7,205,93,232,14.126351589364498,66.76054560451125,early
16,1,11,KANSAS,STATES,large,K,6,140,75,107,71.73681981261996,47.42373904192766,early
16,1,12,MICHIGAN,STATES,large,M,8,7,202,6,39.66622587381188,52.03314126261493,early
16,1,13,LEMON,FRUITS,small,L,5,244,142,211,7.4744385353541585,6.015221369728786,early
16,1,14,POMEGRANATE,FRUITS,small,P,11,107,71,128,41.197931749841246,30.720188525116427,early
16,1,15,PEAR,FRUITS,small,P,4,144,195,127,28.061931273873483,18.730147797630863,early
16,1,16,CLEMENTINE,FRUITS,small,C,10,139,5,5,44.4851122908984,62.12422474146798,early
16,2,1,KNIFE,KITCHEN-RELATED,small,K,5,148,142,109,40.80833037416691,53.4253925618148,early
16,2,2,TOASTER,KITCHEN-RELATED,large,T,7,169,180,184,9.308875623821676,41.5363351955069,early
16,2,3,FORK,KITCHEN-RELATED,small,F,4,10,211,87,38.056653177208084,64.38500206527164,early
16,2,4,SKILLET,KITCHEN-RELATED,large,S,7,191,14,131,47.65593832904295,23.95427011110623,early
16,2,5,UTAH,STATES,large,U,4,169,96,251,52.89050813986215,78.62454669365873,early
16,2,6,ARIZONA,STATES,large,A,7,97,4,175,10.477593454183426,30.615514965495382,early
16,2,7,MAINE,STATES,large,M,5,114,244,142,74.0380049376688,56.862015091702624,early
16,2,8,MONTANA,STATES,large,M,7,36,246,240,70.91695158871715,60.57699176690966,early
16,2,9,NARCISSUS,FLOWERS,small,N,9,167,79,5,65.91336556646034,1.9851709894477014,early
16,2,10,DAISY,FLOWERS,small,D,5,104,250,95,76.03838489732904,0.3660762767782022,early
16,2,11,SUNFLOWER,FLOWERS,small,S,9,203,138,133,8.931258807375828,36.43579741435246,early
16,2,12,LILY,FLOWERS,small,L,4,18,80,150,13.596883629564427,78.18394935453857,early
16,2,13,GIRDLE,CLOTHING,small,G,6,240,194,190,79.18733849442697,41.4684662547151,early
16,2,14,PANTS,CLOTHING,small,P,5,204,1,221,69.41797371873051,82.99542893135562,early
16,2,15,DRESS,CLOTHING,small,D,5,104,93,71,63.27829166363784,70.24878657978775,early
16,2,16,UNDERWEAR,CLOTHING,small,U,9,73,165,69,33.24436638693718,37.132232916118475,early
16,3,1,SYCAMORE,TREES,large,S,8,74,220,148,69.44799943093501,58.50444150198209,early
16,3,2,PALM,TREES,large,P,4,138,83,234,28.465883963709945,49.299625384241516,early
16,3,3,CEDAR,TREES,large,C,5,179,154,78,28.89459849138405,79.92632175028122,early
16,3,4,TEAK,TREES,large,T,4,151,66,26,70.4031477957607,8.134252184078191,early
16,3,5,BERLIN,CITIES,large,B,6,180,83,63,39.21940537918815,39.708311220826204,early
16,3,6,CHICAGO,CITIES,large,C,7,192,161,238,4.153916283249346,78.01960057533545,early
16,3,7,RENO,CITIES,large,R,4,119,208,10,31.469510030858864,33.375038569304195,early
16,3,8,SYDNEY,CITIES,large,S,6,158,176,111,69.7277694836524,2.155921114033348,early
16,3,9,MILLIPEDE,INSECTS,small,M,9,137,93,45,2.3319833234627785,30.44357986378394,early
16,3,10,MOSQUITO,INSECTS,small,M,8,161,215,153,68.7621846699172,39.39931005775869,early
16,3,11,HORNET,INSECTS,small,H,6,208,15,4,43.3930461624184,58.0862063360334,early
16,3,12,MANTIS,INSECTS,small,M,6,194,2,57,35.605562979260085,66.12732403301132,early
16,3,13,TROUSERS,CLOTHING,small,T,8,8,73,32,36.68779478875194,14.161626423309137,early
16,3,14,SWEATER,CLOTHING,small,S,7,253,135,251,35.94741421723145,64.94965612516962,early
16,3,15,BRA,CLOTHING,small,B,3,140,223,244,15.027110759165383,77.93877011481636,early
16,3,16,GLOVES,CLOTHING,small,G,6,24,97,117,67.236716710859,20.325474960497175,early
16,4,1,SQUASH,VEGETABLES,small,S,6,80,19,83,53.716063495968875,80.16005622075416,early
16,4,2,AUBERGINE,VEGETABLES,small,A,9,57,203,37,7.557506586930538,21.73871111895766,early
16,4,3,ZUCCHINI,VEGETABLES,small,Z,8,69,222,147,34.772489968384384,49.7596983823213,early
16,4,4,OLIVE,VEGETABLES,small,O,5,187,191,66,35.516047613498,64.45147767929572,early
16,4,5,ELBOW,BODY PARTS,small,E,5,110,228,230,0.40179008923543313,62.11650147512076,early
16,4,6,KIDNEY,BODY PARTS,small,K,6,1,227,107,23.729688811994727,73.52022887478672,early
16,4,7,SHOULDER,BODY PARTS,small,S,8,56,108,115,2.0310769403279028,58.29998205400729,early
16,4,8,FOOT,BODY PARTS,small,F,4,126,87,91,4.555759770091611,70.22822386159217,early
16,4,9,BOMBAY,CITIES,large,B,6,197,77,141,57.55955665260751,20.395334649677586,early
16,4,10,STOCKHOLM,CITIES,large,S,9,125,63,37,12.70644809983483,9.579347582410568,early
16,4,11,TORONTO,CITIES,large,T,7,205,200,136,35.524936123740254,4.549215486601133,early
16,4,12,MIAMI,CITIES,large,M,5,212,182,55,55.83741772544855,48.526328974596225,early
16,4,13,GOAT,MAMMALS,large,G,4,237,43,122,75.14162276488175,34.12156587674053,early
16,4,14,PANTHER,MAMMALS,large,P,7,158,250,217,38.50118619778978,53.76412247674089,early
16,4,15,SHEEP,MAMMALS,large,S,5,105,152,224,7.036998591564677,13.528740803610763,early
16,4,16,WOLF,MAMMALS,large,W,4,216,163,18,5.995999898324308,70.62251025244665,early
16,5,1,BROILER,KITCHEN-RELATED,large,B,7,208,119,0,55.69560732962821,43.7074007920803,early
16,5,2,THERMOMETER,KITCHEN-RELATED,small,T,11,30,223,181,76.344790299201,63.11552685866369,early
16,5,3,MUG,KITCHEN-RELATED,small,M,3,209,35,244,78.95116773008111,12.176045307112494,early
16,5,4,OVEN,KITCHEN-RELATED,large,O,4,223,5,159,77.52373255010016,14.31937505943761,early
16,5,5,STOMACH,BODY PARTS,small,S,7,64,180,220,34.774012484395,13.09855066983759,early
16,5,6,ARMS,BODY PARTS,large,A,4,202,144,173,7.027406482838682,59.22438042226781,early
16,5,7,PELVIS,BODY PARTS,large,P,6,162,149,163,4.1142248777544665,69.71659715452584,early
16,5,8,HIP,BODY PARTS,small,H,3,164,183,222,77.61905961967224,0.689667286023141,early
16,5,9,TAMBOURINE,INSTRUMENTS,small,T,10,167,12,147,24.73095060118264,58.03329541368203,early
16,5,10,PICCOLO,INSTRUMENTS,small,P,7,4,194,96,28.933524812933612,41.68417899868155,early
16,5,11,TUBA,INSTRUMENTS,large,T,4,67,15,161,6.672037016691188,48.588583100429624,early
16,5,12,TRUMPET,INSTRUMENTS,large,T,7,164,120,114,56.493177200170365,0.9446862552595483,early
16,5,13,ROME,CITIES,large,R,4,29,198,174,7.191845771044725,26.677403829767364,early
16,5,14,PARIS,CITIES,large,P,5,50,193,232,21.939895459648184,11.418610332957757,early
16,5,15,DALLAS,CITIES,large,D,6,244,100,188,76.15447248269481,10.647662200264037,early
16,5,16,MONTREAL,CITIES,large,M,8,48,51,28,78.63880698302972,25.346297601414715,early
16,6,1,MOUSE,MAMMALS,small,M,5,233,143,96,64.26622534905222,58.957924572702105,early
16,6,2,HORSE,MAMMALS,large,H,5,206,144,242,19.312107405121917,76.04262286234722,early
16,6,3,GIRAFFE,MAMMALS,large,G,7,172,140,217,39.73879298252285,73.83153693315373,early
16,6,4,COW,MAMMALS,large,C,3,213,102,29,31.35142852979841,61.56426563784401,early
16,6,5,GUAVA,FRUITS,small,G,5,187,75,142,42.058615549443914,27.469695277914123,early
16,6,6,KIWI,FRUITS,small,K,4,232,225,144,17.491247387837365,39.74775179182388,early
16,6,7,TANGELO,FRUITS,small,T,7,119,3,166,43.66662727299227,48.45675124225329,early
16,6,8,STRAWBERRY,FRUITS,small,S,10,144,6,125,69.55111433051447,10.339487543527115,early
16,6,9,REFRIGERATOR,KITCHEN-RELATED,large,R,12,233,233,253,54.54483367534598,13.595581395896545,early
16,6,10,GLASS,KITCHEN-RELATED,small,G,5,108,97,48,47.620002533934525,32.50599738978576,early
16,6,11,POT,KITCHEN-RELATED,large,P,3,172,199,248,26.390891973158805,69.88793663649254,early
16,6,12,SPATULA,KITCHEN-RELATED,small,S,7,154,34,123,50.61329089056204,68.35575935388307,early
16,6,13,CORRIDOR,BUILDING RELATED,large,C,8,141,171,13,0.13903723464323114,38.57422006881569,early
16,6,14,WINDOW,BUILDING RELATED,large,W,6,136,0,226,56.65103108966239,44.59592705085099,early
16,6,15,HALL,BUILDING RELATED,large,H,4,201,165,38,40.85187259762417,61.53580017534995,early
16,6,16,DOOR,BUILDING RELATED,large,D,4,157,106,7,24.823121398311194,3.937028609227246,early
16,7,1,PHILADELPHIA,CITIES,large,P,12,151,232,54,33.2486474223257,22.784199505030543,early
16,7,2,JERUSALEM,CITIES,large,J,9,110,87,130,28.005129998951592,22.330007259686166,early
16,7,3,VANCOUVER,CITIES,large,V,9,27,36,100,51.916022007218324,37.38883840690849,early
16,7,4,TOKYO,CITIES,large,T,5,60,233,178,32.27948506373407,15.195954294292752,early
16,7,5,GLUE,TOOLS,small,G,4,82,93,28,82.86408125288187,84.52933785631728,early
16,7,6,WASHER,TOOLS,small,W,6,75,230,214,40.81115058837276,53.668545199077165,early
16,7,7,RULER,TOOLS,small,R,5,145,21,140,21.309356472822365,58.247019300438716,early
16,7,8,NUTS,TOOLS,small,N,4,57,133,56,64.48521845196296,33.93773131572128,early
16,7,9,MANGO,FRUITS,small,M,5,113,254,85,12.068653836800857,3.2499814711621755,early
16,7,10,BANANA,FRUITS,small,B,6,129,132,45,53.173480724745794,44.18360284609118,early
16,7,11,KUMQUAT,FRUITS,small,K,7,145,98,131,52.63730453170764,37.02179086503057,early
16,7,12,NECTARINE,FRUITS,small,N,9,164,134,154,55.78772181619531,55.68720447805118,early
16,7,13,CALIFORNIA,STATES,large,C,10,63,66,214,20.98004218964772,69.8630797625697,early
16,7,14,WISCONSIN,STATES,large,W,9,64,133,125,31.83347102074889,1.7393111412954054,early
16,7,15,VERMONT,STATES,large,V,7,53,209,27,36.34140286843581,8.319605020236969,early
16,7,16,HAWAII,STATES,large,H,6,217,182,155,76.41995622470507,5.688171112293794,early
16,8,1,FOX,MAMMALS,large,F,3,165,241,183,21.47630798215407,19.84738505747798,late
16,8,2,RABBIT,MAMMALS,small,R,6,212,215,91,65.92114180941556,41.75658332107145,late
16,8,3,WASP,INSECTS,small,W,4,79,129,107,58.37516955612446,18.198929586704892,late
16,8,4,LLAMA,MAMMALS,large,L,5,208,186,79,23.783492768229095,82.39224489466818,late
16,8,5,TERMITE,INSECTS,small,T,7,188,195,247,78.04200566025624,52.43120831243194,late
16,8,6,BEETLE,INSECTS,small,B,6,226,203,223,38.5194916464747,37.46087620807073,late
16,8,7,RHINOCEROS,MAMMALS,large,R,10,115,73,183,45.850535791531286,21.063528593150508,late
16,8,8,TEXAS,STATES,large,T,5,168,96,98,69.32670990023335,81.78114581606212,late
16,8,9,OHIO,STATES,large,O,4,106,178,40,57.08023425378279,27.054495464816767,late
16,8,10,ALASKA,STATES,large,A,6,164,204,252,63.817709810471705,56.13631178661727,late
16,8,11,CHRYSALIS,INSECTS,small,C,9,131,142,156,45.72353074690638,70.49404293443699,late
16,8,12,PUMPKIN,VEGETABLES,large,P,7,83,18,35,78.0974651842259,77.16003894372706,late
16,8,13,RUTABAGA,VEGETABLES,small,R,8,233,51,217,46.029530373523144,4.719988420546188,late
16,8,14,GINGER,VEGETABLES,small,G,6,42,30,254,59.35027689525871,76.87994868344757,late
16,8,15,OKRA,VEGETABLES,small,O,4,98,247,56,3.6382387167847763,62.472537412456674,late
16,8,16,PENNSYLVANIA,STATES,large,P,12,254,40,52,29.694888522396884,18.00030783598183,late
16,9,1,CUP,KITCHEN-RELATED,small,C,3,244,232,28,83.85910765369664,79.19855743198718,late
16,9,2,BELT,CLOTHING,small,B,4,155,29,248,19.04320468613139,55.56487087978996,late
16,9,3,BANJO,INSTRUMENTS,large,B,5,7,156,237,32.63410078708846,59.22992006289472,late
16,9,4,OAK,TREES,large,O,3,113,14,88,8.084567259473376,27.04593136894377,late
16,9,5,MIXER,KITCHEN-RELATED,large,M,5,129,76,178,81.53733229710657,52.565633153905836,late
16,9,6,UKULELE,INSTRUMENTS,small,U,7,219,195,180,13.50524268192147,31.118914347593375,late
16,9,7,HARMONICA,INSTRUMENTS,small,H,9,37,118,236,7.43297049836767,30.296569005177407,late
16,9,8,EVERGREEN,TREES,large,E,9,63,134,29,7.475365879208898,35.33603092257171,late
16,9,9,ROBE,CLOTHING,small,R,4,127,184,191,66.08367440393899,60.78761161820429,late
16,9,10,BLENDER,KITCHEN-RELATED,large,B,7,186,82,250,66.86595774439103,55.053019727124806,late
16,9,11,SPRUCE,TREES,large,S,6,102,8,20,78.87164429490063,63.91008676857047,late
16,9,12,MARIMBA,INSTRUMENTS,large,M,7,36,104,76,28.501926066994596,25.9839050390829,late
16,9,13,JUMPER,CLOTHING,small,J,6,202,130,131,36.94428872023735,73.37098265985487,late
16,9,14,SHIRT,CLOTHING,small,S,5,157,138,209,39.41517794149559,40.231726778559484,late
16,9,15,COTTONWOOD,TREES,large,C,10,114,178,183,18.751136758657466,57.58117621848201,late
16,9,16,COLANDER,KITCHEN-RELATED,small,C,8,197,243,254,6.502794373478507,13.136309635133102,late
16,10,1,PLUM,FRUITS,small,P,4,68,197,195,12.356292187653679,29.93434405212744,late
16,10,2,HICKORY,TREES,large,H,7,136,173,148,29.95247388819309,37.101560427465415,late
16,10,3,TRIANGLE,INSTRUMENTS,small,T,8,16,15,75,83.01049755958562,33.414243704024976,late
16,10,4,WIRE,TOOLS,small,W,4,181,24,89,12.919423494226322,10.993602773671542,late
16,10,5,RASPBERRY,FRUITS,small,R,9,63,254,144,45.518350847029105,59.49699662621265,late
16,10,6,PINE,TREES,large,P,4,26,139,141,23.505847563022968,31.09271099231455,late
16,10,7,CELLO,INSTRUMENTS,large,C,5,68,195,167,82.3617250682731,71.90770756867308,late
16,10,8,VIOLIN,INSTRUMENTS,large,V,6,72,222,231,17.727413659091077,29.30246981786883,late
16,10,9,WEDGE,TOOLS,small,W,5,149,198,109,7.865181809405364,65.8773257910315,late
16,10,10,FIG,FRUITS,small,F,3,17,24,47,57.162478714330845,59.998319912575326,late
16,10,11,MAPLE,TREES,large,M,5,29,167,107,35.010469527374845,28.295604422698656,late
16,10,12,ELM,TREES,large,E,3,3,121,185,72.55858512070817,83.5937479153711,late
16,10,13,SAXOPHONE,INSTRUMENTS,large,S,9,240,14,247,59.45296541313772,62.196566015897744,late
16,10,14,HAMMER,TOOLS,small,H,6,46,113,9,42.222194578537696,51.5909888492247,late
16,10,15,SCREWS,TOOLS,small,S,6,40,20,9,2.9270555085765193,74.44804336599707,late
16,10,16,HONEYDEW,FRUITS,small,H,8,19,172,177,83.75085115133304,52.8547930916357,late
16,11,1,ACCORDION,INSTRUMENTS,large,A,9,212,40,167,13.774987051572005,5.67248032054248,late
16,11,2,HAND,BODY PARTS,small,H,4,192,178,210,32.95735715271647,11.372844706935934,late
16,11,3,BONGOS,INSTRUMENTS,large,B,6,215,155,17,48.894490943619985,74.41675091489303,late
16,11,4,ASH,TREES,large,A,3,164,204,7,4.868587758539129,31.956946293331285,late
16,11,5,GUITAR,INSTRUMENTS,large,G,6,65,171,124,66.30415226589194,5.838251773040522,late
16,11,6,MONARCH,INSECTS,small,M,7,53,192,70,70.11027494585667,46.31896597637332,late
16,11,7,FINGER,BODY PARTS,small,F,6,95,2,142,71.81255010100536,29.423288503629347,late
16,11,8,WILLOW,TREES,large,W,6,246,194,240,38.989075985100925,35.76797435896618,late
16,11,9,EUCALYPTUS,TREES,large,E,10,248,251,222,50.219642700678754,9.633503210946584,late
16,11,10,WORM,INSECTS,small,W,4,148,60,110,80.57137489793713,48.554325613072514,late
16,11,11,XYLOPHONE,INSTRUMENTS,large,X,9,155,233,161,53.86350956156955,60.501128314409435,late
16,11,12,POPLAR,TREES,large,P,6,74,184,197,30.615492900422034,80.58986101465818,late
16,11,13,LARVA,INSECTS,small,L,5,94,242,151,48.03774561355592,64.15858044903503,late
16,11,14,ANKLE,BODY PARTS,small,A,5,230,105,178,4.2415154950873655,80.74471664390701,late
16,11,15,LIP,BODY PARTS,small,L,3,24,164,108,70.17588912091186,78.66848713970329,late
16,11,16,SCORPION,INSECTS,small,S,8,134,5,248,66.3545447838105,60.16668413555304,late
16,12,1,PIG,MAMMALS,large,P,3,90,10,214,55.980104782171466,40.970739908650586,late
16,12,2,ETHIOPIA,COUNTRIES,large,E,8,222,38,30,59.549298873978465,35.51281853234173,late
16,12,3,CELERY,VEGETABLES,small,C,6,204,79,43,41.62143519290184,59.07008324042872,late
16,12,4,LION,MAMMALS,large,L,4,6,13,94,73.0164836563288,71.1337031439836,late
16,12,5,POLAND,COUNTRIES,large,P,6,200,37,73,2.9835354864465624,34.56695731914457,late
16,12,6,ELEPHANT,MAMMALS,large,E,8,189,36,167,68.92593804955466,18.397540639511575,late
16,12,7,ZEBRA,MAMMALS,large,Z,5,196,222,106,63.811383657548795,9.819339932534998,late
16,12,8,MARACAS,INSTRUMENTS,small,M,7,247,60,157,51.570852329627265,53.48158583690123,late
16,12,9,VIOLA,INSTRUMENTS,large,V,5,118,6,117,0.7685665975566192,59.47825958763755,late
16,12,10,CARROT,VEGETABLES,small,C,6,174,13,188,6.248095868908079,45.198922224369525,late
16,12,11,AUSTRALIA,COUNTRIES,large,A,9,68,201,175,19.843844948488158,26.138861113801493,late
16,12,12,BASS,INSTRUMENTS,large,B,4,30,196,237,58.99224801518355,15.99008193144537,late
16,12,13,ITALY,COUNTRIES,large,I,5,182,247,140,14.761699568881363,6.415354458996667,late
16,12,14,LETTUCE,VEGETABLES,small,L,7,44,34,124,49.64471188474361,45.28159076584165,late
16,12,15,TROMBONE,INSTRUMENTS,large,T,8,132,192,61,38.02330882026914,28.454181261255286,late
16,12,16,YAMS,VEGETABLES,small,Y,4,51,193,159,63.450604408426045,43.68455961667467,late
16,13,1,CAT,MAMMALS,large,C,3,114,233,110,31.192934462127646,80.1534269217367,late
16,13,2,FRANCE,COUNTRIES,large,F,6,178,234,26,35.50698576606586,0.7200203925366058,late
16,13,3,CLARINET,INSTRUMENTS,small,C,8,46,86,104,26.015461454511282,1.0912093061322743,late
16,13,4,SWITZERLAND,COUNTRIES,large,S,11,212,115,194,60.567388159643045,2.1168393478654126,late
16,13,5,KAZOO,INSTRUMENTS,small,K,5,22,196,78,4.115157398384625,50.90645705303447,late
16,13,6,CHISEL,TOOLS,small,C,6,182,125,91,82.80361823560881,70.65342603384309,late
16,13,7,DRUM,INSTRUMENTS,large,D,4,233,194,245,55.03523168266379,54.18253984856174,late
16,13,8,SAW,TOOLS,small,S,3,200,28,188,60.69845163071806,70.20908401821178,late
16,13,9,PROTRACTOR,TOOLS,small,P,10,222,58,195,79.9449420039784,34.08050720382174,late
16,13,10,SQUIRREL,MAMMALS,small,S,8,247,204,109,60.866475216541296,63.25663471394824,late
16,13,11,PIANO,INSTRUMENTS,large,P,5,48,208,192,32.01842113892585,77.95868110448768,late
16,13,12,JAPAN,COUNTRIES,large,J,5,221,181,213,38.00997078869863,33.32825254493319,late
16,13,13,BOLTS,TOOLS,small,B,5,161,11,237,72.57529505962519,35.41536414710868,late
16,13,14,LEOPARD,MAMMALS,large,L,7,252,96,212,5.5910244723647295,33.89405122818155,late
16,13,15,ENGLAND,COUNTRIES,large,E,7,7,53,229,22.75382861533203,78.2817134551107,late
16,13,16,FERRET,MAMMALS,small,F,6,172,2,218,17.723712734369876,64.67178617152099,late
16,14,1,CAULIFLOWER,VEGETABLES,small,C,11,254,0,102,11.750909430827969,66.39249909364506,late
16,14,2,BROCCOLI,VEGETABLES,small,B,8,253,146,38,11.156563723059152,17.651613820094088,late
16,14,3,GRIDDLE,KITCHEN-RELATED,small,G,7,11,246,73,76.17219526443623,68.75679968064978,late
16,14,4,PICKLE,VEGETABLES,small,P,6,228,233,212,36.08976667627614,77.04972572672948,late
16,14,5,DAHLIA,FLOWERS,small,D,6,34,38,192,53.17146218604748,60.412669510589915,late
16,14,6,FLOOR,BUILDING RELATED,large,F,5,90,131,148,5.991263997368965,40.440054496118336,late
16,14,7,AZALEA,FLOWERS,small,A,6,89,167,224,68.82776088800235,17.81290670263848,late
16,14,8,ONION,VEGETABLES,small,O,5,53,86,5,66.246885134879,44.329778018007026,late
16,14,9,ELEVATOR,BUILDING RELATED,large,E,8,86,3,139,18.05073888206888,52.62453414820587,late
16,14,10,SAUCER,KITCHEN-RELATED,small,S,6,27,64,115,44.48126425560953,52.30830956589509,late
16,14,11,FOUNDATION,BUILDING RELATED,large,F,10,131,139,178,6.93723590464921,4.150833173034676,late
16,14,12,LOG,FLOWERS,small,L,3,28,173,219,77.0326595807629,82.70866990384988,late
16,14,13,STRAINER,KITCHEN-RELATED,small,S,8,154,50,180,62.673821507861184,40.81148353331369,late
16,14,14,BUTTERCUP,FLOWERS,small,B,9,89,96,104,41.553838217541504,52.61738399530681,late
16,14,15,DISH,KITCHEN-RELATED,small,D,4,238,168,226,28.932063149815498,9.191564027225944,late
16,14,16,CARPET,BUILDING RELATED,large,C,6,183,135,62,61.69625760559772,26.572768800103063,late
16,15,1,DONKEY,MAMMALS,large,D,6,42,241,248,2.7072818451235703,12.862138633041235,late
16,15,2,GAZEBO,BUILDING RELATED,large,G,6,116,76,41,4.328083623055989,29.664048613831685,late
16,15,3,FACE,BODY PARTS,small,F,4,15,120,139,8.587226267426937,86.43954772434708,late
16,15,4,CARNATION,FLOWERS,small,C,9,127,154,184,77.20697708868305,4.418425890101682,late
16,15,5,DOG,MAMMALS,large,D,3,140,19,236,23.724171217005075,34.96725541434075,late
16,15,6,TULIP,FLOWERS,small,T,5,184,120,238,13.711599171112102,73.14693400942264,late
16,15,7,PETUNIA,FLOWERS,small,P,7,172,137,128,63.53819550458974,27.832006967989802,late
16,15,8,TIGER,MAMMALS,large,T,5,160,230,57,56.84477050056142,43.96758592985404,late
16,15,9,HEART,BODY PARTS,small,H,5,228,89,88,44.50913680239912,43.844022656156,late
16,15,10,HIPPOPOTAMUS,MAMMALS,large,H,12,170,122,251,3.2470625188483835,18.782483985879907,late
16,15,11,ROSE,FLOWERS,small,R,4,6,207,5,17.89638745759038,71.94920910383675,late
16,15,12,EAR,BODY PARTS,small,E,3,158,61,154,14.559926507436321,72.92189944466438,late
16,15,13,BARN,BUILDING RELATED,large,B,4,4,129,242,49.78211440981137,39.95196292955339,late
16,15,14,KNUCKLE,BODY PARTS,small,K,7,59,91,19,62.937962089945664,54.83897253142419,late
16,15,15,ALCOVE,BUILDING RELATED,large,A,6,9,91,124,46.08296034956909,58.73151360143161,late
16,15,16,KITCHEN,BUILDING RELATED,large,K,7,57,6,229,53.27669594572391,19.762357107062513,late
17,0,1,TULIP,FLOWERS,small,T,5,60,100,191,78.85596856997819,39.064377696433475,early
17,0,2,PETUNIA,FLOWERS,small,P,7,103,181,27,46.69849681920381,28.566227585913904,early
17,0,3,ROSE,FLOWERS,small,R,4,225,1,153,32.043669401074226,24.423088047972225,early
17,0,4,CARNATION,FLOWERS,small,C,9,219,147,202,41.83249588831352,10.654421840005035,early
17,0,5,DOG,MAMMALS,large,D,3,138,172,159,42.89487757284857,12.200218229328394,early
17,0,6,TIGER,MAMMALS,large,T,5,115,112,180,19.935491916836774,31.74963957456332,early
17,0,7,DONKEY,MAMMALS,large,D,6,89,187,81,67.33049872509065,3.0460686737376945,early
17,0,8,HIPPOPOTAMUS,MAMMALS,large,H,12,184,69,245,23.317541889198274,47.215299808566385,early
17,0,9,ALCOVE,BUILDING RELATED,large,A,6,192,232,178,5.987948271871019,69.45020386706922,early
17,0,10,KITCHEN,BUILDING RELATED,large,K,7,131,41,211,30.18327865954566,43.50287297511555,early
17,0,11,GAZEBO,BUILDING RELATED,large,G,6,57,48,150,53.78374256863872,74.77269511836666,early
17,0,12,BARN,BUILDING RELATED,large,B,4,58,85,129,67.13580595797649,47.23663700633437,early
17,0,13,HEART,BODY PARTS,small,H,5,54,89,69,9.58629891320365,58.90815536340289,early
17,0,14,EAR,BODY PARTS,small,E,3,133,34,119,8.303558104243155,65.98674350181984,early
17,0,15,KNUCKLE,BODY PARTS,small,K,7,209,155,164,66.72555128676554,28.703390918886278,early
17,0,16,FACE,BODY PARTS,small,F,4,14,23,80,36.8027832381093,81.31106048413973,early
17,1,1,TRIANGLE,INSTRUMENTS,small,T,8,155,134,5,33.89571475795106,65.98383466900171,early
17,1,2,CELLO,INSTRUMENTS,large,C,5,44,180,15,29.73978922350912,71.94133807732703,early
17,1,3,VIOLIN,INSTRUMENTS,large,V,6,199,10,64,32.99690835471487,67.83258584905593,early
17,1,4,SAXOPHONE,INSTRUMENTS,large,S,9,197,86,147,19.330971428000197,3.6023728359844656,early
17,1,5,WIRE,TOOLS,small,W,4,206,96,52,3.6629108167822553,62.32641273980013,early
17,1,6,WEDGE,TOOLS,small,W,5,17,184,102,7.966637159410363,19.992247469657887,early
17,1,7,SCREWS,TOOLS,small,S,6,140,10,161,84.54084834798847,74.2628943589297,early
17,1,8,HAMMER,TOOLS,small,H,6,35,47,189,44.84771517609937,81.04939316326562,early
17,1,9,MAPLE,TREES,large,M,5,211,197,18,48.9757234452273,76.60242361872376,early
17,1,10,HICKORY,TREES,large,H,7,17,24,180,19.713883163465635,0.30129801541595924,early
17,1,11,PINE,TREES,large,P,4,140,14,30,65.75668261893148,27.57783986041779,early
17,1,12,ELM,TREES,large,E,3,101,212,103,78.37104641951885,4.895047428039723,early
17,1,13,FIG,FRUITS,small,F,3,165,37,33,21.64782734503894,55.443515236989846,early
17,1,14,PLUM,FRUITS,small,P,4,59,75,179,25.801967968173763,33.01770596557926,early
17,1,15,RASPBERRY,FRUITS,small,R,9,242,212,122,44.151415326486976,50.6007003626265,early
17,1,16,HONEYDEW,FRUITS,small,H,8,96,6,182,56.30681550477368,47.62324270832786,early
17,2,1,GUAVA,FRUITS,small,G,5,250,149,47,49.714453274784645,75.6455498563467,early
17,2,2,KIWI,FRUITS,small,K,4,78,160,200,40.375763554879654,27.361891326427397,early
17,2,3,TANGELO,FRUITS,small,T,7,81,207,101,37.631412377458034,52.82369074795195,early
17,2,4,STRAWBERRY,FRUITS,small,S,10,132,243,161,32.29463234340385,63.25894601697531,early
17,2,5,GLASS,KITCHEN-RELATED,small,G,5,15,242,200,20.478328887616737,5.359284472961836,early
17,2,6,REFRIGERATOR,KITCHEN-RELATED,large,R,12,177,3,136,18.184198768085807,51.716069857395425,early
17,2,7,POT,KITCHEN-RELATED,large,P,3,204,59,216,34.0255752062678,61.31540112943252,early
17,2,8,SPATULA,KITCHEN-RELATED,small,S,7,146,108,23,28.917377822033504,47.383748121987914,early
17,2,9,GIRAFFE,MAMMALS,large,G,7,21,125,65,65.44498562470453,46.80921379592534,early
17,2,10,COW,MAMMALS,large,C,3,124,118,169,35.352545425213776,39.45215470261876,early
17,2,11,HORSE,MAMMALS,large,H,5,47,232,151,69.94074935317431,59.63949478066857,early
17,2,12,MOUSE,MAMMALS,small,M,5,187,164,224,31.840954708555604,55.47729427040796,early
17,2,13,CORRIDOR,BUILDING RELATED,large,C,8,60,235,221,4.756431750221635,20.18163769759019,early
17,2,14,DOOR,BUILDING RELATED,large,D,4,103,222,61,60.36384575274451,38.93134217819895,early
17,2,15,WINDOW,BUILDING RELATED,large,W,6,147,39,254,34.753554169116555,72.9776532712922,early
17,2,16,HALL,BUILDING RELATED,large,H,4,106,143,183,39.736434606194074,0.04570413923583949,early
17,3,1,LETTUCE,VEGETABLES,small,L,7,118,143,86,35.3690026669687,31.98280551481458,early
17,3,2,CELERY,VEGETABLES,small,C,6,183,114,4,27.584285639572986,26.353398807081795,early
17,3,3,YAMS,VEGETABLES,small,Y,4,23,209,22,31.08723844375719,43.515889242021345,early
17,3,4,CARROT,VEGETABLES,small,C,6,160,149,155,42.34845684914236,7.708544202265864,early
17,3,5,BASS,INSTRUMENTS,large,B,4,206,224,137,16.40663374644731,44.1999371057073,early
17,3,6,TROMBONE,INSTRUMENTS,large,T,8,250,226,187,37.82941607782646,74.48101901143205,early
17,3,7,MARACAS,INSTRUMENTS,small,M,7,116,20,174,62.103902643020895,69.80136185930151,early
17,3,8,VIOLA,INSTRUMENTS,large,V,5,71,79,128,16.606413085197886,36.77258287908665,early
17,3,9,ZEBRA,MAMMALS,large,Z,5,44,95,152,22.950138456644538,34.40453930295292,early
17,3,10,PIG,MAMMALS,large,P,3,91,67,218,32.120057083900946,4.335986367687622,early
17,3,11,ELEPHANT,MAMMALS,large,E,8,140,144,132,55.34767828425932,6.036023168675654,early
17,3,12,LION,MAMMALS,large,L,4,204,199,115,47.872527673678995,25.01203759349334,early
17,3,13,POLAND,COUNTRIES,large,P,6,153,207,129,84.38691650794452,28.258225340841157,early
17,3,14,ETHIOPIA,COUNTRIES,large,E,8,160,6,6,38.297820296076964,12.097704436829636,early
17,3,15,AUSTRALIA,COUNTRIES,large,A,9,254,126,104,12.247805679572771,57.57150118290717,early
17,3,16,ITALY,COUNTRIES,large,I,5,57,91,216,79.41009244619798,22.19950696283192,early
17,4,1,WISCONSIN,STATES,large,W,9,245,172,151,65.48896878026235,47.248231758918834,early
17,4,2,VERMONT,STATES,large,V,7,177,126,129,56.992461348139265,13.032117326037989,early
17,4,3,HAWAII,STATES,large,H,6,126,227,157,0.12860560343673666,39.28811558169938,early
17,4,4,CALIFORNIA,STATES,large,C,10,167,6,173,26.248957837932643,52.54384914213398,early
17,4,5,BANANA,FRUITS,small,B,6,118,112,5,27.930656386538335,16.924453873049696,early
17,4,6,MANGO,FRUITS,small,M,5,182,212,118,65.61934587480137,26.94682077984028,early
17,4,7,NECTARINE,FRUITS,small,N,9,102,112,51,29.672660765313903,27.718457161798323,early
17,4,8,KUMQUAT,FRUITS,small,K,7,19,109,76,46.57446774803895,29.666907111358828,early
17,4,9,GLUE,TOOLS,small,G,4,60,133,46,21.81878827641937,51.429160987509334,early
17,4,10,WASHER,TOOLS,small,W,6,209,111,54,8.183002244714219,22.88393875202522,early
17,4,11,NUTS,TOOLS,small,N,4,209,10,147,78.29212108575464,58.98781265601076,early
17,4,12,RULER,TOOLS,small,R,5,116,180,230,2.0979152273796986,6.2330926880392035,early
17,4,13,JERUSALEM,CITIES,large,J,9,238,126,219,33.886834727214236,48.60430334337075,early
17,4,14,PHILADELPHIA,CITIES,large,P,12,110,254,218,3.895777553282663,62.47993371134227,early
17,4,15,TOKYO,CITIES,large,T,5,117,235,185,49.89631517220276,11.625487191942858,early
17,4,16,VANCOUVER,CITIES,large,V,9,105,231,73,38.33094646832687,70.87615363974172,early
17,5,1,NARCISSUS,FLOWERS,small,N,9,3,142,196,33.00090243929551,64.00995050471577,early
17,5,2,DAISY,FLOWERS,small,D,5,207,109,162,10.156578407756458,61.78130907978526,early
17,5,3,SUNFLOWER,FLOWERS,small,S,9,119,99,150,52.05775987876659,16.387011057570334,early
17,5,4,LILY,FLOWERS,small,L,4,55,224,3,46.34716025694409,10.357720637994454,early
17,5,5,PANTS,CLOTHING,small,P,5,93,1,220,57.90791675089806,48.84700729550424,early
17,5,6,UNDERWEAR,CLOTHING,small,U,9,251,10,119,18.288315827556605,37.56390869508181,early
17,5,7,GIRDLE,CLOTHING,small,G,6,224,203,57,75.87262225202882,40.03319688587751,early
17,5,8,DRESS,CLOTHING,small,D,5,57,249,10,62.31786069549262,56.80620877672361,early
17,5,9,MONTANA,STATES,large,M,7,49,149,223,10.530545848037935,38.10709302520652,early
17,5,10,ARIZONA,STATES,large,A,7,176,114,221,56.87351779117023,21.923822925179866,early
17,5,11,UTAH,STATES,large,U,4,18,70,147,69.94493898768431,24.300478143867984,early
17,5,12,MAINE,STATES,large,M,5,195,162,92,32.60126455960844,77.1019884618918,early
17,5,13,FORK,KITCHEN-RELATED,small,F,4,68,240,10,47.69792556221222,57.290060928469984,early
17,5,14,KNIFE,KITCHEN-RELATED,small,K,5,61,107,167,12.431437906853002,71.52472848716613,early
17,5,15,SKILLET,KITCHEN-RELATED,large,S,7,4,190,65,44.8904220877387,78.11001946873805,early
17,5,16,TOASTER,KITCHEN-RELATED,large,T,7,66,178,18,83.73416617082134,0.7665940796230735,early
17,6,1,ZUCCHINI,VEGETABLES,small,Z,8,157,190,182,57.61107630201821,25.48273747679054,early
17,6,2,SQUASH,VEGETABLES,small,S,6,157,232,192,0.213119500689799,3.164102507587148,early
17,6,3,AUBERGINE,VEGETABLES,small,A,9,37,82,120,70.17168423593921,27.631640870046972,early
17,6,4,OLIVE,VEGETABLES,small,O,5,121,206,120,35.2441197747632,20.956400883732236,early
17,6,5,STOCKHOLM,CITIES,large,S,9,62,74,97,23.24209547153452,19.113709275463957,early
17,6,6,TORONTO,CITIES,large,T,7,194,191,104,13.843221478544333,11.820758921231736,early
17,6,7,MIAMI,CITIES,large,M,5,58,86,124,53.56485401417028,10.551500068090577,early
17,6,8,BOMBAY,CITIES,large,B,6,217,241,73,30.892440756559022,55.91242603500284,early
17,6,9,KIDNEY,BODY PARTS,small,K,6,101,185,220,66.5070835244338,37.53171891364049,early
17,6,10,ELBOW,BODY PARTS,small,E,5,238,44,218,33.612629047103106,61.72761261538012,early
17,6,11,FOOT,BODY PARTS,small,F,4,74,119,205,49.84887613535096,22.495571176210763,early
17,6,12,SHOULDER,BODY PARTS,small,S,8,21,104,191,83.92247621550653,53.3858350302457,early
17,6,13,GOAT,MAMMALS,large,G,4,69,158,19,14.501907076284771,51.99850892282993,early
17,6,14,PANTHER,MAMMALS,large,P,7,74,152,243,37.07466399209084,21.023164175683608,early
17,6,15,WOLF,MAMMALS,large,W,4,36,248,146,81.6252087949076,48.78201742399104,early
17,6,16,SHEEP,MAMMALS,large,S,5,93,226,6,31.538973569702396,6.186317795137787,early
17,7,1,PARIS,CITIES,large,P,5,208,175,220,27.650411852168407,6.974457401152604,early
17,7,2,DALLAS,CITIES,large,D,6,211,177,72,73.40326982744925,44.398115258054965,early
17,7,3,ROME,CITIES,large,R,4,182,235,11,24.931514553111956,82.83557867857895,early
17,7,4,MONTREAL,CITIES,large,M,8,199,142,250,43.531879814421,33.71301740695474,early
17,7,5,TRUMPET,INSTRUMENTS,large,T,7,28,210,38,67.51048708318847,6.566650979877202,early
17,7,6,TUBA,INSTRUMENTS,large,T,4,242,209,189,81.81969345835593,19.963962442863206,early
17,7,7,PICCOLO,INSTRUMENTS,small,P,7,14,160,25,8.880375040170476,0.9512753793086475,early
17,7,8,TAMBOURINE,INSTRUMENTS,small,T,10,24,120,91,83.06697275730244,29.77260567760878,early
17,7,9,OVEN,KITCHEN-RELATED,large,O,4,158,101,107,8.305410017606343,60.76891144062045,early
17,7,10,BROILER,KITCHEN-RELATED,large,B,7,11,181,187,31.69218018792288,37.15001118525084,early
17,7,11,THERMOMETER,KITCHEN-RELATED,small,T,11,128,75,121,70.1004035314778,13.454100300931625,early
17,7,12,MUG,KITCHEN-RELATED,small,M,3,67,167,113,78.739232128081,68.21523960881498,early
17,7,13,PELVIS,BODY PARTS,large,P,6,246,122,171,74.00681183784816,68.86289731228068,early
17,7,14,ARMS,BODY PARTS,large,A,4,165,81,54,62.597314520707776,54.2610117530441,early
17,7,15,STOMACH,BODY PARTS,small,S,7,229,150,36,43.55099804864083,72.00099614367215,early
17,7,16,HIP,BODY PARTS,small,H,3,242,237,193,51.2981558267141,31.530565447836075,early
17,8,1,WASP,INSECTS,small,W,4,31,59,65,37.872536882930525,85.71013363816522,late
17,8,2,RABBIT,MAMMALS,small,R,6,241,102,64,21.746507476804332,11.578543722512162,late
17,8,3,LLAMA,MAMMALS,large,L,5,214,167,78,54.91717136297705,51.90770562053557,late
17,8,4,RUTABAGA,VEGETABLES,small,R,8,54,15,139,81.34367948345715,17.752275357204617,late
17,8,5,RHINOCEROS,MAMMALS,large,R,10,62,169,208,43.39271317175848,56.21543476922076,late
17,8,6,GINGER,VEGETABLES,small,G,6,27,240,29,58.0388034763707,70.35399600237174,late
17,8,7,CHRYSALIS,INSECTS,small,C,9,150,94,190,37.635136856174164,38.41692260677453,late
17,8,8,OHIO,STATES,large,O,4,191,254,187,41.24404453941246,58.61837688620595,late
17,8,9,FOX,MAMMALS,large,F,3,193,227,26,67.74071887531507,37.778677374525614,late
17,8,10,PUMPKIN,VEGETABLES,large,P,7,222,60,241,68.87077546846746,6.591971471779167,late
17,8,11,OKRA,VEGETABLES,small,O,4,239,131,155,60.79106333921436,55.122352120931,late
17,8,12,BEETLE,INSECTS,small,B,6,208,178,179,66.25453815985291,48.481553035995425,late
17,8,13,TEXAS,STATES,large,T,5,212,167,136,84.18014392531299,10.832080380612556,late
17,8,14,PENNSYLVANIA,STATES,large,P,12,76,11,55,67.42083554884645,57.483669779452995,late
17,8,15,ALASKA,STATES,large,A,6,228,242,135,76.94358166239921,59.88506226575409,late
17,8,16,TERMITE,INSECTS,small,T,7,2,7,174,82.60002904359294,7.234856712037483,late
17,9,1,ELEVATOR,BUILDING RELATED,large,E,8,148,30,131,19.904983883851934,52.08255980165116,late
17,9,2,ONION,VEGETABLES,small,O,5,141,224,189,26.702985430678446,13.257789599668355,late
17,9,3,BROCCOLI,VEGETABLES,small,B,8,237,18,78,1.8384275050328303,34.73778747545807,late
17,9,4,PICKLE,VEGETABLES,small,P,6,196,137,4,46.614396990779944,8.389645721085504,late
17,9,5,LOG,FLOWERS,small,L,3,254,109,245,37.86108495546164,1.161842451335024,late
17,9,6,SAUCER,KITCHEN-RELATED,small,S,6,221,248,47,55.192518898167094,64.00615825097546,late
17,9,7,GRIDDLE,KITCHEN-RELATED,small,G,7,233,109,187,19.056322083100618,49.47674208764965,late
17,9,8,DISH,KITCHEN-RELATED,small,D,4,96,179,82,54.2193037584005,83.73210969782055,late
17,9,9,BUTTERCUP,FLOWERS,small,B,9,227,196,254,79.15553956285197,28.319728789626023,late
17,9,10,CARPET,BUILDING RELATED,large,C,6,160,153,207,45.63259256247467,11.375684559658147,late
17,9,11,FLOOR,BUILDING RELATED,large,F,5,90,55,191,35.829112497523596,6.647770960957367,late
17,9,12,DAHLIA,FLOWERS,small,D,6,231,4,222,28.023483283311005,4.663592408949593,late
17,9,13,STRAINER,KITCHEN-RELATED,small,S,8,146,137,157,58.93175532551891,61.00811259781793,late
17,9,14,CAULIFLOWER,VEGETABLES,small,C,11,197,118,22,35.58209821352856,30.879637972249537,late
17,9,15,AZALEA,FLOWERS,small,A,6,90,96,76,65.29882587673812,47.77787065855398,late
17,9,16,FOUNDATION,BUILDING RELATED,large,F,10,219,128,254,76.82385713509272,29.573724617014513,late
17,10,1,HARMONICA,INSTRUMENTS,small,H,9,163,2,146,38.84270353806951,36.34789400047923,late
17,10,2,MIXER,KITCHEN-RELATED,large,M,5,216,142,181,84.17078932594451,59.8302526484433,late
17,10,3,SHIRT,CLOTHING,small,S,5,25,107,112,5.087578512310056,8.830704504544151,late
17,10,4,OAK,TREES,large,O,3,252,212,98,46.64197250618855,51.359312907761776,late
17,10,5,EVERGREEN,TREES,large,E,9,2,70,213,55.51949780191108,57.40342801721299,late
17,10,6,UKULELE,INSTRUMENTS,small,U,7,182,139,50,75.30584453686187,39.594647040091765,late
17,10,7,BANJO,INSTRUMENTS,large,B,5,210,193,83,81.82799481785318,35.578343199520184,late
17,10,8,CUP,KITCHEN-RELATED,small,C,3,209,4,188,62.34853861506117,86.03508939984263,late
17,10,9,ROBE,CLOTHING,small,R,4,107,44,40,8.146426172345421,61.0876882290216,late
17,10,10,SPRUCE,TREES,large,S,6,6,225,60,5.253481554844547,72.75358389443211,late
17,10,11,BLENDER,KITCHEN-RELATED,large,B,7,102,157,94,7.914327805102241,2.0209302987981856,late
17,10,12,COTTONWOOD,TREES,large,C,10,146,171,25,77.0234411324896,9.797938379171445,late
17,10,13,MARIMBA,INSTRUMENTS,large,M,7,124,20,211,62.31236197072796,74.16746361083125,late
17,10,14,JUMPER,CLOTHING,small,J,6,105,248,12,44.32301577839354,52.4672005319616,late
17,10,15,COLANDER,KITCHEN-RELATED,small,C,8,211,201,25,68.48767385262896,31.262527356436237,late
17,10,16,BELT,CLOTHING,small,B,4,162,92,183,68.76046473317257,19.210465555722855,late
17,11,1,BLOUSE,CLOTHING,small,B,6,101,15,212,76.20357203031709,39.01908649954018,late
17,11,2,JACKET,CLOTHING,small,J,6,233,106,215,35.02579555947888,62.285162251381884,late
17,11,3,EGYPT,COUNTRIES,large,E,5,99,53,188,78.43093787621258,31.539793839754346,late
17,11,4,CHIMNEY,BUILDING RELATED,large,C,7,11,178,74,79.77589391414436,58.77030447000142,late
17,11,5,LOBBY,BUILDING RELATED,large,L,5,226,3,72,34.64645338705753,11.452983244237657,late
17,11,6,CLOSET,BUILDING RELATED,large,C,6,206,63,8,43.850740876433896,44.650644606983946,late
17,11,7,SUIT,CLOTHING,small,S,4,47,170,30,3.287230243118915,66.43874657642849,late
17,11,8,FURNACE,BUILDING RELATED,large,F,7,75,64,191,2.412421272984516,44.715038356441184,late
17,11,9,CUBA,COUNTRIES,large,C,4,63,210,56,8.547761559814704,75.3617422940419,late
17,11,10,ARTICHOKE,VEGETABLES,small,A,9,94,159,201,18.780130902868244,26.522755522192845,late
17,11,11,GARLIC,VEGETABLES,small,G,6,135,12,92,18.157437572118578,41.713909295619764,late
17,11,12,POTATO,VEGETABLES,small,P,6,185,121,130,55.41047566817221,71.37303480895922,late
17,11,13,IRAN,COUNTRIES,large,I,4,76,137,164,33.341362789872264,61.453441520366496,late
17,11,14,CAMISOLE,CLOTHING,small,C,8,3,189,128,71.20052725837434,74.88007130887024,late
17,11,15,SPINACH,VEGETABLES,small,S,7,141,11,181,65.79523525448215,17.701376719838073,late
17,11,16,GERMANY,COUNTRIES,large,G,7,158,79,138,0.20846944694954073,37.31428469838428,late
17,12,1,FINGER,BODY PARTS,small,F,6,224,113,152,52.58988243151445,62.23515674043648,late
17,12,2,XYLOPHONE,INSTRUMENTS,large,X,9,51,181,192,78.23357741794428,8.491954119859056,late
17,12,3,MONARCH,INSECTS,small,M,7,160,210,109,34.67700601927558,0.7739585520271464,late
17,12,4,LIP,BODY PARTS,small,L,3,149,1,210,26.040490751943118,77.53804150976055,late
17,12,5,ANKLE,BODY PARTS,small,A,5,230,31,99,76.15409349774563,78.83106601419621,late
17,12,6,EUCALYPTUS,TREES,large,E,10,57,224,143,39.70275370301072,22.159557431730946,late
17,12,7,WILLOW,TREES,large,W,6,49,64,160,57.580368082525496,43.220382804764306,late
17,12,8,ACCORDION,INSTRUMENTS,large,A,9,109,52,199,60.0850807711532,5.697153725596545,late
17,12,9,HAND,BODY PARTS,small,H,4,31,235,233,25.44859884148668,23.968060528079832,late
17,12,10,SCORPION,INSECTS,small,S,8,89,28,112,19.71799802614214,58.05912144004993,late
17,12,11,WORM,INSECTS,small,W,4,222,71,28,13.981277800238763,44.96989950002688,late
17,12,12,BONGOS,INSTRUMENTS,large,B,6,45,220,226,68.67019604045231,49.24578359303518,late
17,12,13,LARVA,INSECTS,small,L,5,174,25,26,20.58715296019883,55.663310941582274,late
17,12,14,ASH,TREES,large,A,3,10,82,86,76.7996637601822,36.55947080011581,late
17,12,15,GUITAR,INSTRUMENTS,large,G,6,79,161,106,33.93736300816483,36.790804343047135,late
17,12,16,POPLAR,TREES,large,P,6,136,48,202,0.4348989393346414,69.28315809020822,late
17,13,1,MOSQUITO,INSECTS,small,M,8,94,37,238,39.70198057706079,57.92822704054749,late
17,13,2,CEDAR,TREES,large,C,5,85,183,87,73.8792067680714,41.521876120831166,late
17,13,3,TROUSERS,CLOTHING,small,T,8,7,56,88,36.865700068690344,26.173022560328427,late
17,13,4,TEAK,TREES,large,T,4,219,106,217,18.776693397801147,3.025958797368231,late
17,13,5,RENO,CITIES,large,R,4,45,115,37,45.524322398392655,42.98201475716987,late
17,13,6,BERLIN,CITIES,large,B,6,127,219,126,51.2766021954256,28.852501615947162,late
17,13,7,HORNET,INSECTS,small,H,6,207,55,23,26.630747656979327,40.870816531172316,late
17,13,8,SWEATER,CLOTHING,small,S,7,42,28,239,79.53094320268225,55.69149641396673,late
17,13,9,SYDNEY,CITIES,large,S,6,52,254,164,50.79080109387923,58.36871974712305,late
17,13,10,MILLIPEDE,INSECTS,small,M,9,165,136,167,16.198069357571587,65.98558710220166,late
17,13,11,CHICAGO,CITIES,large,C,7,83,106,119,30.205728969463827,73.42879319018975,late
17,13,12,MANTIS,INSECTS,small,M,6,10,82,76,81.29673303752641,16.69525696266011,late
17,13,13,SYCAMORE,TREES,large,S,8,32,137,240,6.6418790750039,73.71268305746105,late
17,13,14,PALM,TREES,large,P,4,239,89,179,45.5613496789411,12.902119727742107,late
17,13,15,BRA,CLOTHING,small,B,3,192,70,141,19.827290753436767,65.09481726628938,late
17,13,16,GLOVES,CLOTHING,small,G,6,150,234,173,17.81407634303774,45.80999879169807,late
17,14,1,CAT,MAMMALS,large,C,3,251,77,153,20.51269005791833,9.537046831611264,late
17,14,2,ENGLAND,COUNTRIES,large,E,7,156,14,49,48.83545350653628,36.49661523296067,late
17,14,3,BOLTS,TOOLS,small,B,5,20,144,150,79.41063230134134,68.22175701084865,late
17,14,4,KAZOO,INSTRUMENTS,small,K,5,221,52,45,61.0052245891052,9.533056952667216,late
17,14,5,SWITZERLAND,COUNTRIES,large,S,11,250,194,192,16.339572054389055,21.797035497799747,late
17,14,6,LEOPARD,MAMMALS,large,L,7,157,198,151,47.389876562692216,17.437853914949446,late
17,14,7,SQUIRREL,MAMMALS,small,S,8,8,82,96,62.68013780968136,15.075289627978059,late
17,14,8,JAPAN,COUNTRIES,large,J,5,122,14,130,20.621720760205527,83.34828509361117,late
17,14,9,FRANCE,COUNTRIES,large,F,6,25,115,60,55.66799767744387,49.29886931516307,late
17,14,10,DRUM,INSTRUMENTS,large,D,4,181,138,239,63.359591235808864,23.30322317094582,late
17,14,11,CHISEL,TOOLS,small,C,6,145,166,134,37.47764615633417,46.997182937326905,late
17,14,12,PROTRACTOR,TOOLS,small,P,10,26,48,97,69.684205509086,54.86860869732112,late
17,14,13,SAW,TOOLS,small,S,3,110,133,212,30.362759598586194,36.10591802641918,late
17,14,14,PIANO,INSTRUMENTS,large,P,5,229,32,33,33.01265453198176,80.17440886338605,late
17,14,15,CLARINET,INSTRUMENTS,small,C,8,13,161,193,72.02432897883253,38.4084349122476,late
17,14,16,FERRET,MAMMALS,small,F,6,18,126,18,5.21749256522739,37.00663132441622,late
17,15,1,TOOTH,BODY PARTS,small,T,5,68,98,133,75.6241729142574,54.98726219923659,late
17,15,2,IOWA,STATES,large,I,4,194,236,2,25.06915765927946,78.18750408071176,late
17,15,3,MONKEY,MAMMALS,large,M,6,248,157,244,68.58661830528983,67.30070141113384,late
17,15,4,LEMON,FRUITS,small,L,5,131,21,251,4.598037882196438,74.93768137898364,late
17,15,5,KANSAS,STATES,large,K,6,124,97,71,82.67157738022928,24.58002355316092,late
17,15,6,TONGUE,BODY PARTS,small,T,6,29,52,66,29.870538841803143,33.16764607672701,late
17,15,7,CLEMENTINE,FRUITS,small,C,10,153,43,93,81.26619663871271,16.147296829808248,late
17,15,8,MICHIGAN,STATES,large,M,8,209,116,87,39.22326920122057,54.66593606115978,late
17,15,9,PANCREAS,BODY PARTS,small,P,8,159,87,124,43.38776382110009,55.377323554815135,late
17,15,10,MOOSE,MAMMALS,large,M,5,59,188,60,8.429137981221892,31.20961364580028,late
17,15,11,ANTELOPE,MAMMALS,large,A,8,5,248,78,79.49259117435166,75.84543630387327,late
17,15,12,POMEGRANATE,FRUITS,small,P,11,169,251,107,53.47776862100142,41.75718257399862,late
17,15,13,RACOON,MAMMALS,large,R,6,38,175,18,23.76475017494735,19.95769527696064,late
17,15,14,PEAR,FRUITS,small,P,4,56,124,119,71.11730872809697,66.60292146536578,late
17,15,15,RIB,BODY PARTS,small,R,3,251,61,217,80.43982529302401,24.292988722377526,late
17,15,16,FLORIDA,STATES,large,F,7,163,224,34,8.438307741645726,31.05912639403723,late
18,0,1,ITALY,COUNTRIES,large,I,5,210,243,110,55.55239733182306,69.9051345538916,early
18,0,2,POLAND,COUNTRIES,large,P,6,80,247,44,30.966438508615898,19.28557621813416,early
18,0,3,AUSTRALIA,COUNTRIES,large,A,9,207,147,111,62.181153182021305,34.81041012866952,early
18,0,4,ETHIOPIA,COUNTRIES,large,E,8,224,29,99,55.30195821813146,39.87570377337145,early
18,0,5,CARROT,VEGETABLES,small,C,6,51,51,104,4.959977750036869,75.75298514871047,early
18,0,6,LETTUCE,VEGETABLES,small,L,7,180,189,175,40.579966474795235,11.426424743917751,early
18,0,7,YAMS,VEGETABLES,small,Y,4,177,132,24,20.23808213270781,86.67546775069347,early
18,0,8,CELERY,VEGETABLES,small,C,6,149,134,106,10.317719975058369,33.45163268902445,early
18,0,9,LION,MAMMALS,large,L,4,236,167,206,6.576239834403026,33.60565909409992,early
18,0,10,ELEPHANT,MAMMALS,large,E,8,242,203,223,28.33199236405666,21.397289670217603,early
18,0,11,PIG,MAMMALS,large,P,3,108,220,248,57.85303681758378,65.61577005941442,early
18,0,12,ZEBRA,MAMMALS,large,Z,5,35,13,217,57.32574480564781,53.323541032801764,early
18,0,13,BASS,INSTRUMENTS,large,B,4,68,224,230,79.05848283691374,42.843779054019386,early
18,0,14,MARACAS,INSTRUMENTS,small,M,7,3,26,40,75.06961910245823,38.50084959919035,early
18,0,15,TROMBONE,INSTRUMENTS,large,T,8,92,173,210,48.01560477500964,41.88991077349695,early
18,0,16,VIOLA,INSTRUMENTS,large,V,5,154,87,155,31.154185982950157,51.84011324626155,early
18,1,1,PEAR,FRUITS,small,P,4,221,176,95,42.803363266412674,11.934489768725403,early
18,1,2,CLEMENTINE,FRUITS,small,C,10,120,49,144,30.98178322475281,37.86193038361917,early
18,1,3,POMEGRANATE,FRUITS,small,P,11,86,93,198,61.74374086334044,48.54744866932793,early
18,1,4,LEMON,FRUITS,small,L,5,184,165,168,33.169638892188544,82.52948851575108,early
18,1,5,TOOTH,BODY PARTS,small,T,5,155,204,97,28.523316901700735,19.246990379546137,early
18,1,6,RIB,BODY PARTS,small,R,3,158,193,11,34.02775641728593,3.607061967853354,early
18,1,7,TONGUE,BODY PARTS,small,T,6,117,150,97,72.79654919788129,28.45699027165417,early
18,1,8,PANCREAS,BODY PARTS,small,P,8,66,175,23,1.2138286395697628,14.653800025216263,early
18,1,9,KANSAS,STATES,large,K,6,194,177,105,12.343104274175023,73.03762259970446,early
18,1,10,IOWA,STATES,large,I,4,93,207,20,74.69527370633115,85.81998157084193,early
18,1,11,MICHIGAN,STATES,large,M,8,15,219,20,13.88923279460333,22.222479412377275,early
18,1,12,FLORIDA,STATES,large,F,7,84,238,150,64.82734834429391,65.28971190143224,early
18,1,13,MOOSE,MAMMALS,large,M,5,111,202,3,74.15539679590752,5.667634519799238,early
18,1,14,ANTELOPE,MAMMALS,large,A,8,184,41,50,30.50745734147536,9.877995523824918,early
18,1,15,RACOON,MAMMALS,large,R,6,244,112,54,82.35968543573405,53.63988272587681,early
18,1,16,MONKEY,MAMMALS,large,M,6,155,199,15,51.35787762009741,73.21966147228957,early
18,2,1,GARLIC,VEGETABLES,small,G,6,166,198,105,29.87181481673245,27.777900342851584,early
18,2,2,ARTICHOKE,VEGETABLES,small,A,9,197,124,234,49.81052441909565,56.47903409732271,early
18,2,3,POTATO,VEGETABLES,small,P,6,106,81,181,76.55321755429169,33.27012868616477,early
18,2,4,SPINACH,VEGETABLES,small,S,7,77,15,180,38.33141168037678,62.40117336749077,early
18,2,5,BLOUSE,CLOTHING,small,B,6,251,42,6,42.56320373968137,68.60349540506482,early
18,2,6,JACKET,CLOTHING,small,J,6,91,25,26,66.16364983867294,67.15625141638417,early
18,2,7,CAMISOLE,CLOTHING,small,C,8,235,93,129,78.22531420369708,21.81311086521147,early
18,2,8,SUIT,CLOTHING,small,S,4,201,54,189,70.87725543813468,56.51432147000258,early
18,2,9,CUBA,COUNTRIES,large,C,4,228,151,243,8.272693511462677,87.32420832060757,early
18,2,10,IRAN,COUNTRIES,large,I,4,11,185,227,10.063775309977158,59.064544407964966,early
18,2,11,EGYPT,COUNTRIES,large,E,5,232,69,97,15.195273320231777,74.83954611277362,early
18,2,12,GERMANY,COUNTRIES,large,G,7,42,176,209,78.96473043799598,30.76816596499687,early
18,2,13,CHIMNEY,BUILDING RELATED,large,C,7,24,57,50,54.36738451899639,49.50528983592725,early
18,2,14,CLOSET,BUILDING RELATED,large,C,6,254,231,45,15.63700541324499,3.9501043508150318,early
18,2,15,LOBBY,BUILDING RELATED,large,L,5,246,86,101,5.281818490747863,16.823838286658194,early
18,2,16,FURNACE,BUILDING RELATED,large,F,7,172,29,84,21.34285235895797,36.597956138354654,early
18,3,1,CORRIDOR,BUILDING RELATED,large,C,8,38,215,138,52.779853034346665,19.76420764644943,early
18,3,2,DOOR,BUILDING RELATED,large,D,4,101,72,117,50.66172534730272,78.99136648436914,early
18,3,3,HALL,BUILDING RELATED,large,H,4,213,173,212,59.811905745240495,30.51397973980861,early
18,3,4,WINDOW,BUILDING RELATED,large,W,6,232,88,199,1.685152235266928,47.591644797094084,early
18,3,5,GIRAFFE,MAMMALS,large,G,7,168,143,180,81.54574365490132,16.817836025278815,early
18,3,6,HORSE,MAMMALS,large,H,5,40,139,110,68.04734928978613,9.44770540789105,early
18,3,7,COW,MAMMALS,large,C,3,149,105,43,2.9806424268531826,85.78998330166446,early
18,3,8,MOUSE,MAMMALS,small,M,5,172,91,54,72.46585177031893,15.432466563867287,early
18,3,9,POT,KITCHEN-RELATED,large,P,3,33,105,18,73.05382093890609,16.934233461955714,early
18,3,10,SPATULA,KITCHEN-RELATED,small,S,7,30,51,100,21.62786536915694,57.9418428453306,early
18,3,11,REFRIGERATOR,KITCHEN-RELATED,large,R,12,250,72,46,17.359789362899786,58.503136763879894,early
18,3,12,GLASS,KITCHEN-RELATED,small,G,5,134,155,15,54.99387412882166,57.91863063432977,early
18,3,13,STRAWBERRY,FRUITS,small,S,10,241,217,182,19.908527754755884,35.14303439644085,early
18,3,14,GUAVA,FRUITS,small,G,5,176,93,183,35.332171527277445,75.86437392403069,early
18,3,15,KIWI,FRUITS,small,K,4,166,82,206,66.22811489791312,6.884024919163311,early
18,3,16,TANGELO,FRUITS,small,T,7,147,178,103,54.381211820872515,30.12254024333,early
18,4,1,KIDNEY,BODY PARTS,small,K,6,119,183,209,36.21153816300025,80.87532912929721,early
18,4,2,FOOT,BODY PARTS,small,F,4,202,167,70,21.105948195054506,2.911712911908669,early
18,4,3,SHOULDER,BODY PARTS,small,S,8,240,38,132,44.002022326413794,41.847268908718675,early
18,4,4,ELBOW,BODY PARTS,small,E,5,17,200,181,57.79224924295928,66.45153957623582,early
18,4,5,TORONTO,CITIES,large,T,7,46,171,82,1.401513207763193,64.75801092931809,early
18,4,6,MIAMI,CITIES,large,M,5,11,186,228,5.228857124656516,8.825409216872421,early
18,4,7,STOCKHOLM,CITIES,large,S,9,6,96,234,46.852565560931836,19.354180642627167,early
18,4,8,BOMBAY,CITIES,large,B,6,107,118,87,35.36767375252648,8.134934185533796,early
18,4,9,ZUCCHINI,VEGETABLES,small,Z,8,217,138,118,46.6421642776403,4.526964940573914,early
18,4,10,SQUASH,VEGETABLES,small,S,6,246,167,75,81.94606591152493,30.854320015003182,early
18,4,11,OLIVE,VEGETABLES,small,O,5,56,47,15,38.64209384651248,10.815889737936187,early
18,4,12,AUBERGINE,VEGETABLES,small,A,9,115,191,159,75.04856816437163,69.94586350595986,early
18,4,13,WOLF,MAMMALS,large,W,4,161,48,220,17.775160489281376,8.958957911241717,early
18,4,14,PANTHER,MAMMALS,large,P,7,106,124,175,31.246197649306744,41.17513441269048,early
18,4,15,SHEEP,MAMMALS,large,S,5,11,122,184,57.035726062702246,19.019302572195812,early
18,4,16,GOAT,MAMMALS,large,G,4,157,72,175,46.61230443273452,22.428424286973147,early
18,5,1,LARVA,INSECTS,small,L,5,132,245,137,24.8327685392966,78.59377465320746,early
18,5,2,SCORPION,INSECTS,small,S,8,95,5,165,66.48029094567639,70.39336278597759,early
18,5,3,MONARCH,INSECTS,small,M,7,106,209,143,40.3166642988563,75.77368327179344,early
18,5,4,WORM,INSECTS,small,W,4,2,180,156,2.52166007125631,54.93545794771134,early
18,5,5,ANKLE,BODY PARTS,small,A,5,14,23,100,43.823086262692385,58.23783718696452,early
18,5,6,FINGER,BODY PARTS,small,F,6,218,4,89,82.61739693621233,62.47719371605881,early
18,5,7,LIP,BODY PARTS,small,L,3,253,65,122,39.07903994368616,1.5118697836447899,early
18,5,8,HAND,BODY PARTS,small,H,4,247,38,122,56.02097844834102,59.68381783660194,early
18,5,9,XYLOPHONE,INSTRUMENTS,large,X,9,253,192,95,50.96182199710701,8.0367691199593,early
18,5,10,BONGOS,INSTRUMENTS,large,B,6,140,129,37,78.80810760833907,35.027531231737385,early
18,5,11,ACCORDION,INSTRUMENTS,large,A,9,249,98,243,34.77789285422394,1.9263770842405836,early
18,5,12,GUITAR,INSTRUMENTS,large,G,6,56,164,17,1.8616095035031566,13.9688664199763,early
18,5,13,ASH,TREES,large,A,3,37,22,178,50.04723529158831,69.4612024680935,early
18,5,14,WILLOW,TREES,large,W,6,83,14,156,15.039434855982126,33.60810648925691,early
18,5,15,EUCALYPTUS,TREES,large,E,10,171,58,230,70.1669559601988,11.932599241922269,early
18,5,16,POPLAR,TREES,large,P,6,146,80,87,53.5388941211015,80.93660871643964,early
18,6,1,DALLAS,CITIES,large,D,6,18,41,113,11.207988501414025,76.60412908280541,early
18,6,2,MONTREAL,CITIES,large,M,8,244,183,156,34.54452593457081,31.881918416550526,early
18,6,3,ROME,CITIES,large,R,4,13,24,230,52.64058602502241,33.23526924057666,early
18,6,4,PARIS,CITIES,large,P,5,93,216,77,61.00252199223246,33.47917343537516,early
18,6,5,PICCOLO,INSTRUMENTS,small,P,7,230,160,224,48.08888609278803,40.77640576989377,early
18,6,6,TRUMPET,INSTRUMENTS,large,T,7,103,2,148,77.89698527796075,31.86141145692892,early
18,6,7,TAMBOURINE,INSTRUMENTS,small,T,10,133,221,189,45.91662945105929,5.470034498829381,early
18,6,8,TUBA,INSTRUMENTS,large,T,4,230,3,0,84.88337591141506,49.64113688113463,early
18,6,9,HIP,BODY PARTS,small,H,3,140,163,53,74.18010611079634,64.33746502415023,early
18,6,10,STOMACH,BODY PARTS,small,S,7,9,197,68,61.262233696439495,18.59530960414441,early
18,6,11,PELVIS,BODY PARTS,large,P,6,145,30,254,14.746611546698333,71.38435904243403,early
18,6,12,ARMS,BODY PARTS,large,A,4,196,104,15,82.92774866170045,81.04917901544835,early
18,6,13,OVEN,KITCHEN-RELATED,large,O,4,129,106,1,6.409060592326783,32.69112588299132,early
18,6,14,MUG,KITCHEN-RELATED,small,M,3,136,42,65,1.252092467432101,83.03009685338034,early
18,6,15,THERMOMETER,KITCHEN-RELATED,small,T,11,221,103,36,42.73634492271499,3.0400107715204414,early
18,6,16,BROILER,KITCHEN-RELATED,large,B,7,57,10,165,39.200066074694526,66.74196473662735,early
18,7,1,RASPBERRY,FRUITS,small,R,9,226,98,155,55.08677317573179,39.60164444615869,early
18,7,2,HONEYDEW,FRUITS,small,H,8,109,86,11,16.961454442884705,36.87964958550228,early
18,7,3,FIG,FRUITS,small,F,3,159,183,121,1.1047277980161785,86.49896667955537,early
18,7,4,PLUM,FRUITS,small,P,4,163,97,124,45.654399482351344,77.03082036196464,early
18,7,5,MAPLE,TREES,large,M,5,176,236,134,77.63100867537135,66.42221083410278,early
18,7,6,ELM,TREES,large,E,3,253,93,240,21.292375260928907,8.250004901242939,early
18,7,7,HICKORY,TREES,large,H,7,212,129,97,80.85481132803946,34.015288768017534,early
18,7,8,PINE,TREES,large,P,4,46,198,4,66.684971867068,76.05803784159065,early
18,7,9,TRIANGLE,INSTRUMENTS,small,T,8,239,250,71,8.721429232842967,55.69935654140343,early
18,7,10,VIOLIN,INSTRUMENTS,large,V,6,30,21,121,84.39360563546742,52.60843673765261,early
18,7,11,SAXOPHONE,INSTRUMENTS,large,S,9,108,192,116,25.58296365541095,64.58271113565387,early
18,7,12,CELLO,INSTRUMENTS,large,C,5,224,216,230,82.05717797229903,62.63350702548789,early
18,7,13,WEDGE,TOOLS,small,W,5,114,115,190,26.400056857941713,59.332832478332854,early
18,7,14,WIRE,TOOLS,small,W,4,44,103,37,34.346158208795956,78.9077742291149,early
18,7,15,HAMMER,TOOLS,small,H,6,21,90,69,74.97793298407626,61.161770711301024,early
18,7,16,SCREWS,TOOLS,small,S,6,237,143,83,23.98206501740533,32.08919858504166,early
18,8,1,SHIRT,CLOTHING,small,S,5,252,190,95,50.941974182188495,70.20586246751583,late
18,8,2,EVERGREEN,TREES,large,E,9,52,156,21,8.755774901005895,24.850613345091723,late
18,8,3,UKULELE,INSTRUMENTS,small,U,7,95,226,188,83.70190438990262,52.75007060849265,late
18,8,4,SPRUCE,TREES,large,S,6,27,181,233,59.52187920788869,51.208031575925155,late
18,8,5,BELT,CLOTHING,small,B,4,200,80,66,20.14137768961698,21.061287412699272,late
18,8,6,CUP,KITCHEN-RELATED,small,C,3,62,156,211,71.44453049002445,0.8278982079637933,late
18,8,7,HARMONICA,INSTRUMENTS,small,H,9,199,56,191,47.534864377257946,0.6031872872181891,late
18,8,8,MARIMBA,INSTRUMENTS,large,M,7,3,139,209,19.07192204771945,70.56905629623182,late
18,8,9,COLANDER,KITCHEN-RELATED,small,C,8,91,200,82,82.88002263132604,49.74167612767043,late
18,8,10,OAK,TREES,large,O,3,65,86,31,75.97790225305285,63.915046594235406,late
18,8,11,BLENDER,KITCHEN-RELATED,large,B,7,62,178,33,63.13156333639115,4.519166924696237,late
18,8,12,BANJO,INSTRUMENTS,large,B,5,53,198,114,1.2956604573636499,27.559615446092955,late
18,8,13,ROBE,CLOTHING,small,R,4,197,10,93,60.06173291820158,62.49785004604477,late
18,8,14,MIXER,KITCHEN-RELATED,large,M,5,181,175,43,52.57788781556882,77.46109516770916,late
18,8,15,JUMPER,CLOTHING,small,J,6,212,124,184,59.964398757653015,10.648814612991124,late
18,8,16,COTTONWOOD,TREES,large,C,10,17,151,228,54.16775760243909,67.76152746262795,late
18,9,1,FOUNDATION,BUILDING RELATED,large,F,10,125,171,135,79.3036715251293,64.1643437048894,late
18,9,2,BROCCOLI,VEGETABLES,small,B,8,53,50,75,47.66761925332764,22.473656142350666,late
18,9,3,CAULIFLOWER,VEGETABLES,small,C,11,4,84,221,51.6256154319519,51.69680359921969,late
18,9,4,FLOOR,BUILDING RELATED,large,F,5,201,125,115,22.363557462689183,82.39241015774456,late
18,9,5,ONION,VEGETABLES,small,O,5,237,209,107,78.29258300536759,50.05449592567931,late
18,9,6,LOG,FLOWERS,small,L,3,161,86,153,23.651157548308706,22.393363184527313,late
18,9,7,CARPET,BUILDING RELATED,large,C,6,248,85,69,64.48915969217052,81.95481738961139,late
18,9,8,GRIDDLE,KITCHEN-RELATED,small,G,7,83,116,49,50.65684338324106,43.894953139394524,late
18,9,9,DAHLIA,FLOWERS,small,D,6,47,56,88,10.325490256388921,5.9418113159131,late
18,9,10,AZALEA,FLOWERS,small,A,6,159,211,60,34.70487311093752,53.96613948186821,late
18,9,11,ELEVATOR,BUILDING RELATED,large,E,8,200,25,240,42.08835882458051,62.98853825554201,late
18,9,12,STRAINER,KITCHEN-RELATED,small,S,8,45,121,16,40.685846779299006,56.02285480167188,late
18,9,13,DISH,KITCHEN-RELATED,small,D,4,114,83,235,82.43671039345573,84.4210492819729,late
18,9,14,PICKLE,VEGETABLES,small,P,6,242,12,186,41.958177373367825,34.18888880193862,late
18,9,15,BUTTERCUP,FLOWERS,small,B,9,75,245,54,26.18382834586571,3.2869757103443495,late
18,9,16,SAUCER,KITCHEN-RELATED,small,S,6,5,172,93,65.85030121967232,18.375099546185435,late
18,10,1,RULER,TOOLS,small,R,5,215,131,88,6.847315796002621,55.86264773100761,late
18,10,2,VANCOUVER,CITIES,large,V,9,251,93,4,76.86062406159574,7.4709791464873785,late
18,10,3,KUMQUAT,FRUITS,small,K,7,7,75,135,31.79718664979146,71.0081477946308,late
18,10,4,NECTARINE,FRUITS,small,N,9,51,157,87,41.25301383218014,57.86140530852219,late
18,10,5,BANANA,FRUITS,small,B,6,26,77,29,48.611968315634236,71.42711471043323,late
18,10,6,NUTS,TOOLS,small,N,4,21,84,28,30.430747901751754,84.75226169945041,late
18,10,7,CALIFORNIA,STATES,large,C,10,172,48,156,29.216568153014336,46.487056472926476,late
18,10,8,WASHER,TOOLS,small,W,6,83,222,57,4.829750799958327,37.61035945986225,late
18,10,9,PHILADELPHIA,CITIES,large,P,12,59,65,30,61.9346799769025,37.43069457705664,late
18,10,10,VERMONT,STATES,large,V,7,78,160,6,63.54470120022361,2.1607223684376944,late
18,10,11,HAWAII,STATES,large,H,6,70,66,179,58.17840784428217,58.89553340993653,late
18,10,12,TOKYO,CITIES,large,T,5,189,57,162,1.2424633484740388,41.39939015445586,late
18,10,13,JERUSALEM,CITIES,large,J,9,181,56,30,53.341963578218895,10.918183662965705,late
18,10,14,GLUE,TOOLS,small,G,4,196,102,36,2.2319802235529274,25.041104758009688,late
18,10,15,WISCONSIN,STATES,large,W,9,236,175,148,40.214438081434565,16.319168549888385,late
18,10,16,MANGO,FRUITS,small,M,5,0,136,140,31.906720121510684,39.27440430834576,late
18,11,1,SQUIRREL,MAMMALS,small,S,8,4,187,189,68.04499045070563,22.7416464321729,late
18,11,2,KAZOO,INSTRUMENTS,small,K,5,64,207,51,38.3137317507333,6.1609987380839595,late
18,11,3,CHISEL,TOOLS,small,C,6,42,132,146,42.42757221796966,53.337019791125535,late
18,11,4,LEOPARD,MAMMALS,large,L,7,113,86,138,28.896893915595214,37.83762761942443,late
18,11,5,PIANO,INSTRUMENTS,large,P,5,30,222,89,65.40301435692051,66.75739266205616,late
18,11,6,SWITZERLAND,COUNTRIES,large,S,11,34,50,158,12.866753039131476,11.939942418508393,late
18,11,7,SAW,TOOLS,small,S,3,165,222,128,16.261790670601023,46.1946796720776,late
18,11,8,PROTRACTOR,TOOLS,small,P,10,49,212,145,0.10330570164497344,18.48762695168895,late
18,11,9,CAT,MAMMALS,large,C,3,190,194,154,22.69462076297519,78.51940770610817,late
18,11,10,ENGLAND,COUNTRIES,large,E,7,76,202,190,57.820925928083476,35.76653215007612,late
18,11,11,DRUM,INSTRUMENTS,large,D,4,118,82,249,75.68661249953044,9.059956548705857,late
18,11,12,BOLTS,TOOLS,small,B,5,6,38,54,9.613565957048744,31.587992839332664,late
18,11,13,FRANCE,COUNTRIES,large,F,6,192,254,12,3.7373702578413672,31.489310507230126,late
18,11,14,FERRET,MAMMALS,small,F,6,190,66,149,16.840621342243153,60.62674206931534,late
18,11,15,JAPAN,COUNTRIES,large,J,5,163,16,178,39.91927468664905,84.35820172490976,late
18,11,16,CLARINET,INSTRUMENTS,small,C,8,174,167,87,20.619238656865974,74.50166174570982,late
18,12,1,CARNATION,FLOWERS,small,C,9,172,102,182,65.71009680496775,69.49201701243949,late
18,12,2,HEART,BODY PARTS,small,H,5,75,24,107,78.49654629627109,84.81859327127134,late
18,12,3,DONKEY,MAMMALS,large,D,6,199,135,203,15.965447264603132,44.043692147556754,late
18,12,4,TULIP,FLOWERS,small,T,5,58,148,175,22.85383393191276,51.4726823999219,late
18,12,5,KNUCKLE,BODY PARTS,small,K,7,109,170,252,73.41554682866851,32.389523211214126,late
18,12,6,BARN,BUILDING RELATED,large,B,4,83,39,110,54.9115937107114,5.1602835846167885,late
18,12,7,PETUNIA,FLOWERS,small,P,7,254,122,138,77.47051518882425,70.64698105873696,late
18,12,8,KITCHEN,BUILDING RELATED,large,K,7,71,209,16,82.46795991923389,31.332691550009855,late
18,12,9,FACE,BODY PARTS,small,F,4,72,36,18,26.161140959630906,66.88106507930422,late
18,12,10,ROSE,FLOWERS,small,R,4,45,200,128,72.28140331105678,80.69418610860396,late
18,12,11,TIGER,MAMMALS,large,T,5,196,41,66,23.171113875396504,36.574972518075484,late
18,12,12,ALCOVE,BUILDING RELATED,large,A,6,151,146,72,8.968180180834885,10.580379301938708,late
18,12,13,DOG,MAMMALS,large,D,3,105,77,162,56.17107283741783,69.93802458254056,late
18,12,14,EAR,BODY PARTS,small,E,3,9,58,10,42.867624385378186,47.16120095254892,late
18,12,15,GAZEBO,BUILDING RELATED,large,G,6,70,117,231,64.68291328555331,15.013194360807667,late
18,12,16,HIPPOPOTAMUS,MAMMALS,large,H,12,55,149,187,73.99843889502806,14.187126949914784,late
18,13,1,TEXAS,STATES,large,T,5,176,18,178,4.295808603299775,26.0928743261206,late
18,13,2,RUTABAGA,VEGETABLES,small,R,8,132,244,250,84.4450584942123,54.88787492869893,late
18,13,3,RABBIT,MAMMALS,small,R,6,236,217,139,5.098394620078242,56.30222215112275,late
18,13,4,LLAMA,MAMMALS,large,L,5,84,201,147,29.6376600070495,61.635490062760034,late
18,13,5,OKRA,VEGETABLES,small,O,4,221,43,217,67.94994680916331,19.850123720232137,late
18,13,6,BEETLE,INSECTS,small,B,6,239,185,188,33.97240247465648,31.003196674814763,late
18,13,7,RHINOCEROS,MAMMALS,large,R,10,186,174,172,0.18622420332691236,33.48434295291404,late
18,13,8,FOX,MAMMALS,large,F,3,123,87,186,32.612263718571405,9.342116499621186,late
18,13,9,PENNSYLVANIA,STATES,large,P,12,181,150,218,37.49697901848084,33.47943759849308,late
18,13,10,OHIO,STATES,large,O,4,173,16,239,44.44782450235987,85.95111001261448,late
18,13,11,GINGER,VEGETABLES,small,G,6,60,39,17,13.562423661675144,31.56619730257258,late
18,13,12,PUMPKIN,VEGETABLES,large,P,7,189,123,246,46.39948725655423,52.64694194946768,late
18,13,13,CHRYSALIS,INSECTS,small,C,9,99,150,42,39.37837078170419,51.02090797364988,late
18,13,14,TERMITE,INSECTS,small,T,7,51,47,180,27.093889375744848,47.11248591263765,late
18,13,15,WASP,INSECTS,small,W,4,198,123,87,27.219562699197567,48.04816852290062,late
18,13,16,ALASKA,STATES,large,A,6,188,179,185,45.30841370453101,11.997298554645074,late
18,14,1,LILY,FLOWERS,small,L,4,44,217,142,24.986739430711378,87.77402605606008,late
18,14,2,FORK,KITCHEN-RELATED,small,F,4,220,102,31,39.80426126093423,24.567347467028775,late
18,14,3,UNDERWEAR,CLOTHING,small,U,9,136,229,38,49.609952971402,15.0343414126902,late
18,14,4,MONTANA,STATES,large,M,7,3,74,11,69.6997502229104,68.81081280177165,late
18,14,5,DRESS,CLOTHING,small,D,5,181,114,69,8.886107950427771,56.795445697186736,late
18,14,6,MAINE,STATES,large,M,5,240,68,0,20.417438997404112,69.86647679580243,late
18,14,7,PANTS,CLOTHING,small,P,5,233,70,228,70.34301425231581,52.490315143907814,late
18,14,8,DAISY,FLOWERS,small,D,5,87,13,78,37.49904314608608,63.86983907640522,late
18,14,9,GIRDLE,CLOTHING,small,G,6,13,113,217,54.84751255475368,76.86993207202619,late
18,14,10,UTAH,STATES,large,U,4,124,213,184,11.309962881447273,54.70540277793897,late
18,14,11,KNIFE,KITCHEN-RELATED,small,K,5,174,246,137,80.18988538641399,5.620413498141618,late
18,14,12,NARCISSUS,FLOWERS,small,N,9,204,217,148,32.95623389018985,4.896051423908359,late
18,14,13,SKILLET,KITCHEN-RELATED,large,S,7,152,139,209,77.36001664563418,50.77200756063571,late
18,14,14,TOASTER,KITCHEN-RELATED,large,T,7,95,90,125,45.407494786713364,2.4099533849332904,late
18,14,15,SUNFLOWER,FLOWERS,small,S,9,238,42,90,28.697555686878008,53.91538151487105,late
18,14,16,ARIZONA,STATES,large,A,7,199,236,24,18.292483915499652,1.9294023398094113,late
18,15,1,SYDNEY,CITIES,large,S,6,189,192,210,83.21088476349101,19.558134001995995,late
18,15,2,MILLIPEDE,INSECTS,small,M,9,245,161,7,34.98698449202465,57.51064347645772,late
18,15,3,CHICAGO,CITIES,large,C,7,14,82,68,26.4220859470616,30.90343500876315,late
18,15,4,TROUSERS,CLOTHING,small,T,8,184,113,133,70.40762970842434,20.389591455966404,late
18,15,5,RENO,CITIES,large,R,4,146,61,131,17.953460314148078,13.57861459220734,late
18,15,6,BERLIN,CITIES,large,B,6,23,196,200,68.25971114962887,70.61389699340118,late
18,15,7,BRA,CLOTHING,small,B,3,33,7,174,42.708685435409066,22.85786611761135,late
18,15,8,TEAK,TREES,large,T,4,3,43,205,71.72381327672912,15.345108519694882,late
18,15,9,MOSQUITO,INSECTS,small,M,8,220,252,39,44.751350636876104,55.16605956194657,late
18,15,10,SYCAMORE,TREES,large,S,8,130,144,176,24.426801931631214,69.07589486801294,late
18,15,11,HORNET,INSECTS,small,H,6,25,188,137,47.72607037565046,59.00743942745451,late
18,15,12,MANTIS,INSECTS,small,M,6,143,44,169,69.60285345217372,79.09199650515559,late
18,15,13,GLOVES,CLOTHING,small,G,6,113,81,229,33.45386342525597,61.543210940145364,late
18,15,14,CEDAR,TREES,large,C,5,128,97,134,82.40469039981053,7.110301924157171,late
18,15,15,PALM,TREES,large,P,4,136,47,120,18.503183457278723,61.43556704839174,late
18,15,16,SWEATER,CLOTHING,small,S,7,159,133,41,33.931132608974885,45.20151622711406,late
19,0,1,CORRIDOR,BUILDING RELATED,large,C,8,68,171,42,82.49143771509037,54.457847670094075,early
19,0,2,DOOR,BUILDING RELATED,large,D,4,157,172,72,59.293735875333155,33.46142793161448,early
19,0,3,WINDOW,BUILDING RELATED,large,W,6,254,189,243,9.630283763899756,7.476441220324812,early
19,0,4,HALL,BUILDING RELATED,large,H,4,15,32,215,14.780381554338106,49.275245198697505,early
19,0,5,GUAVA,FRUITS,small,G,5,251,73,24,31.278141324970097,9.470314782683335,early
19,0,6,STRAWBERRY,FRUITS,small,S,10,53,43,242,8.715959822248458,52.24646328061106,early
19,0,7,KIWI,FRUITS,small,K,4,62,212,59,58.421156650841496,58.811548924459125,early
19,0,8,TANGELO,FRUITS,small,T,7,174,178,72,15.736207692473625,10.723313766854309,early
19,0,9,POT,KITCHEN-RELATED,large,P,3,4,221,233,20.357740168417024,55.787456819939045,early
19,0,10,REFRIGERATOR,KITCHEN-RELATED,large,R,12,251,2,185,37.53485555582128,25.97577481761809,early
19,0,11,SPATULA,KITCHEN-RELATED,small,S,7,179,234,197,77.69204823777007,53.86573260254114,early
19,0,12,GLASS,KITCHEN-RELATED,small,G,5,83,235,34,25.02681389428464,41.142089144181,early
19,0,13,MOUSE,MAMMALS,small,M,5,209,173,186,47.69434120603092,46.71763681656967,early
19,0,14,COW,MAMMALS,large,C,3,125,242,135,34.406870896471396,18.532052040850516,early
19,0,15,GIRAFFE,MAMMALS,large,G,7,113,192,44,68.85511966079936,30.027114966932526,early
19,0,16,HORSE,MAMMALS,large,H,5,67,236,46,79.38715188327609,84.99666359835425,early
19,1,1,ELBOW,BODY PARTS,small,E,5,67,93,226,7.427118659985913,32.72259905220908,early
19,1,2,KIDNEY,BODY PARTS,small,K,6,113,104,213,9.565117432733254,63.846777908494985,early
19,1,3,FOOT,BODY PARTS,small,F,4,218,49,1,83.93783557283125,30.574524123122192,early
19,1,4,SHOULDER,BODY PARTS,small,S,8,230,49,248,46.7844982652276,22.33800871817364,early
19,1,5,STOCKHOLM,CITIES,large,S,9,181,197,203,47.44421232670521,20.346108618041104,early
19,1,6,BOMBAY,CITIES,large,B,6,221,77,192,14.424837035413017,74.75197299963264,early
19,1,7,MIAMI,CITIES,large,M,5,247,44,96,81.68934823000863,53.93285674202866,early
19,1,8,TORONTO,CITIES,large,T,7,234,242,87,81.9504219085117,31.40698887801594,early
19,1,9,ZUCCHINI,VEGETABLES,small,Z,8,188,119,165,34.75270795740253,1.9681473948512709,early
19,1,10,OLIVE,VEGETABLES,small,O,5,194,27,71,8.543303404187713,21.695647838625433,early
19,1,11,AUBERGINE,VEGETABLES,small,A,9,208,226,161,64.94198745409356,32.08949128744717,early
19,1,12,SQUASH,VEGETABLES,small,S,6,57,149,113,34.82073950193311,75.12429462623192,early
19,1,13,GOAT,MAMMALS,large,G,4,125,67,40,60.12295140461377,26.14532513211848,early
19,1,14,PANTHER,MAMMALS,large,P,7,132,206,206,41.74019707831605,33.6167372615828,early
19,1,15,WOLF,MAMMALS,large,W,4,131,78,186,40.9588726541249,47.838084340116836,early
19,1,16,SHEEP,MAMMALS,large,S,5,129,207,235,45.18495122551753,71.19181310810629,early
19,2,1,DAISY,FLOWERS,small,D,5,165,243,126,36.8228727450063,62.860523551667725,early
19,2,2,SUNFLOWER,FLOWERS,small,S,9,192,47,219,46.515128345342184,23.599547342589144,early
19,2,3,LILY,FLOWERS,small,L,4,61,35,27,50.1984678066554,34.61806060378062,early
19,2,4,NARCISSUS,FLOWERS,small,N,9,15,12,159,80.23456893355052,33.71841783144882,early
19,2,5,UTAH,STATES,large,U,4,94,240,126,72.3559835213251,57.407334033915404,early
19,2,6,ARIZONA,STATES,large,A,7,156,106,185,18.390479318625285,68.9339551561294,early
19,2,7,MAINE,STATES,large,M,5,181,46,132,77.95026097860136,4.819955203898178,early
19,2,8,MONTANA,STATES,large,M,7,216,250,157,70.9638114080199,68.81583816782513,early
19,2,9,PANTS,CLOTHING,small,P,5,247,20,136,10.278599102991024,9.186377607508458,early
19,2,10,GIRDLE,CLOTHING,small,G,6,98,90,177,33.03772327587832,78.5343237790345,early
19,2,11,UNDERWEAR,CLOTHING,small,U,9,179,85,49,37.99638517195852,55.1608500067091,early
19,2,12,DRESS,CLOTHING,small,D,5,17,253,233,66.57916324329642,33.46869457130008,early
19,2,13,KNIFE,KITCHEN-RELATED,small,K,5,95,198,191,64.73024551068283,39.9043843854803,early
19,2,14,SKILLET,KITCHEN-RELATED,large,S,7,233,3,77,84.64205264143845,54.34884068135586,early
19,2,15,TOASTER,KITCHEN-RELATED,large,T,7,107,190,185,19.940452907898162,45.863632798618696,early
19,2,16,FORK,KITCHEN-RELATED,small,F,4,238,216,120,22.868948407445078,60.33505151567218,early
19,3,1,ETHIOPIA,COUNTRIES,large,E,8,165,134,72,10.751938562810627,42.255740788016126,early
19,3,2,ITALY,COUNTRIES,large,I,5,42,131,32,27.98607321322013,28.68153977699913,early
19,3,3,AUSTRALIA,COUNTRIES,large,A,9,146,242,131,9.399430342514034,58.16207430961436,early
19,3,4,POLAND,COUNTRIES,large,P,6,176,85,106,27.49232765512649,70.1176649928018,early
19,3,5,LETTUCE,VEGETABLES,small,L,7,111,189,235,7.105464998244406,17.090245860840493,early
19,3,6,CELERY,VEGETABLES,small,C,6,84,214,111,22.4194461271142,67.86992070262316,early
19,3,7,CARROT,VEGETABLES,small,C,6,215,229,158,15.408462287720964,45.66906808065126,early
19,3,8,YAMS,VEGETABLES,small,Y,4,237,240,25,70.71308861223123,72.05900713991855,early
19,3,9,BASS,INSTRUMENTS,large,B,4,165,239,4,42.74982023581908,35.481823489682625,early
19,3,10,VIOLA,INSTRUMENTS,large,V,5,80,146,50,80.10554395583834,5.43956874616142,early
19,3,11,MARACAS,INSTRUMENTS,small,M,7,90,242,22,0.25954786350545156,50.433777521064464,early
19,3,12,TROMBONE,INSTRUMENTS,large,T,8,213,252,135,59.89894014393299,75.96778881308732,early
19,3,13,PIG,MAMMALS,large,P,3,8,65,124,61.31204170848042,85.28805354590874,early
19,3,14,ZEBRA,MAMMALS,large,Z,5,65,75,254,70.04150430461084,25.20247721609943,early
19,3,15,ELEPHANT,MAMMALS,large,E,8,202,13,219,41.629534881863066,65.03171258626642,early
19,3,16,LION,MAMMALS,large,L,4,180,46,241,3.3745327548054114,77.1315784877017,early
19,4,1,MARIMBA,INSTRUMENTS,large,M,7,89,182,19,10.064140511267745,76.16658083850261,early
19,4,2,UKULELE,INSTRUMENTS,small,U,7,46,179,112,76.22498589868272,66.26835215831761,early
19,4,3,HARMONICA,INSTRUMENTS,small,H,9,38,7,54,38.51903072500525,71.02127256739033,early
19,4,4,BANJO,INSTRUMENTS,large,B,5,57,208,0,46.77409816300694,81.12488849821796,early
19,4,5,COTTONWOOD,TREES,large,C,10,246,64,34,58.28445331487781,24.511603398112783,early
19,4,6,SPRUCE,TREES,large,S,6,139,8,128,49.7976675904332,26.077357882068533,early
19,4,7,EVERGREEN,TREES,large,E,9,100,38,191,78.41118925874338,64.68233989506356,early
19,4,8,OAK,TREES,large,O,3,229,84,171,4.045371096507715,75.94779115595885,early
19,4,9,BLENDER,KITCHEN-RELATED,large,B,7,181,165,125,7.366999323475547,13.892571220248911,early
19,4,10,CUP,KITCHEN-RELATED,small,C,3,36,188,86,84.93544846869335,67.37730248022608,early
19,4,11,MIXER,KITCHEN-RELATED,large,M,5,153,76,187,82.02145427395094,13.438950393555242,early
19,4,12,COLANDER,KITCHEN-RELATED,small,C,8,113,207,135,36.20385354081372,13.322290507528372,early
19,4,13,SHIRT,CLOTHING,small,S,5,117,52,60,77.90645902525762,70.35158399522177,early
19,4,14,ROBE,CLOTHING,small,R,4,145,91,10,69.56804424042323,78.56766609441276,early
19,4,15,BELT,CLOTHING,small,B,4,34,223,227,22.29876685908006,34.04295853839028,early
19,4,16,JUMPER,CLOTHING,small,J,6,121,18,154,13.473828488567253,61.26921708395741,early
19,5,1,SWEATER,CLOTHING,small,S,7,112,19,133,10.25062240486813,53.38070767942508,early
19,5,2,TROUSERS,CLOTHING,small,T,8,62,212,50,30.823041722749046,37.484731228040026,early
19,5,3,GLOVES,CLOTHING,small,G,6,19,72,9,34.98486549188419,33.43731443264798,early
19,5,4,BRA,CLOTHING,small,B,3,202,58,87,18.598921970624108,17.801921864903083,early
19,5,5,MOSQUITO,INSECTS,small,M,8,69,240,187,61.0939060951015,74.16492575254088,early
19,5,6,MANTIS,INSECTS,small,M,6,17,116,215,29.22098832984139,61.89282500171425,early
19,5,7,HORNET,INSECTS,small,H,6,109,184,121,75.40645214268196,76.45852289425648,early
19,5,8,MILLIPEDE,INSECTS,small,M,9,7,232,228,43.357353400926456,8.539089626541227,early
19,5,9,TEAK,TREES,large,T,4,29,196,189,2.6058541638557733,57.01094874792171,early
19,5,10,PALM,TREES,large,P,4,126,89,54,58.08172225094429,24.811291102750832,early
19,5,11,SYCAMORE,TREES,large,S,8,55,71,108,21.090524287789904,59.199036379005676,early
19,5,12,CEDAR,TREES,large,C,5,30,251,152,8.273898693866894,46.94642393089839,early
19,5,13,BERLIN,CITIES,large,B,6,143,159,121,12.476718771444782,10.774283077088763,early
19,5,14,RENO,CITIES,large,R,4,232,42,84,0.15708052326385058,86.84677230425687,early
19,5,15,SYDNEY,CITIES,large,S,6,97,87,144,39.36962030587038,6.334010182551069,early
19,5,16,CHICAGO,CITIES,large,C,7,237,92,58,60.36356816334994,21.085044180863633,early
19,6,1,ASH,TREES,large,A,3,229,196,240,75.08618436431175,8.241903842436265,early
19,6,2,POPLAR,TREES,large,P,6,243,180,91,0.38733389741622437,6.495800262988974,early
19,6,3,WILLOW,TREES,large,W,6,120,216,181,41.55692534681938,26.07158636371582,early
19,6,4,EUCALYPTUS,TREES,large,E,10,45,45,242,61.2796981712026,46.984467170956314,early
19,6,5,ACCORDION,INSTRUMENTS,large,A,9,217,146,84,64.09362464165419,47.168675775485674,early
19,6,6,GUITAR,INSTRUMENTS,large,G,6,147,137,139,41.53312156501804,46.787010926032615,early
19,6,7,BONGOS,INSTRUMENTS,large,B,6,100,235,68,7.6056107143464935,54.36415826879797,early
19,6,8,XYLOPHONE,INSTRUMENTS,large,X,9,107,47,57,35.437650459007706,43.61721483155458,early
19,6,9,ANKLE,BODY PARTS,small,A,5,106,28,1,16.48043197381929,51.448194931667494,early
19,6,10,HAND,BODY PARTS,small,H,4,54,93,70,12.18544280313675,0.8268568139542634,early
19,6,11,FINGER,BODY PARTS,small,F,6,240,164,118,55.09393951098076,31.78693881222674,early
19,6,12,LIP,BODY PARTS,small,L,3,14,223,35,48.39688162038984,7.830719526843881,early
19,6,13,WORM,INSECTS,small,W,4,20,164,84,59.33842699919065,69.16709789867468,early
19,6,14,MONARCH,INSECTS,small,M,7,73,205,22,80.41077119499431,52.54764538327887,early
19,6,15,SCORPION,INSECTS,small,S,8,138,253,108,43.06643582642163,1.8582557031348506,early
19,6,16,LARVA,INSECTS,small,L,5,90,210,73,63.822047460134634,74.46303824560934,early
19,7,1,JERUSALEM,CITIES,large,J,9,251,208,201,8.40704536038536,59.89298416601517,early
19,7,2,TOKYO,CITIES,large,T,5,172,64,128,40.4507582864271,52.61235921434509,early
19,7,3,VANCOUVER,CITIES,large,V,9,25,228,254,17.927800213050002,34.57371011357957,early
19,7,4,PHILADELPHIA,CITIES,large,P,12,228,245,24,17.728763500400472,46.118725368794955,early
19,7,5,BANANA,FRUITS,small,B,6,65,194,68,34.36648989422268,17.40058290115442,early
19,7,6,NECTARINE,FRUITS,small,N,9,95,77,120,70.69937217478342,3.2045522776228537,early
19,7,7,MANGO,FRUITS,small,M,5,48,60,244,31.01023884188307,62.58577916049355,early
19,7,8,KUMQUAT,FRUITS,small,K,7,22,194,242,74.65398890112907,25.702390573181134,early
19,7,9,GLUE,TOOLS,small,G,4,63,227,3,74.2711346078001,27.041364997466992,early
19,7,10,RULER,TOOLS,small,R,5,173,121,147,43.460784271854685,63.87390189659989,early
19,7,11,NUTS,TOOLS,small,N,4,135,71,84,53.61514758518671,31.079847883709,early
19,7,12,WASHER,TOOLS,small,W,6,157,162,103,67.57653929979307,33.92518679801668,early
19,7,13,WISCONSIN,STATES,large,W,9,159,31,226,79.22299249580082,67.52884740515883,early
19,7,14,HAWAII,STATES,large,H,6,240,163,148,44.42311553456088,20.13163178466283,early
19,7,15,VERMONT,STATES,large,V,7,158,84,98,25.981243622948192,18.79113074780307,early
19,7,16,CALIFORNIA,STATES,large,C,10,173,111,160,22.237013253848286,47.03309911109707,early
19,8,1,PENNSYLVANIA,STATES,large,P,12,125,9,176,59.85722640994457,52.43515141650802,late
19,8,2,LLAMA,MAMMALS,large,L,5,199,137,164,75.08793889868616,44.58106567173356,late
19,8,3,TERMITE,INSECTS,small,T,7,236,78,17,68.38849379465937,29.40099300041636,late
19,8,4,PUMPKIN,VEGETABLES,large,P,7,62,23,122,4.737183969195944,64.26965666258873,late
19,8,5,OKRA,VEGETABLES,small,O,4,220,122,112,23.533263228729233,14.393310000266561,late
19,8,6,GINGER,VEGETABLES,small,G,6,200,246,162,22.204181369197794,7.854915524047576,late
19,8,7,CHRYSALIS,INSECTS,small,C,9,123,28,6,40.62738223170457,28.026626909118544,late
19,8,8,BEETLE,INSECTS,small,B,6,31,61,132,24.19796850294412,14.469599333842956,late
19,8,9,RABBIT,MAMMALS,small,R,6,89,131,109,28.317200770856896,2.0179180836827215,late
19,8,10,FOX,MAMMALS,large,F,3,236,242,53,21.72078744835506,36.586675192056404,late
19,8,11,RUTABAGA,VEGETABLES,small,R,8,249,73,144,66.17400348868202,21.84084548027343,late
19,8,12,RHINOCEROS,MAMMALS,large,R,10,183,179,69,23.84739268660072,33.46342361027736,late
19,8,13,ALASKA,STATES,large,A,6,91,150,137,46.3633961600281,49.56685575288749,late
19,8,14,TEXAS,STATES,large,T,5,233,39,32,80.43439651308535,7.856447222202919,late
19,8,15,WASP,INSECTS,small,W,4,20,72,62,64.39261688064478,5.874493959758636,late
19,8,16,OHIO,STATES,large,O,4,141,139,74,78.60885446394659,36.49267261191628,late
19,9,1,POTATO,VEGETABLES,small,P,6,37,57,158,78.95869656697083,56.04459637673694,late
19,9,2,IRAN,COUNTRIES,large,I,4,25,187,108,17.813967304162205,57.87572145015835,late
19,9,3,FURNACE,BUILDING RELATED,large,F,7,239,231,117,16.069687979196015,18.25993536691879,late
19,9,4,EGYPT,COUNTRIES,large,E,5,164,213,48,17.28818633989973,5.955422384641208,late
19,9,5,CUBA,COUNTRIES,large,C,4,117,51,212,49.29662673668227,31.661972922253234,late
19,9,6,GARLIC,VEGETABLES,small,G,6,149,197,57,50.75840627203554,39.86328061778435,late
19,9,7,CLOSET,BUILDING RELATED,large,C,6,112,29,243,14.037933869184986,37.90695967900901,late
19,9,8,CAMISOLE,CLOTHING,small,C,8,71,113,147,73.10167554124267,69.40945402270522,late
19,9,9,SPINACH,VEGETABLES,small,S,7,215,60,155,9.204547671257393,0.5361449971981731,late
19,9,10,SUIT,CLOTHING,small,S,4,222,254,23,13.924445310040346,35.50699957475753,late
19,9,11,GERMANY,COUNTRIES,large,G,7,73,89,178,1.8782014096438915,36.94156473846086,late
19,9,12,ARTICHOKE,VEGETABLES,small,A,9,220,90,164,66.41241378168672,35.60019882611555,late
19,9,13,LOBBY,BUILDING RELATED,large,L,5,65,206,36,40.95018342773342,13.901156614763702,late
19,9,14,JACKET,CLOTHING,small,J,6,123,237,179,19.766320973535624,48.685458380223885,late
19,9,15,BLOUSE,CLOTHING,small,B,6,36,58,6,21.25118400465067,70.00922728024416,late
19,9,16,CHIMNEY,BUILDING RELATED,large,C,7,166,227,78,83.43202854978485,2.0243605503756816,late
19,10,1,TIGER,MAMMALS,large,T,5,194,66,48,58.84080161006548,41.591465138891124,late
19,10,2,KNUCKLE,BODY PARTS,small,K,7,134,229,159,59.96524654781908,7.649279769317028,late
19,10,3,ROSE,FLOWERS,small,R,4,69,32,208,25.449111456445195,17.084105920356834,late
19,10,4,EAR,BODY PARTS,small,E,3,102,98,141,30.568128831421774,13.970909611413283,late
19,10,5,FACE,BODY PARTS,small,F,4,226,179,199,45.737607511541015,48.11969506387024,late
19,10,6,HEART,BODY PARTS,small,H,5,130,181,77,54.3883905365256,23.139925101746428,late
19,10,7,ALCOVE,BUILDING RELATED,large,A,6,190,175,130,5.7723387005002955,8.699912326528791,late
19,10,8,HIPPOPOTAMUS,MAMMALS,large,H,12,182,176,22,50.06942251278484,62.491154462754324,late
19,10,9,DONKEY,MAMMALS,large,D,6,179,14,180,77.241293251082,44.7758638876865,late
19,10,10,DOG,MAMMALS,large,D,3,166,31,24,32.78054910057381,5.824997786674058,late
19,10,11,TULIP,FLOWERS,small,T,5,144,84,27,24.824202546541834,47.51791899529556,late
19,10,12,CARNATION,FLOWERS,small,C,9,49,46,80,24.612662052575804,48.35229843388209,late
19,10,13,GAZEBO,BUILDING RELATED,large,G,6,51,129,83,65.05994267544654,28.31088627871943,late
19,10,14,KITCHEN,BUILDING RELATED,large,K,7,183,87,231,47.241724751051386,33.398116060523876,late
19,10,15,BARN,BUILDING RELATED,large,B,4,4,214,33,54.123925789720175,53.52724149626176,late
19,10,16,PETUNIA,FLOWERS,small,P,7,27,252,201,68.66199086917064,20.110538492261572,late
19,11,1,ELM,TREES,large,E,3,250,148,16,11.286860836742099,45.43176306076628,late
19,11,2,CELLO,INSTRUMENTS,large,C,5,155,253,22,16.1896894958976,61.8475221320219,late
19,11,3,VIOLIN,INSTRUMENTS,large,V,6,181,77,105,60.970853105026315,56.776925439089666,late
19,11,4,HICKORY,TREES,large,H,7,182,211,84,84.24460530849717,28.136874666266714,late
19,11,5,MAPLE,TREES,large,M,5,26,10,77,63.01810035882474,31.603752280575417,late
19,11,6,PINE,TREES,large,P,4,179,132,93,54.44399141314959,10.002798878109752,late
19,11,7,TRIANGLE,INSTRUMENTS,small,T,8,110,18,28,75.41906480580299,29.31438756675182,late
19,11,8,PLUM,FRUITS,small,P,4,71,194,36,19.849305178899986,6.889461958757538,late
19,11,9,FIG,FRUITS,small,F,3,225,254,113,16.77187101114567,60.459967026781065,late
19,11,10,SAXOPHONE,INSTRUMENTS,large,S,9,46,44,233,59.11280327157506,25.442296580348973,late
19,11,11,HAMMER,TOOLS,small,H,6,63,106,228,69.27165521625092,13.90148944302405,late
19,11,12,WEDGE,TOOLS,small,W,5,31,228,15,40.28238320410357,65.78810394197583,late
19,11,13,SCREWS,TOOLS,small,S,6,230,47,38,33.45593768936409,29.06928703749085,late
19,11,14,RASPBERRY,FRUITS,small,R,9,32,221,177,69.15943301672803,9.198685838512908,late
19,11,15,WIRE,TOOLS,small,W,4,174,238,6,63.05622368955999,47.73411756462238,late
19,11,16,HONEYDEW,FRUITS,small,H,8,49,241,82,81.99700100342928,31.915205137355006,late
19,12,1,DISH,KITCHEN-RELATED,small,D,4,41,42,245,83.58772073220412,71.08573983349198,late
19,12,2,FLOOR,BUILDING RELATED,large,F,5,166,231,252,33.774492921077915,15.054023906388835,late
19,12,3,CAULIFLOWER,VEGETABLES,small,C,11,241,24,226,71.75105188147415,54.897811003206705,late
19,12,4,CARPET,BUILDING RELATED,large,C,6,14,187,149,48.317188915702424,53.54696587948284,late
19,12,5,GRIDDLE,KITCHEN-RELATED,small,G,7,155,113,144,5.707290074325595,19.18717923686665,late
19,12,6,STRAINER,KITCHEN-RELATED,small,S,8,173,152,11,78.61266086764888,37.596399486328025,late
19,12,7,FOUNDATION,BUILDING RELATED,large,F,10,40,157,116,77.67446300919781,16.39529640586958,late
19,12,8,ELEVATOR,BUILDING RELATED,large,E,8,190,60,133,25.718108851068415,29.813137624097283,late
19,12,9,BROCCOLI,VEGETABLES,small,B,8,56,104,99,70.90080342379356,29.695642555148034,late
19,12,10,PICKLE,VEGETABLES,small,P,6,156,58,71,50.687652642305174,67.96851601411706,late
19,12,11,DAHLIA,FLOWERS,small,D,6,112,70,175,46.088190618532835,14.232924929362866,late
19,12,12,ONION,VEGETABLES,small,O,5,33,95,148,76.46561357220608,28.386477321472505,late
19,12,13,LOG,FLOWERS,small,L,3,99,29,53,36.733283674451506,89.56907031897505,late
19,12,14,BUTTERCUP,FLOWERS,small,B,9,172,239,196,52.90408670827528,54.45251936545929,late
19,12,15,SAUCER,KITCHEN-RELATED,small,S,6,44,123,166,1.4853282369608645,0.44194381394502047,late
19,12,16,AZALEA,FLOWERS,small,A,6,21,146,28,40.16074964278961,59.10784126321931,late
19,13,1,PROTRACTOR,TOOLS,small,P,10,200,162,95,76.57505534524091,34.576723213304554,late
19,13,2,LEOPARD,MAMMALS,large,L,7,197,83,94,81.32594875000471,25.18083366073312,late
19,13,3,CLARINET,INSTRUMENTS,small,C,8,12,130,12,60.938860277115396,37.930135448801906,late
19,13,4,SQUIRREL,MAMMALS,small,S,8,206,171,28,80.12267411937056,62.45948989444203,late
19,13,5,FRANCE,COUNTRIES,large,F,6,210,111,142,46.66157285299867,67.49910939588932,late
19,13,6,CHISEL,TOOLS,small,C,6,122,127,152,18.54104898154526,52.539736506274316,late
19,13,7,KAZOO,INSTRUMENTS,small,K,5,199,51,45,84.98333549153105,22.58497146896157,late
19,13,8,SWITZERLAND,COUNTRIES,large,S,11,148,198,68,36.42506992543161,4.494963159273721,late
19,13,9,JAPAN,COUNTRIES,large,J,5,14,82,31,46.101804302488695,72.49232715711932,late
19,13,10,CAT,MAMMALS,large,C,3,211,124,185,77.9566530743775,17.062832650169533,late
19,13,11,PIANO,INSTRUMENTS,large,P,5,59,124,192,81.90215035286555,8.82933303184901,late
19,13,12,DRUM,INSTRUMENTS,large,D,4,96,151,76,59.43991212260514,87.29625111101447,late
19,13,13,FERRET,MAMMALS,small,F,6,194,88,41,73.62254826971912,7.882065353218161,late
19,13,14,BOLTS,TOOLS,small,B,5,171,72,204,33.48721458356793,64.0376695222361,late
19,13,15,SAW,TOOLS,small,S,3,254,93,130,56.31755323445368,17.60629946760578,late
19,13,16,ENGLAND,COUNTRIES,large,E,7,155,70,24,1.4044462336950125,25.657657847480344,late
19,14,1,OVEN,KITCHEN-RELATED,large,O,4,102,224,35,54.68389433043289,26.65321263512613,late
19,14,2,BROILER,KITCHEN-RELATED,large,B,7,69,120,159,2.289845588873982,1.7802684399802222,late
19,14,3,ROME,CITIES,large,R,4,0,149,134,10.047714766836208,51.41968331178176,late
19,14,4,PICCOLO,INSTRUMENTS,small,P,7,187,92,154,42.21391966297494,38.07403291038283,late
19,14,5,PELVIS,BODY PARTS,large,P,6,146,195,37,17.595769021497965,69.18861436710428,late
19,14,6,MONTREAL,CITIES,large,M,8,195,56,226,17.320207971975037,50.0891582010339,late
19,14,7,THERMOMETER,KITCHEN-RELATED,small,T,11,245,190,133,57.42835216359833,32.38131108707381,late
19,14,8,ARMS,BODY PARTS,large,A,4,65,77,222,39.48791771664265,36.209143166247365,late
19,14,9,HIP,BODY PARTS,small,H,3,49,47,233,22.172031925835686,37.75160140868822,late
19,14,10,MUG,KITCHEN-RELATED,small,M,3,12,6,42,19.81768903927148,0.5477463964985152,late
19,14,11,TAMBOURINE,INSTRUMENTS,small,T,10,50,113,160,13.98248832045725,67.27035897285077,late
19,14,12,PARIS,CITIES,large,P,5,172,225,234,49.6753278488064,44.866875865722,late
19,14,13,STOMACH,BODY PARTS,small,S,7,133,102,90,70.28874750863822,56.21309358188763,late
19,14,14,TRUMPET,INSTRUMENTS,large,T,7,122,126,150,58.08280157516817,0.47018167156818236,late
19,14,15,TUBA,INSTRUMENTS,large,T,4,224,91,55,68.79499645851021,81.96106184647289,late
19,14,16,DALLAS,CITIES,large,D,6,120,111,137,13.245105128640006,10.27353484605542,late
19,15,1,PANCREAS,BODY PARTS,small,P,8,142,42,58,69.38881374176387,23.028349866880376,late
19,15,2,IOWA,STATES,large,I,4,27,43,123,77.25798548648369,54.090764774540105,late
19,15,3,ANTELOPE,MAMMALS,large,A,8,175,214,32,54.66295329220221,70.86858875699932,late
19,15,4,RACOON,MAMMALS,large,R,6,213,60,147,66.84429126520035,7.0822270877197155,late
19,15,5,RIB,BODY PARTS,small,R,3,247,10,38,2.1932170375188162,65.58038477749405,late
19,15,6,KANSAS,STATES,large,K,6,26,139,253,53.708712596722286,1.4089152601629236,late
19,15,7,LEMON,FRUITS,small,L,5,55,242,197,40.3130390492553,75.18141626381308,late
19,15,8,MOOSE,MAMMALS,large,M,5,147,25,228,0.30429061538026936,82.86277722598858,late
19,15,9,CLEMENTINE,FRUITS,small,C,10,79,232,15,33.601702726176434,9.627602671180354,late
19,15,10,FLORIDA,STATES,large,F,7,245,179,95,40.77715376187181,46.1893621005229,late
19,15,11,TONGUE,BODY PARTS,small,T,6,24,253,129,56.28339716137416,51.30840761220519,late
19,15,12,POMEGRANATE,FRUITS,small,P,11,9,37,122,78.52705979959497,30.71872933907391,late
19,15,13,MONKEY,MAMMALS,large,M,6,252,124,56,63.56913518066563,65.52366486112399,late
19,15,14,TOOTH,BODY PARTS,small,T,5,198,146,28,27.579789258555536,64.7871250916676,late
19,15,15,PEAR,FRUITS,small,P,4,96,150,42,76.4768846304323,81.51945910630039,late
19,15,16,MICHIGAN,STATES,large,M,8,37,238,62,38.53550273601484,54.714327113480046,late
20,0,1,MIXER,KITCHEN-RELATED,large,M,5,229,246,172,10.371225247962935,63.62249819073238,early
20,0,2,CUP,KITCHEN-RELATED,small,C,3,183,227,95,30.618754090734022,12.491866208615813,early
20,0,3,COLANDER,KITCHEN-RELATED,small,C,8,124,133,50,33.00660431360825,46.90610865337364,early
20,0,4,BLENDER,KITCHEN-RELATED,large,B,7,160,51,46,15.326148864546829,11.791395418987394,early
20,0,5,OAK,TREES,large,O,3,52,225,176,49.87412676278405,79.90265001075963,early
20,0,6,EVERGREEN,TREES,large,E,9,38,41,81,37.72709500588282,31.122407877945157,early
20,0,7,COTTONWOOD,TREES,large,C,10,0,185,1,71.24892228246254,16.78596254745924,early
20,0,8,SPRUCE,TREES,large,S,6,198,232,59,19.305896140909944,65.13081590878286,early
20,0,9,JUMPER,CLOTHING,small,J,6,58,66,98,72.58206888939365,8.481697642496918,early
20,0,10,BELT,CLOTHING,small,B,4,56,134,204,78.45050998437377,37.365905937067986,early
20,0,11,ROBE,CLOTHING,small,R,4,55,234,69,40.69857442490594,5.746269446121781,early
20,0,12,SHIRT,CLOTHING,small,S,5,146,28,29,10.693560199734804,22.534114214071646,early
20,0,13,HARMONICA,INSTRUMENTS,small,H,9,50,198,26,31.25655988517878,37.43522409049197,early
20,0,14,MARIMBA,INSTRUMENTS,large,M,7,9,244,193,71.63749945856767,48.51757822672985,early
20,0,15,UKULELE,INSTRUMENTS,small,U,7,27,101,137,82.36635910872978,10.673547015104475,early
20,0,16,BANJO,INSTRUMENTS,large,B,5,204,174,251,75.09910609222774,49.90634230632138,early
20,1,1,DOOR,BUILDING RELATED,large,D,4,10,49,34,32.181466717822516,66.30386514581342,early
20,1,2,WINDOW,BUILDING RELATED,large,W,6,254,113,164,19.735123896123014,16.792747490361194,early
20,1,3,CORRIDOR,BUILDING RELATED,large,C,8,224,77,89,16.044751296373448,24.349769269520486,early
20,1,4,HALL,BUILDING RELATED,large,H,4,183,0,55,81.5582717254038,66.31409430176048,early
20,1,5,GIRAFFE,MAMMALS,large,G,7,48,98,106,22.120464672233176,10.048553334445925,early
20,1,6,COW,MAMMALS,large,C,3,231,6,221,67.11913668444659,58.98763015396765,early
20,1,7,HORSE,MAMMALS,large,H,5,14,46,169,44.394270928427474,68.3186976945692,early
20,1,8,MOUSE,MAMMALS,small,M,5,84,243,225,47.614847763972556,33.46573320329748,early
20,1,9,REFRIGERATOR,KITCHEN-RELATED,large,R,12,134,150,247,27.34810127419933,62.289470468312885,early
20,1,10,POT,KITCHEN-RELATED,large,P,3,100,199,117,53.016516010607795,71.30285082438017,early
20,1,11,GLASS,KITCHEN-RELATED,small,G,5,132,15,60,74.03193902894795,63.84898113436095,early
20,1,12,SPATULA,KITCHEN-RELATED,small,S,7,196,58,224,11.660860383986149,62.920890424579426,early
20,1,13,KIWI,FRUITS,small,K,4,119,61,200,73.57933921251465,5.717594761415951,early
20,1,14,GUAVA,FRUITS,small,G,5,23,48,36,9.600459164650173,40.97460801975343,early
20,1,15,STRAWBERRY,FRUITS,small,S,10,11,164,80,41.75685025683239,40.13857003386558,early
20,1,16,TANGELO,FRUITS,small,T,7,214,144,19,15.973576328228877,35.515022643709386,early
20,2,1,DONKEY,MAMMALS,large,D,6,228,206,170,25.334926148440157,79.31815127111756,early
20,2,2,HIPPOPOTAMUS,MAMMALS,large,H,12,239,246,249,37.95409199914825,19.377773966297056,early
20,2,3,TIGER,MAMMALS,large,T,5,224,199,54,59.73640855224424,63.62864770085745,early
20,2,4,DOG,MAMMALS,large,D,3,29,70,55,65.63209826971959,34.49287574164471,early
20,2,5,EAR,BODY PARTS,small,E,3,106,86,38,82.20666489101382,53.01427339085638,early
20,2,6,KNUCKLE,BODY PARTS,small,K,7,118,197,90,82.68610051508641,61.428840331719606,early
20,2,7,FACE,BODY PARTS,small,F,4,117,41,134,28.737159997725513,44.59898925331085,early
20,2,8,HEART,BODY PARTS,small,H,5,45,120,178,74.13147307195493,40.61431842776783,early
20,2,9,GAZEBO,BUILDING RELATED,large,G,6,142,35,49,0.530939842698972,65.75239759356803,early
20,2,10,KITCHEN,BUILDING RELATED,large,K,7,226,50,242,8.583480095720402,4.110136624866626,early
20,2,11,BARN,BUILDING RELATED,large,B,4,11,88,135,63.57961039102445,24.169524480687585,early
20,2,12,ALCOVE,BUILDING RELATED,large,A,6,78,19,235,48.150513723723975,71.34821623959431,early
20,2,13,TULIP,FLOWERS,small,T,5,187,6,182,13.415742112907706,33.60132083093939,early
20,2,14,PETUNIA,FLOWERS,small,P,7,2,246,199,32.29194100592594,29.231720692424958,early
20,2,15,ROSE,FLOWERS,small,R,4,219,90,132,21.68911601668254,49.66450171993153,early
20,2,16,CARNATION,FLOWERS,small,C,9,36,106,24,37.88810895838201,2.658760095069662,early
20,3,1,CAULIFLOWER,VEGETABLES,small,C,11,234,78,45,48.035340499960796,5.931498523344512,early
20,3,2,BROCCOLI,VEGETABLES,small,B,8,175,217,114,77.68300598596214,51.428494732357954,early
20,3,3,ONION,VEGETABLES,small,O,5,230,210,107,54.88320735263031,39.00331609092755,early
20,3,4,PICKLE,VEGETABLES,small,P,6,119,227,167,50.909384601593295,13.026537058764642,early
20,3,5,FOUNDATION,BUILDING RELATED,large,F,10,156,162,163,77.23126543968577,21.575972114559285,early
20,3,6,ELEVATOR,BUILDING RELATED,large,E,8,238,170,43,55.81404001629979,28.814390085687098,early
20,3,7,FLOOR,BUILDING RELATED,large,F,5,245,38,58,48.14792829601042,63.95042060779309,early
20,3,8,CARPET,BUILDING RELATED,large,C,6,113,76,4,40.60496171034612,42.00400415403959,early
20,3,9,AZALEA,FLOWERS,small,A,6,136,161,239,48.615761274032,76.42042748904001,early
20,3,10,BUTTERCUP,FLOWERS,small,B,9,212,233,77,48.06135876857844,4.5093067475015305,early
20,3,11,DAHLIA,FLOWERS,small,D,6,190,110,209,71.98246900035491,50.65095787434817,early
20,3,12,LOG,FLOWERS,small,L,3,56,124,233,29.951572883082996,16.9418660798343,early
20,3,13,SAUCER,KITCHEN-RELATED,small,S,6,163,113,60,0.21521712657051384,9.717656584113296,early
20,3,14,DISH,KITCHEN-RELATED,small,D,4,42,186,29,14.784143362131116,11.136905202560026,early
20,3,15,GRIDDLE,KITCHEN-RELATED,small,G,7,214,148,142,12.704401537241251,29.491454347473713,early
20,3,16,STRAINER,KITCHEN-RELATED,small,S,8,170,92,170,13.258796610622475,65.65932993263517,early
20,4,1,RABBIT,MAMMALS,small,R,6,23,250,124,59.88708179328717,8.67842140714585,early
20,4,2,LLAMA,MAMMALS,large,L,5,6,63,30,12.986618467528118,17.49579169231683,early
20,4,3,FOX,MAMMALS,large,F,3,0,65,244,20.40242503581999,25.620685110702677,early
20,4,4,RHINOCEROS,MAMMALS,large,R,10,63,251,249,27.780383910398232,22.872618951757893,early
20,4,5,OKRA,VEGETABLES,small,O,4,28,187,9,45.12595873937826,44.25893731918723,early
20,4,6,RUTABAGA,VEGETABLES,small,R,8,27,222,67,45.63056861445876,36.65514422473755,early
20,4,7,GINGER,VEGETABLES,small,G,6,151,24,117,80.22939985327021,17.37344308758143,early
20,4,8,PUMPKIN,VEGETABLES,large,P,7,127,221,214,45.45842653416349,5.17421754793861,early
20,4,9,OHIO,STATES,large,O,4,93,183,5,47.288484446444244,65.60950984149945,early
20,4,10,TEXAS,STATES,large,T,5,42,183,26,58.73126557784178,47.051426420802336,early
20,4,11,PENNSYLVANIA,STATES,large,P,12,203,31,30,49.94279431980496,59.70339554486917,early
20,4,12,ALASKA,STATES,large,A,6,80,74,167,51.496313461470315,76.76731232273801,early
20,4,13,TERMITE,INSECTS,small,T,7,66,163,241,5.20912249451672,36.022899326481415,early
20,4,14,BEETLE,INSECTS,small,B,6,20,22,222,82.41219858554395,0.3120027350967347,early
20,4,15,WASP,INSECTS,small,W,4,164,52,253,53.10286908399968,44.004885913760326,early
20,4,16,CHRYSALIS,INSECTS,small,C,9,70,118,80,23.295630025872477,52.62925171929768,early
20,5,1,HAND,BODY PARTS,small,H,4,14,227,142,16.697458808648125,21.325336346079837,early
20,5,2,FINGER,BODY PARTS,small,F,6,121,227,25,46.195295272441406,45.71523176446769,early
20,5,3,ANKLE,BODY PARTS,small,A,5,7,65,79,12.730578957554584,1.5730898567346618,early
20,5,4,LIP,BODY PARTS,small,L,3,232,112,119,39.88744210981886,14.17621476949187,early
20,5,5,WILLOW,TREES,large,W,6,208,197,247,46.36962282960607,44.93839429187388,early
20,5,6,POPLAR,TREES,large,P,6,194,39,218,55.50850718112833,46.16582974742118,early
20,5,7,EUCALYPTUS,TREES,large,E,10,121,66,160,40.276598935262946,52.82692460908072,early
20,5,8,ASH,TREES,large,A,3,234,238,120,20.65109596316682,65.81869832888391,early
20,5,9,MONARCH,INSECTS,small,M,7,127,212,105,43.42395308250315,61.09537063467618,early
20,5,10,SCORPION,INSECTS,small,S,8,205,22,203,20.660374351628448,59.106708204590056,early
20,5,11,WORM,INSECTS,small,W,4,169,204,52,60.88017270910509,42.714781459646176,early
20,5,12,LARVA,INSECTS,small,L,5,114,251,71,70.80125512125637,67.7609710530158,early
20,5,13,GUITAR,INSTRUMENTS,large,G,6,93,31,40,13.29586263600373,60.85241455328329,early
20,5,14,BONGOS,INSTRUMENTS,large,B,6,52,92,11,28.793918071225512,15.076070465669993,early
20,5,15,XYLOPHONE,INSTRUMENTS,large,X,9,248,184,146,83.89699481789367,7.070163320390048,early
20,5,16,ACCORDION,INSTRUMENTS,large,A,9,252,213,46,74.31347238477746,16.292183414158195,early
20,6,1,STOMACH,BODY PARTS,small,S,7,8,100,135,80.96547650836612,40.885449515868636,early
20,6,2,PELVIS,BODY PARTS,large,P,6,52,220,193,8.15716361735565,31.40369878178049,early
20,6,3,HIP,BODY PARTS,small,H,3,231,113,221,7.289166747919723,81.49730261747199,early
20,6,4,ARMS,BODY PARTS,large,A,4,104,100,58,66.52086431939996,87.42615184751352,early
20,6,5,MUG,KITCHEN-RELATED,small,M,3,163,202,181,5.6780622461269825,24.901055748354786,early
20,6,6,BROILER,KITCHEN-RELATED,large,B,7,14,202,212,70.91989046323684,73.71052314665852,early
20,6,7,THERMOMETER,KITCHEN-RELATED,small,T,11,165,45,100,7.253091196723556,3.23195844621613,early
20,6,8,OVEN,KITCHEN-RELATED,large,O,4,197,194,130,50.64781867648385,46.899524436535955,early
20,6,9,TAMBOURINE,INSTRUMENTS,small,T,10,244,59,48,24.955686290184357,40.64881206374557,early
20,6,10,TRUMPET,INSTRUMENTS,large,T,7,89,165,187,19.566271718628162,2.3036633204198633,early
20,6,11,TUBA,INSTRUMENTS,large,T,4,109,128,87,18.001031314340768,59.35307977231682,early
20,6,12,PICCOLO,INSTRUMENTS,small,P,7,48,119,98,41.07313779762421,59.389797888800196,early
20,6,13,MONTREAL,CITIES,large,M,8,142,116,220,48.392528995556226,3.237397761790291,early
20,6,14,DALLAS,CITIES,large,D,6,122,117,152,39.553792138429884,49.663739941984616,early
20,6,15,PARIS,CITIES,large,P,5,24,37,107,31.897356780685023,10.755701958437099,early
20,6,16,ROME,CITIES,large,R,4,20,161,254,48.99444506639641,35.74610230563835,early
20,7,1,PLUM,FRUITS,small,P,4,85,230,191,69.05305929767829,27.670422584143957,early
20,7,2,FIG,FRUITS,small,F,3,66,200,220,77.20537547772386,34.50365256897327,early
20,7,3,RASPBERRY,FRUITS,small,R,9,58,133,79,26.22684651903164,3.7401129091632477,early
20,7,4,HONEYDEW,FRUITS,small,H,8,243,10,94,51.73255687107454,2.934061564247707,early
20,7,5,VIOLIN,INSTRUMENTS,large,V,6,97,153,19,13.00614172504263,48.081072596159466,early
20,7,6,SAXOPHONE,INSTRUMENTS,large,S,9,240,116,187,43.766284299888554,17.166985911434107,early
20,7,7,CELLO,INSTRUMENTS,large,C,5,69,125,63,6.136323209918556,48.87152597938623,early
20,7,8,TRIANGLE,INSTRUMENTS,small,T,8,24,195,45,59.1512675503021,20.865242409376332,early
20,7,9,WEDGE,TOOLS,small,W,5,53,194,14,35.40695238904641,67.7236747428309,early
20,7,10,WIRE,TOOLS,small,W,4,103,223,182,63.94940783430477,14.958512176256418,early
20,7,11,HAMMER,TOOLS,small,H,6,70,67,135,83.45053783436353,5.591075264714304,early
20,7,12,SCREWS,TOOLS,small,S,6,129,208,157,16.35546819680685,36.755113816231734,early
20,7,13,ELM,TREES,large,E,3,198,126,33,83.415494526733,82.9028456306967,early
20,7,14,PINE,TREES,large,P,4,46,13,245,12.753861794634576,2.759327629568306,early
20,7,15,HICKORY,TREES,large,H,7,92,42,59,34.97257315252938,7.173592788411396,early
20,7,16,MAPLE,TREES,large,M,5,68,111,69,32.80860685974107,6.973490680423358,early
20,8,1,UNDERWEAR,CLOTHING,small,U,9,227,65,4,33.09535521033071,18.923076380125174,late
20,8,2,TOASTER,KITCHEN-RELATED,large,T,7,171,209,148,56.11177428372345,7.72686659345366,late
20,8,3,UTAH,STATES,large,U,4,203,124,191,0.564139491561163,47.55729804625938,late
20,8,4,FORK,KITCHEN-RELATED,small,F,4,240,43,2,4.9864776990957695,48.42472627054393,late
20,8,5,GIRDLE,CLOTHING,small,G,6,183,64,15,44.8207760633606,74.94447052938679,late
20,8,6,LILY,FLOWERS,small,L,4,133,1,212,13.409965360122234,73.27974180503122,late
20,8,7,DAISY,FLOWERS,small,D,5,47,150,99,42.834839707870735,54.4137874417174,late
20,8,8,SUNFLOWER,FLOWERS,small,S,9,6,44,155,10.76159524816704,47.15385756105484,late
20,8,9,MONTANA,STATES,large,M,7,25,117,177,80.40571935095527,69.64680237472855,late
20,8,10,ARIZONA,STATES,large,A,7,108,25,222,47.4034715261893,61.04921908558845,late
20,8,11,MAINE,STATES,large,M,5,213,22,138,29.13330181583702,26.862719723752157,late
20,8,12,PANTS,CLOTHING,small,P,5,0,145,137,73.6487234481077,79.3763181939449,late
20,8,13,DRESS,CLOTHING,small,D,5,200,107,13,58.857774849419705,11.086518230685899,late
20,8,14,SKILLET,KITCHEN-RELATED,large,S,7,48,252,249,20.44509689478545,68.87080044483676,late
20,8,15,NARCISSUS,FLOWERS,small,N,9,188,33,182,26.137738745960895,56.83230913705237,late
20,8,16,KNIFE,KITCHEN-RELATED,small,K,5,177,237,249,14.01696903929352,43.0946258574636,late
20,9,1,LETTUCE,VEGETABLES,small,L,7,27,89,136,73.11321403082266,47.92956624187089,late
20,9,2,LION,MAMMALS,large,L,4,20,145,90,42.75551131417706,31.20250060586588,late
20,9,3,ETHIOPIA,COUNTRIES,large,E,8,181,236,147,36.05016581539641,75.99446943717278,late
20,9,4,YAMS,VEGETABLES,small,Y,4,178,114,90,44.216164177397864,69.38060716308262,late
20,9,5,ELEPHANT,MAMMALS,large,E,8,113,127,187,76.31720882497142,47.40086277060288,late
20,9,6,AUSTRALIA,COUNTRIES,large,A,9,103,27,162,79.1952518628066,7.185534191291227,late
20,9,7,ITALY,COUNTRIES,large,I,5,238,128,2,21.676599860431423,70.48080318437535,late
20,9,8,VIOLA,INSTRUMENTS,large,V,5,192,18,204,53.596555432802575,17.26484086225988,late
20,9,9,CELERY,VEGETABLES,small,C,6,53,7,17,67.93479519623277,53.852198092014014,late
20,9,10,ZEBRA,MAMMALS,large,Z,5,112,188,210,60.77597226540409,22.33168943753868,late
20,9,11,MARACAS,INSTRUMENTS,small,M,7,250,182,56,72.35982988131346,39.02437139613729,late
20,9,12,TROMBONE,INSTRUMENTS,large,T,8,33,68,146,25.15980828679869,32.647719983459716,late
20,9,13,POLAND,COUNTRIES,large,P,6,29,64,247,50.250934919501006,21.748352187306185,late
20,9,14,PIG,MAMMALS,large,P,3,6,144,214,8.620651741692718,60.44573999929449,late
20,9,15,CARROT,VEGETABLES,small,C,6,223,24,6,58.845881101539604,35.75717581403049,late
20,9,16,BASS,INSTRUMENTS,large,B,4,138,19,68,64.65691803557115,16.644924011422525,late
20,10,1,BLOUSE,CLOTHING,small,B,6,172,113,94,0.5399813656343722,9.81189842335807,late
20,10,2,GARLIC,VEGETABLES,small,G,6,41,205,194,18.708055891628884,12.017168240549283,late
20,10,3,SPINACH,VEGETABLES,small,S,7,239,45,149,7.905388627376265,77.31687396203597,late
20,10,4,SUIT,CLOTHING,small,S,4,103,63,161,74.3382260365446,25.036979617861235,late
20,10,5,EGYPT,COUNTRIES,large,E,5,12,85,149,46.416769152494126,36.02702347211675,late
20,10,6,CHIMNEY,BUILDING RELATED,large,C,7,54,11,157,40.63793079349658,14.111846590783182,late
20,10,7,ARTICHOKE,VEGETABLES,small,A,9,40,39,173,73.56501542272888,48.36624743772511,late
20,10,8,CLOSET,BUILDING RELATED,large,C,6,99,126,158,14.38871922657518,29.954652084299354,late
20,10,9,FURNACE,BUILDING RELATED,large,F,7,107,16,249,5.1351178055661055,7.2728519487749885,late
20,10,10,CAMISOLE,CLOTHING,small,C,8,108,62,65,20.51478390704799,49.56320294146866,late
20,10,11,LOBBY,BUILDING RELATED,large,L,5,152,47,175,24.113669360796802,14.683177118834898,late
20,10,12,POTATO,VEGETABLES,small,P,6,169,139,132,72.06573852130263,54.7209842356912,late
20,10,13,GERMANY,COUNTRIES,large,G,7,253,154,157,14.40851117627749,27.463500123728682,late
20,10,14,IRAN,COUNTRIES,large,I,4,105,162,218,40.70686075976503,75.43827011008304,late
20,10,15,JACKET,CLOTHING,small,J,6,196,235,122,44.794789578367606,80.5262580397849,late
20,10,16,CUBA,COUNTRIES,large,C,4,75,109,250,2.4242798114676822,12.46589634846147,late
20,11,1,IOWA,STATES,large,I,4,103,231,224,75.3503554347494,58.20124697137722,late
20,11,2,MONKEY,MAMMALS,large,M,6,15,132,128,20.001340563366515,81.98687021426771,late
20,11,3,CLEMENTINE,FRUITS,small,C,10,74,249,162,15.855411932579218,16.243550178738005,late
20,11,4,KANSAS,STATES,large,K,6,27,212,215,78.56339924722327,61.82375069266383,late
20,11,5,MOOSE,MAMMALS,large,M,5,59,66,28,10.727318239762635,28.76547223431314,late
20,11,6,PEAR,FRUITS,small,P,4,150,11,50,64.75021975447324,6.625580305917769,late
20,11,7,ANTELOPE,MAMMALS,large,A,8,163,168,111,65.87829018470534,11.551475553335742,late
20,11,8,PANCREAS,BODY PARTS,small,P,8,116,134,243,4.123136426308729,55.91598606778738,late
20,11,9,TOOTH,BODY PARTS,small,T,5,58,65,130,13.79588667417892,62.63622509844334,late
20,11,10,FLORIDA,STATES,large,F,7,70,173,235,63.800739329242965,42.74090019697365,late
20,11,11,RACOON,MAMMALS,large,R,6,24,79,126,33.49320245189659,51.19654164514771,late
20,11,12,TONGUE,BODY PARTS,small,T,6,131,15,166,82.84159640893839,6.561307265983594,late
20,11,13,MICHIGAN,STATES,large,M,8,193,114,77,73.81141803580762,65.44220467538679,late
20,11,14,LEMON,FRUITS,small,L,5,138,148,122,62.093254180986854,31.57502727742093,late
20,11,15,POMEGRANATE,FRUITS,small,P,11,128,145,9,61.73609477745707,30.917326127255137,late
20,11,16,RIB,BODY PARTS,small,R,3,195,3,244,73.16273502699596,88.36171496128765,late
20,12,1,JAPAN,COUNTRIES,large,J,5,184,67,177,34.876188139636824,13.297057813324466,late
20,12,2,KAZOO,INSTRUMENTS,small,K,5,213,27,110,59.43176400893913,11.707782596985425,late
20,12,3,BOLTS,TOOLS,small,B,5,239,40,46,80.87121897871346,33.30983202764828,late
20,12,4,SAW,TOOLS,small,S,3,133,52,43,37.66825286186254,33.167935862423796,late
20,12,5,SWITZERLAND,COUNTRIES,large,S,11,180,86,231,36.772886519000764,62.82405327200077,late
20,12,6,FRANCE,COUNTRIES,large,F,6,106,192,231,45.879202110812805,38.34464215400946,late
20,12,7,CLARINET,INSTRUMENTS,small,C,8,190,135,200,21.269186305477334,37.28145548046466,late
20,12,8,FERRET,MAMMALS,small,F,6,89,81,212,68.82740400257481,57.61950822711933,late
20,12,9,SQUIRREL,MAMMALS,small,S,8,1,47,233,13.927434793905428,13.433210123643633,late
20,12,10,ENGLAND,COUNTRIES,large,E,7,177,156,75,73.29264896430331,58.7092008949991,late
20,12,11,CAT,MAMMALS,large,C,3,157,32,107,54.0694360477419,70.27876805790589,late
20,12,12,CHISEL,TOOLS,small,C,6,146,153,111,68.51131386396614,3.802300114592936,late
20,12,13,LEOPARD,MAMMALS,large,L,7,114,113,205,23.080513646772527,32.950594567702446,late
20,12,14,DRUM,INSTRUMENTS,large,D,4,37,28,32,66.14891111550037,15.812460980281113,late
20,12,15,PROTRACTOR,TOOLS,small,P,10,181,131,239,12.112471956867028,16.821015882337512,late
20,12,16,PIANO,INSTRUMENTS,large,P,5,6,124,225,14.661804589582683,7.401444265160673,late
20,13,1,TOKYO,CITIES,large,T,5,48,69,233,20.13787551917401,63.960458395537025,late
20,13,2,VERMONT,STATES,large,V,7,63,79,71,41.55727647899803,65.55384726715474,late
20,13,3,NUTS,TOOLS,small,N,4,209,65,225,78.33819191755893,30.8913928266909,late
20,13,4,KUMQUAT,FRUITS,small,K,7,23,41,119,42.76321085521321,48.04076278109012,late
20,13,5,WASHER,TOOLS,small,W,6,115,84,172,53.996582079031704,26.17549495567197,late
20,13,6,HAWAII,STATES,large,H,6,210,81,169,2.4646594166450067,38.448861917569346,late
20,13,7,CALIFORNIA,STATES,large,C,10,122,199,52,16.06336599238929,14.802097464280198,late
20,13,8,NECTARINE,FRUITS,small,N,9,238,148,195,69.52552216032342,63.548402414736195,late
20,13,9,RULER,TOOLS,small,R,5,221,204,227,41.459289947273035,18.744595199538427,late
20,13,10,GLUE,TOOLS,small,G,4,184,104,106,19.569010747642814,64.17965243111657,late
20,13,11,BANANA,FRUITS,small,B,6,148,146,66,68.34939833772371,78.40496108845191,late
20,13,12,VANCOUVER,CITIES,large,V,9,154,250,195,2.970214088934855,7.057566253745408,late
20,13,13,PHILADELPHIA,CITIES,large,P,12,185,207,254,65.7728720955106,56.75418492754578,late
20,13,14,WISCONSIN,STATES,large,W,9,176,209,106,54.43278408855544,72.23360789706973,late
20,13,15,MANGO,FRUITS,small,M,5,146,126,153,78.18328493560536,30.911506367028526,late
20,13,16,JERUSALEM,CITIES,large,J,9,27,190,210,54.382661239921184,55.88922370598752,late
20,14,1,GOAT,MAMMALS,large,G,4,116,89,198,74.14164751393149,80.61776359163937,late
20,14,2,STOCKHOLM,CITIES,large,S,9,18,246,189,2.304366458071531,4.5805435181734735,late
20,14,3,WOLF,MAMMALS,large,W,4,244,130,144,42.12679339089523,46.65542023449056,late
20,14,4,OLIVE,VEGETABLES,small,O,5,130,25,0,76.7715370208782,58.71759144875073,late
20,14,5,PANTHER,MAMMALS,large,P,7,216,183,51,79.99319839356713,56.092191949594024,late
20,14,6,FOOT,BODY PARTS,small,F,4,175,230,11,58.460307510665324,37.60126529827593,late
20,14,7,ZUCCHINI,VEGETABLES,small,Z,8,4,231,142,60.363982922696174,65.91396699737503,late
20,14,8,ELBOW,BODY PARTS,small,E,5,207,201,63,53.47113742095725,37.31897747202953,late
20,14,9,MIAMI,CITIES,large,M,5,198,90,98,46.88434018617683,35.10571814945803,late
20,14,10,SHOULDER,BODY PARTS,small,S,8,158,234,134,78.35018020107864,42.1724504291234,late
20,14,11,SHEEP,MAMMALS,large,S,5,208,27,138,45.11405441845126,72.97894276587193,late
20,14,12,TORONTO,CITIES,large,T,7,224,54,36,22.653730150749926,68.62939163606327,late
20,14,13,SQUASH,VEGETABLES,small,S,6,86,125,155,18.287899091749118,25.477523966135635,late
20,14,14,KIDNEY,BODY PARTS,small,K,6,183,188,126,29.65683962810982,52.25535174684798,late
20,14,15,AUBERGINE,VEGETABLES,small,A,9,238,53,76,20.271227353129717,68.02291715470277,late
20,14,16,BOMBAY,CITIES,large,B,6,115,133,197,37.57024015264313,80.27747062187107,late
20,15,1,HORNET,INSECTS,small,H,6,204,6,213,10.579818040225996,66.255130062585,late
20,15,2,TEAK,TREES,large,T,4,228,27,237,15.721170281899271,62.96495726779697,late
20,15,3,SWEATER,CLOTHING,small,S,7,167,163,187,35.883212607431425,71.90281777816477,late
20,15,4,SYDNEY,CITIES,large,S,6,157,191,194,15.365312501922952,38.723345817619276,late
20,15,5,MILLIPEDE,INSECTS,small,M,9,48,90,204,5.042397252141127,63.07037762896483,late
20,15,6,TROUSERS,CLOTHING,small,T,8,5,42,168,67.26373598491928,72.38964299729466,late
20,15,7,MOSQUITO,INSECTS,small,M,8,249,176,80,0.48920629842731156,13.495692190308393,late
20,15,8,RENO,CITIES,large,R,4,128,68,202,9.085884187027292,72.15469246100662,late
20,15,9,CHICAGO,CITIES,large,C,7,118,27,28,83.96439842822946,14.002619890909179,late
20,15,10,PALM,TREES,large,P,4,178,241,41,50.9084113474721,42.37274140341512,late
20,15,11,MANTIS,INSECTS,small,M,6,147,7,206,83.68632466351241,28.761587215321242,late
20,15,12,BERLIN,CITIES,large,B,6,170,134,141,0.024764628888194196,55.1446121949856,late
20,15,13,GLOVES,CLOTHING,small,G,6,100,157,196,47.13196182474401,44.80863023644737,late
20,15,14,BRA,CLOTHING,small,B,3,90,59,39,74.82423439091568,50.362435829649144,late
20,15,15,CEDAR,TREES,large,C,5,115,21,182,83.1205307473631,81.63022112528358,late
20,15,16,SYCAMORE,TREES,large,S,8,185,49,217,78.08134844595129,69.2241672741136,late
21,0,1,DAISY,FLOWERS,small,D,5,154,210,223,7.198509704445063,55.97900933004616,early
21,0,2,LILY,FLOWERS,small,L,4,82,111,237,29.00803578920886,4.015918495417349,early
21,0,3,SUNFLOWER,FLOWERS,small,S,9,15,96,82,81.62559189934495,31.299928967973923,early
21,0,4,NARCISSUS,FLOWERS,small,N,9,17,70,115,12.890258244093424,8.64906952170032,early
21,0,5,MONTANA,STATES,large,M,7,114,173,105,66.46507425349836,4.391307557549856,early
21,0,6,UTAH,STATES,large,U,4,197,194,38,65.41996274874903,53.42164598052106,early
21,0,7,MAINE,STATES,large,M,5,161,85,205,28.200774279633688,33.81631455744187,early
21,0,8,ARIZONA,STATES,large,A,7,119,214,221,63.58275190063506,25.77786966140947,early
21,0,9,KNIFE,KITCHEN-RELATED,small,K,5,178,136,109,60.59722085397576,9.609834149181037,early
21,0,10,FORK,KITCHEN-RELATED,small,F,4,35,248,83,38.661188321378894,68.08347303181236,early
21,0,11,SKILLET,KITCHEN-RELATED,large,S,7,90,149,75,6.612997047262512,13.698392498771,early
21,0,12,TOASTER,KITCHEN-RELATED,large,T,7,105,81,34,65.70410905226665,0.1015919075845515,early
21,0,13,UNDERWEAR,CLOTHING,small,U,9,208,87,85,60.02790460177673,9.181735420058821,early
21,0,14,GIRDLE,CLOTHING,small,G,6,163,250,173,74.41919806609937,16.439242385745114,early
21,0,15,DRESS,CLOTHING,small,D,5,94,189,56,25.532252267492144,77.54764665127209,early
21,0,16,PANTS,CLOTHING,small,P,5,211,102,85,76.30359544286395,28.388562091844616,early
21,1,1,STOMACH,BODY PARTS,small,S,7,167,59,84,28.94857163697313,18.546388137112864,early
21,1,2,ARMS,BODY PARTS,large,A,4,146,163,199,6.822130173375859,85.38949354856805,early
21,1,3,HIP,BODY PARTS,small,H,3,52,43,39,18.74618981670334,60.81636463327461,early
21,1,4,PELVIS,BODY PARTS,large,P,6,155,224,47,68.17554318629419,75.99346066665792,early
21,1,5,TRUMPET,INSTRUMENTS,large,T,7,25,218,242,9.63228644109466,39.13813042950821,early
21,1,6,TUBA,INSTRUMENTS,large,T,4,194,158,251,0.8475286666411674,23.192475504912036,early
21,1,7,TAMBOURINE,INSTRUMENTS,small,T,10,21,168,16,55.77065717596593,27.795259083794953,early
21,1,8,PICCOLO,INSTRUMENTS,small,P,7,61,68,211,0.03245959885543215,50.67971795933442,early
21,1,9,OVEN,KITCHEN-RELATED,large,O,4,104,224,65,0.47511919261058577,72.09792387022264,early
21,1,10,MUG,KITCHEN-RELATED,small,M,3,225,211,10,81.12469502943333,89.76799668648778,early
21,1,11,THERMOMETER,KITCHEN-RELATED,small,T,11,121,11,119,0.25855141331250553,62.24065631817442,early
21,1,12,BROILER,KITCHEN-RELATED,large,B,7,103,253,176,80.3246543990675,72.75046493154291,early
21,1,13,PARIS,CITIES,large,P,5,31,18,4,84.10831437956588,60.94247887752837,early
21,1,14,DALLAS,CITIES,large,D,6,135,158,168,40.69803685910642,19.679697544057582,early
21,1,15,MONTREAL,CITIES,large,M,8,204,203,127,54.72719268342508,54.634918986016245,early
21,1,16,ROME,CITIES,large,R,4,108,109,88,14.75091118841381,4.7912302272209555,early
21,2,1,DAHLIA,FLOWERS,small,D,6,143,159,85,60.13301939715678,24.530854091485942,early
21,2,2,AZALEA,FLOWERS,small,A,6,80,45,198,15.542366851806529,22.432730178752642,early
21,2,3,LOG,FLOWERS,small,L,3,35,83,107,7.002091979509241,84.55431113607594,early
21,2,4,BUTTERCUP,FLOWERS,small,B,9,219,212,231,29.776563429176683,46.69862689231483,early
21,2,5,FOUNDATION,BUILDING RELATED,large,F,10,224,96,98,49.802277045963564,47.098667459589294,early
21,2,6,ELEVATOR,BUILDING RELATED,large,E,8,243,88,11,29.829293057478832,18.00839546579837,early
21,2,7,CARPET,BUILDING RELATED,large,C,6,235,15,94,15.79048034938308,53.625632387038586,early
21,2,8,FLOOR,BUILDING RELATED,large,F,5,116,29,242,68.55312166600915,65.6944907296221,early
21,2,9,SAUCER,KITCHEN-RELATED,small,S,6,111,249,94,3.769866727734862,12.673853790910483,early
21,2,10,GRIDDLE,KITCHEN-RELATED,small,G,7,225,31,174,39.0241915613225,38.744193093602426,early
21,2,11,DISH,KITCHEN-RELATED,small,D,4,44,111,41,23.029248518456257,27.93287345583181,early
21,2,12,STRAINER,KITCHEN-RELATED,small,S,8,47,247,76,7.287045296145198,63.22853937270956,early
21,2,13,CAULIFLOWER,VEGETABLES,small,C,11,196,90,130,84.22005488546,21.268980708838335,early
21,2,14,BROCCOLI,VEGETABLES,small,B,8,222,166,67,21.362119873006733,48.0303736262234,early
21,2,15,PICKLE,VEGETABLES,small,P,6,204,188,145,62.92573394684535,34.545802764029325,early
21,2,16,ONION,VEGETABLES,small,O,5,106,52,76,50.78341935769467,67.48270868123814,early
21,3,1,REFRIGERATOR,KITCHEN-RELATED,large,R,12,95,164,78,21.603839237807207,42.72456042967626,early
21,3,2,POT,KITCHEN-RELATED,large,P,3,68,151,188,74.35637972746146,41.260202419292504,early
21,3,3,GLASS,KITCHEN-RELATED,small,G,5,241,80,20,63.047332139248624,14.698870304837818,early
21,3,4,SPATULA,KITCHEN-RELATED,small,S,7,18,20,35,79.31827428259851,34.82355623655359,early
21,3,5,KIWI,FRUITS,small,K,4,181,183,229,76.25326566888846,44.27236930105991,early
21,3,6,STRAWBERRY,FRUITS,small,S,10,4,148,169,23.43267601211001,18.38447177902094,early
21,3,7,TANGELO,FRUITS,small,T,7,23,3,6,6.109995692307548,58.248120576855555,early
21,3,8,GUAVA,FRUITS,small,G,5,46,214,85,47.9056051379373,71.04551691491417,early
21,3,9,GIRAFFE,MAMMALS,large,G,7,86,131,192,24.683059059807274,7.024743455736957,early
21,3,10,HORSE,MAMMALS,large,H,5,77,201,243,49.21701408390866,33.52200287945408,early
21,3,11,COW,MAMMALS,large,C,3,186,202,231,83.31617684657937,74.03907327670598,early
21,3,12,MOUSE,MAMMALS,small,M,5,47,183,239,19.65971776256965,28.82404727378172,early
21,3,13,WINDOW,BUILDING RELATED,large,W,6,216,218,160,56.669821990767076,59.22024523910246,early
21,3,14,HALL,BUILDING RELATED,large,H,4,248,251,127,17.704399943951284,27.22086709911146,early
21,3,15,DOOR,BUILDING RELATED,large,D,4,94,21,194,36.70217320028949,23.990205643297394,early
21,3,16,CORRIDOR,BUILDING RELATED,large,C,8,26,26,219,0.3700041467506221,65.43534941830063,early
21,4,1,MOOSE,MAMMALS,large,M,5,141,148,62,46.0987590027425,12.899933775719663,early
21,4,2,MONKEY,MAMMALS,large,M,6,237,39,204,40.323794950079474,29.700944384362415,early
21,4,3,RACOON,MAMMALS,large,R,6,117,8,191,20.101393632924943,46.00147503294505,early
21,4,4,ANTELOPE,MAMMALS,large,A,8,206,125,146,57.94463101274208,5.086191603427924,early
21,4,5,PANCREAS,BODY PARTS,small,P,8,245,194,189,2.4782680788707925,22.720143003531845,early
21,4,6,RIB,BODY PARTS,small,R,3,249,197,57,24.42400897081526,49.25530488548974,early
21,4,7,TONGUE,BODY PARTS,small,T,6,109,0,42,16.313402647923024,25.727585092296827,early
21,4,8,TOOTH,BODY PARTS,small,T,5,163,252,67,5.44149971555004,13.708399495123032,early
21,4,9,LEMON,FRUITS,small,L,5,188,128,21,15.558788125573649,3.01052917926489,early
21,4,10,PEAR,FRUITS,small,P,4,9,106,61,59.364318375176055,14.695563481040201,early
21,4,11,CLEMENTINE,FRUITS,small,C,10,205,46,142,68.8431120199423,20.150347150342725,early
21,4,12,POMEGRANATE,FRUITS,small,P,11,246,64,119,81.168370915063,37.45461380078453,early
21,4,13,IOWA,STATES,large,I,4,236,52,68,15.416077418768296,39.93188061572754,early
21,4,14,KANSAS,STATES,large,K,6,206,93,51,39.02990052931342,16.18017010519425,early
21,4,15,MICHIGAN,STATES,large,M,8,184,112,143,2.2905110196508027,38.27471211351658,early
21,4,16,FLORIDA,STATES,large,F,7,93,109,202,20.047363999110917,44.2517760788074,early
21,5,1,RASPBERRY,FRUITS,small,R,9,19,247,182,33.2613877529557,56.58599881632607,early
21,5,2,HONEYDEW,FRUITS,small,H,8,243,149,80,55.719709472577584,8.602586237444818,early
21,5,3,FIG,FRUITS,small,F,3,206,167,177,24.01902312075446,26.933242407383744,early
21,5,4,PLUM,FRUITS,small,P,4,231,36,120,69.75084958178552,80.54666063838192,early
21,5,5,WIRE,TOOLS,small,W,4,185,6,42,16.1167567015687,30.775758179837283,early
21,5,6,HAMMER,TOOLS,small,H,6,253,130,129,25.281285181618962,16.793101337919566,early
21,5,7,SCREWS,TOOLS,small,S,6,176,178,102,34.41712024117032,11.452283850290446,early
21,5,8,WEDGE,TOOLS,small,W,5,43,236,233,40.173433323432874,42.094967523845604,early
21,5,9,VIOLIN,INSTRUMENTS,large,V,6,63,38,244,61.80911600753077,63.27591456282115,early
21,5,10,SAXOPHONE,INSTRUMENTS,large,S,9,167,62,36,68.30576310329758,22.352788622746655,early
21,5,11,CELLO,INSTRUMENTS,large,C,5,156,24,35,27.888095106917056,62.477973792233634,early
21,5,12,TRIANGLE,INSTRUMENTS,small,T,8,144,67,131,83.10198366795724,31.18185402606283,early
21,5,13,PINE,TREES,large,P,4,156,65,96,30.028834810653258,20.75327577679404,early
21,5,14,MAPLE,TREES,large,M,5,85,182,250,59.05241846713917,71.74714422103698,early
21,5,15,ELM,TREES,large,E,3,80,16,10,28.378937035115477,62.96139967159999,early
21,5,16,HICKORY,TREES,large,H,7,252,236,226,12.25502906190512,75.63047839564922,early
21,6,1,HAND,BODY PARTS,small,H,4,120,26,151,13.311102089948593,56.39923695887578,early
21,6,2,ANKLE,BODY PARTS,small,A,5,99,25,81,3.820572747138703,63.388852819033254,early
21,6,3,FINGER,BODY PARTS,small,F,6,182,225,13,50.64583502927458,45.16182452129457,early
21,6,4,LIP,BODY PARTS,small,L,3,187,94,175,16.695351507991134,83.89213215290032,early
21,6,5,XYLOPHONE,INSTRUMENTS,large,X,9,25,61,57,36.95430845100075,49.84296424680607,early
21,6,6,ACCORDION,INSTRUMENTS,large,A,9,36,13,76,46.96766033124814,42.819366738817486,early
21,6,7,BONGOS,INSTRUMENTS,large,B,6,124,226,230,41.505072043241285,72.96000246846047,early
21,6,8,GUITAR,INSTRUMENTS,large,G,6,58,219,218,8.033030999717013,35.068393063119636,early
21,6,9,WILLOW,TREES,large,W,6,189,75,248,67.37862628811048,52.48615693189087,early
21,6,10,EUCALYPTUS,TREES,large,E,10,202,119,12,23.95802237560859,33.52957415795996,early
21,6,11,ASH,TREES,large,A,3,140,16,121,28.50012961230773,47.09901649133058,early
21,6,12,POPLAR,TREES,large,P,6,7,141,14,55.81267933853353,59.596947430048075,early
21,6,13,LARVA,INSECTS,small,L,5,211,152,88,27.761447263274075,40.878003087678735,early
21,6,14,SCORPION,INSECTS,small,S,8,3,230,191,1.750606271380033,36.81571624522595,early
21,6,15,MONARCH,INSECTS,small,M,7,223,23,134,79.0880355594176,72.7309589693612,early
21,6,16,WORM,INSECTS,small,W,4,7,179,110,46.84560850180149,39.81713397465621,early
21,7,1,MANGO,FRUITS,small,M,5,205,93,71,10.277116296971915,53.00598108577342,early
21,7,2,BANANA,FRUITS,small,B,6,203,46,175,28.771359432009287,11.493046694863303,early
21,7,3,KUMQUAT,FRUITS,small,K,7,141,86,40,16.654849995228957,29.432634811707427,early
21,7,4,NECTARINE,FRUITS,small,N,9,18,79,141,8.66690107035581,71.93859003590049,early
21,7,5,VERMONT,STATES,large,V,7,226,7,84,21.91821848674847,59.15666469351212,early
21,7,6,CALIFORNIA,STATES,large,C,10,105,73,183,83.82386028727944,33.04394144646346,early
21,7,7,HAWAII,STATES,large,H,6,106,57,221,20.928162993922026,20.674097089900183,early
21,7,8,WISCONSIN,STATES,large,W,9,7,244,39,8.840735404342952,55.6331881057194,early
21,7,9,JERUSALEM,CITIES,large,J,9,245,29,49,61.27761302343265,30.091408309147628,early
21,7,10,VANCOUVER,CITIES,large,V,9,61,142,50,28.467740644653208,13.691982078031579,early
21,7,11,TOKYO,CITIES,large,T,5,65,230,107,71.46968558153438,16.3678253907465,early
21,7,12,PHILADELPHIA,CITIES,large,P,12,218,80,60,10.216168025281284,5.7773589823439835,early
21,7,13,RULER,TOOLS,small,R,5,200,225,86,0.5370637938258593,0.9273316649872465,early
21,7,14,WASHER,TOOLS,small,W,6,76,3,192,17.48045462102627,56.034483062842185,early
21,7,15,NUTS,TOOLS,small,N,4,196,204,116,65.26786856292436,4.769750325904443,early
21,7,16,GLUE,TOOLS,small,G,4,248,109,1,78.49144911582363,71.90023876915782,early
21,8,1,SHEEP,MAMMALS,large,S,5,190,195,59,77.81433163428831,46.31125239796243,late
21,8,2,BOMBAY,CITIES,large,B,6,177,132,60,15.877818432972068,54.338328392751535,late
21,8,3,FOOT,BODY PARTS,small,F,4,80,91,40,50.48472275130584,0.42862035948143884,late
21,8,4,TORONTO,CITIES,large,T,7,125,212,100,10.198273215030383,30.28797252815707,late
21,8,5,AUBERGINE,VEGETABLES,small,A,9,26,218,60,40.69555060888836,30.952983433818357,late
21,8,6,MIAMI,CITIES,large,M,5,168,98,137,33.06234307030122,23.694449123316517,late
21,8,7,WOLF,MAMMALS,large,W,4,63,74,158,25.417912209693835,55.3731422540661,late
21,8,8,OLIVE,VEGETABLES,small,O,5,170,161,94,23.26094429467238,71.69382532108853,late
21,8,9,ELBOW,BODY PARTS,small,E,5,100,231,125,70.59759571974399,48.48515193094908,late
21,8,10,GOAT,MAMMALS,large,G,4,124,198,183,83.94591112746475,42.364273499369176,late
21,8,11,PANTHER,MAMMALS,large,P,7,184,62,34,9.979796597111962,18.153918565103083,late
21,8,12,SQUASH,VEGETABLES,small,S,6,195,44,68,60.558970878844,70.9468558338651,late
21,8,13,KIDNEY,BODY PARTS,small,K,6,218,209,209,12.223582748845862,15.88228462403816,late
21,8,14,ZUCCHINI,VEGETABLES,small,Z,8,86,34,87,30.49180586095668,35.51046794938199,late
21,8,15,STOCKHOLM,CITIES,large,S,9,182,2,27,72.3695371777926,26.836857743757825,late
21,8,16,SHOULDER,BODY PARTS,small,S,8,252,184,73,74.5921225698553,74.68560383841314,late
21,9,1,SYCAMORE,TREES,large,S,8,58,131,145,25.69245884677348,34.75518848627419,late
21,9,2,GLOVES,CLOTHING,small,G,6,170,134,208,80.30500354927734,55.968586307318425,late
21,9,3,BRA,CLOTHING,small,B,3,181,202,194,70.45087006196277,28.455619291334603,late
21,9,4,PALM,TREES,large,P,4,118,183,29,35.04916109364986,38.9243481377193,late
21,9,5,CEDAR,TREES,large,C,5,84,122,61,36.98958274740774,31.565681445830933,late
21,9,6,MOSQUITO,INSECTS,small,M,8,86,21,227,45.56940414203132,33.9679231925867,late
21,9,7,SYDNEY,CITIES,large,S,6,164,243,117,17.550422924835004,81.55228753092368,late
21,9,8,TROUSERS,CLOTHING,small,T,8,246,196,75,14.812297665372903,6.869734358844629,late
21,9,9,RENO,CITIES,large,R,4,91,19,231,44.78151917558325,74.03023899500039,late
21,9,10,CHICAGO,CITIES,large,C,7,5,238,66,54.1813064375193,18.534141847769156,late
21,9,11,MANTIS,INSECTS,small,M,6,136,210,113,69.65723303159699,59.88700266404676,late
21,9,12,MILLIPEDE,INSECTS,small,M,9,141,165,94,15.124266622809234,28.259813594067857,late
21,9,13,SWEATER,CLOTHING,small,S,7,151,84,39,15.342151122788739,9.977073863908736,late
21,9,14,BERLIN,CITIES,large,B,6,218,41,207,46.798443484015856,2.3827315430379987,late
21,9,15,HORNET,INSECTS,small,H,6,217,189,11,6.208974247032694,63.815851770498014,late
21,9,16,TEAK,TREES,large,T,4,173,247,213,72.62840966324922,74.05918226425173,late
21,10,1,PROTRACTOR,TOOLS,small,P,10,176,55,147,30.255841913928535,34.554753454732456,late
21,10,2,PIANO,INSTRUMENTS,large,P,5,213,15,182,8.91874722623048,35.90596474295115,late
21,10,3,ENGLAND,COUNTRIES,large,E,7,85,251,32,2.5423617460944916,75.23461034967849,late
21,10,4,FERRET,MAMMALS,small,F,6,143,95,147,0.03952636728599468,28.41014770990187,late
21,10,5,BOLTS,TOOLS,small,B,5,206,207,190,57.13113032763989,84.759154288455,late
21,10,6,SWITZERLAND,COUNTRIES,large,S,11,90,129,107,38.969054813920586,7.38848972236436,late
21,10,7,CLARINET,INSTRUMENTS,small,C,8,15,76,178,56.10003801802295,46.21579081568409,late
21,10,8,DRUM,INSTRUMENTS,large,D,4,162,235,138,35.40158316334589,26.24317832822077,late
21,10,9,CHISEL,TOOLS,small,C,6,200,244,188,80.43498577577566,45.82242034817452,late
21,10,10,JAPAN,COUNTRIES,large,J,5,176,54,112,16.168575174965042,65.19376456611009,late
21,10,11,KAZOO,INSTRUMENTS,small,K,5,84,187,214,25.14247012498706,49.38011325607613,late
21,10,12,LEOPARD,MAMMALS,large,L,7,153,148,17,42.780581294862415,35.073754067195395,late
21,10,13,FRANCE,COUNTRIES,large,F,6,195,231,132,9.870846996189929,20.166718189124243,late
21,10,14,CAT,MAMMALS,large,C,3,225,163,201,54.96769597969472,33.575758617810365,late
21,10,15,SAW,TOOLS,small,S,3,18,86,72,56.874017698874916,51.34457444769098,late
21,10,16,SQUIRREL,MAMMALS,small,S,8,188,166,151,64.58522118860438,49.532014799390794,late
21,11,1,SPINACH,VEGETABLES,small,S,7,178,11,198,60.57015905044217,67.29212697697827,late
21,11,2,CHIMNEY,BUILDING RELATED,large,C,7,251,254,55,27.63142805352529,1.0732359332733976,late
21,11,3,LOBBY,BUILDING RELATED,large,L,5,124,254,49,66.8266389287815,5.584133812474814,late
21,11,4,CAMISOLE,CLOTHING,small,C,8,193,63,108,57.37108278809255,54.934170697690305,late
21,11,5,ARTICHOKE,VEGETABLES,small,A,9,78,114,8,20.74209595836926,35.391497636402434,late
21,11,6,GARLIC,VEGETABLES,small,G,6,61,94,109,10.568047590478688,36.28565608985622,late
21,11,7,SUIT,CLOTHING,small,S,4,172,190,23,62.927503362412466,48.964667609242014,late
21,11,8,EGYPT,COUNTRIES,large,E,5,139,145,212,3.461636334309471,55.08371862798923,late
21,11,9,CLOSET,BUILDING RELATED,large,C,6,14,2,187,80.20174651923602,20.595498521011923,late
21,11,10,FURNACE,BUILDING RELATED,large,F,7,59,132,59,28.818139730983702,13.267333601306682,late
21,11,11,BLOUSE,CLOTHING,small,B,6,4,117,37,43.51451844927305,2.5598437696125993,late
21,11,12,IRAN,COUNTRIES,large,I,4,231,144,37,66.20063077433824,6.043150495154023,late
21,11,13,GERMANY,COUNTRIES,large,G,7,13,222,180,36.02595047189449,76.70797934065472,late
21,11,14,JACKET,CLOTHING,small,J,6,161,56,188,52.244432306896634,19.128270811864642,late
21,11,15,POTATO,VEGETABLES,small,P,6,104,73,169,66.64721853223158,81.42256768853902,late
21,11,16,CUBA,COUNTRIES,large,C,4,166,215,73,19.341566297719126,13.604737017171205,late
21,12,1,BANJO,INSTRUMENTS,large,B,5,38,24,69,36.91063732940659,49.01317770855273,late
21,12,2,SHIRT,CLOTHING,small,S,5,32,116,118,60.53406393145167,32.51914338812436,late
21,12,3,CUP,KITCHEN-RELATED,small,C,3,248,104,110,55.76196165959228,18.818045730123796,late
21,12,4,OAK,TREES,large,O,3,101,102,179,80.57484767393977,18.267839623151403,late
21,12,5,BLENDER,KITCHEN-RELATED,large,B,7,98,88,138,38.186556296392794,76.43266649449954,late
21,12,6,SPRUCE,TREES,large,S,6,123,130,52,37.14489406607968,50.23312051909229,late
21,12,7,BELT,CLOTHING,small,B,4,105,217,171,74.29333102493149,9.967672454950312,late
21,12,8,ROBE,CLOTHING,small,R,4,6,135,97,23.204184749352226,16.505335471011335,late
21,12,9,MIXER,KITCHEN-RELATED,large,M,5,133,146,235,40.15087945872008,28.682404752270724,late
21,12,10,COLANDER,KITCHEN-RELATED,small,C,8,33,165,106,15.109397575149506,72.75380224209079,late
21,12,11,HARMONICA,INSTRUMENTS,small,H,9,26,17,179,35.56070759579972,43.009972243406224,late
21,12,12,MARIMBA,INSTRUMENTS,large,M,7,204,185,28,2.6445174766764423,2.9959272724985464,late
21,12,13,COTTONWOOD,TREES,large,C,10,90,182,143,0.8058312729058859,33.13089207648717,late
21,12,14,EVERGREEN,TREES,large,E,9,230,85,78,20.468133053526127,19.99070898838658,late
21,12,15,UKULELE,INSTRUMENTS,small,U,7,74,206,182,45.47487689259986,13.32607141158301,late
21,12,16,JUMPER,CLOTHING,small,J,6,254,159,196,38.3914034085125,19.311407762764993,late
21,13,1,ETHIOPIA,COUNTRIES,large,E,8,214,231,57,0.8411401834419119,4.1788331116463615,late
21,13,2,TROMBONE,INSTRUMENTS,large,T,8,222,0,131,40.33232355604808,75.14442535305257,late
21,13,3,AUSTRALIA,COUNTRIES,large,A,9,210,20,80,28.597873423449933,43.58152672553959,late
21,13,4,ZEBRA,MAMMALS,large,Z,5,87,227,72,21.7088682984088,72.72513909742588,late
21,13,5,LETTUCE,VEGETABLES,small,L,7,113,34,13,83.56454406270642,76.6178170605126,late
21,13,6,PIG,MAMMALS,large,P,3,161,147,84,15.416996518397859,73.91326675435934,late
21,13,7,CELERY,VEGETABLES,small,C,6,197,176,213,51.597566167797844,5.1190810542923,late
21,13,8,VIOLA,INSTRUMENTS,large,V,5,178,61,2,56.719615550603486,30.306595534814793,late
21,13,9,YAMS,VEGETABLES,small,Y,4,138,204,45,43.07009990015755,77.26753523583072,late
21,13,10,MARACAS,INSTRUMENTS,small,M,7,90,200,40,45.989203581127256,68.2417992199085,late
21,13,11,BASS,INSTRUMENTS,large,B,4,64,47,168,74.66874429693543,66.99938210717954,late
21,13,12,CARROT,VEGETABLES,small,C,6,24,125,233,12.924594056396332,54.897950539031314,late
21,13,13,ITALY,COUNTRIES,large,I,5,131,151,81,55.09579903780936,36.21363689254349,late
21,13,14,ELEPHANT,MAMMALS,large,E,8,246,195,61,10.40485776670981,39.39649483396068,late
21,13,15,LION,MAMMALS,large,L,4,212,36,134,67.89793561249493,4.085206314146042,late
21,13,16,POLAND,COUNTRIES,large,P,6,37,26,51,19.234821330906197,37.86661559593292,late
21,14,1,EAR,BODY PARTS,small,E,3,141,105,12,19.521983081901805,48.37478667644848,late
21,14,2,DOG,MAMMALS,large,D,3,232,6,252,63.26078454994605,28.179622789418342,late
21,14,3,BARN,BUILDING RELATED,large,B,4,13,223,22,75.39028023188979,45.86296617665268,late
21,14,4,TIGER,MAMMALS,large,T,5,123,242,170,73.39106344818094,35.06662439471706,late
21,14,5,KNUCKLE,BODY PARTS,small,K,7,115,204,195,70.17937863602492,51.55204095034485,late
21,14,6,HEART,BODY PARTS,small,H,5,164,227,117,45.33895874110697,67.83302836587382,late
21,14,7,DONKEY,MAMMALS,large,D,6,188,203,165,49.36225401459922,69.7666662058414,late
21,14,8,HIPPOPOTAMUS,MAMMALS,large,H,12,179,240,164,31.110011333231775,3.7665512754068686,late
21,14,9,CARNATION,FLOWERS,small,C,9,35,51,133,53.53791643679277,41.80139382796529,late
21,14,10,FACE,BODY PARTS,small,F,4,89,54,147,24.11481556538221,60.8854300094187,late
21,14,11,TULIP,FLOWERS,small,T,5,145,27,57,54.09400630734898,56.89042720188651,late
21,14,12,ALCOVE,BUILDING RELATED,large,A,6,246,22,172,15.342537888260859,80.26924704588268,late
21,14,13,GAZEBO,BUILDING RELATED,large,G,6,57,234,81,58.08110162441614,31.870179489655772,late
21,14,14,KITCHEN,BUILDING RELATED,large,K,7,20,105,209,13.515945018451335,26.112563800602487,late
21,14,15,ROSE,FLOWERS,small,R,4,158,173,12,1.6681108367767605,56.6846427865165,late
21,14,16,PETUNIA,FLOWERS,small,P,7,239,63,87,39.542247519083475,62.350161095592455,late
21,15,1,TERMITE,INSECTS,small,T,7,143,252,112,63.69690563174343,48.154365844456706,late
21,15,2,PUMPKIN,VEGETABLES,large,P,7,239,53,185,75.25209128380706,38.77039947994478,late
21,15,3,GINGER,VEGETABLES,small,G,6,214,214,175,42.82537694033781,64.23570163069816,late
21,15,4,PENNSYLVANIA,STATES,large,P,12,50,199,48,70.56541018173994,4.164010724018922,late
21,15,5,OHIO,STATES,large,O,4,204,208,47,23.963648153596466,23.497381423072774,late
21,15,6,RUTABAGA,VEGETABLES,small,R,8,22,62,238,84.90189150110663,64.75049073573888,late
21,15,7,LLAMA,MAMMALS,large,L,5,159,26,136,81.98060045085047,14.911130546147044,late
21,15,8,OKRA,VEGETABLES,small,O,4,74,88,114,46.592107126585056,34.87527285023654,late
21,15,9,ALASKA,STATES,large,A,6,78,10,35,54.67383077590328,40.5825132239279,late
21,15,10,CHRYSALIS,INSECTS,small,C,9,197,26,12,13.457101462068026,31.781887790598667,late
21,15,11,RABBIT,MAMMALS,small,R,6,6,213,154,44.00041364509261,74.25889500532908,late
21,15,12,BEETLE,INSECTS,small,B,6,56,8,114,73.19032403622172,29.59070664596531,late
21,15,13,RHINOCEROS,MAMMALS,large,R,10,136,10,230,48.75012761649502,37.64149504730233,late
21,15,14,FOX,MAMMALS,large,F,3,104,10,99,81.35734245490228,52.317076471806764,late
21,15,15,WASP,INSECTS,small,W,4,117,242,19,17.050741053120355,30.84810483660865,late
21,15,16,TEXAS,STATES,large,T,5,95,168,56,39.74377046613096,9.443731663736708,late
22,0,1,FOOT,BODY PARTS,small,F,4,196,98,89,77.35630698231283,83.73874451532596,early
22,0,2,KIDNEY,BODY PARTS,small,K,6,5,51,154,38.606298203830406,28.877956069181845,early
22,0,3,ELBOW,BODY PARTS,small,E,5,188,136,120,9.58145881044233,0.026978666996648748,early
22,0,4,SHOULDER,BODY PARTS,small,S,8,211,190,89,4.3357381005062825,44.87646858149108,early
22,0,5,GOAT,MAMMALS,large,G,4,150,180,142,6.626144972157625,6.235626816986594,early
22,0,6,SHEEP,MAMMALS,large,S,5,165,97,142,12.889562164322447,37.851533342099195,early
22,0,7,WOLF,MAMMALS,large,W,4,211,183,103,39.99137838882385,58.46541764808737,early
22,0,8,PANTHER,MAMMALS,large,P,7,104,210,21,35.51464980432978,0.05822871316439948,early
22,0,9,OLIVE,VEGETABLES,small,O,5,29,130,243,73.30980012284886,13.04108479425134,early
22,0,10,ZUCCHINI,VEGETABLES,small,Z,8,159,188,11,32.3809201255039,8.916646120003843,early
22,0,11,SQUASH,VEGETABLES,small,S,6,132,94,190,63.58798192091963,36.940626644670395,early
22,0,12,AUBERGINE,VEGETABLES,small,A,9,115,39,21,35.14688608717119,27.976370778732008,early
22,0,13,TORONTO,CITIES,large,T,7,161,83,34,61.27095341562569,5.533053413763709,early
22,0,14,BOMBAY,CITIES,large,B,6,100,157,117,22.15458292656219,76.50830722922535,early
22,0,15,MIAMI,CITIES,large,M,5,1,236,3,57.9146719969237,40.13265669635301,early
22,0,16,STOCKHOLM,CITIES,large,S,9,42,207,130,33.779462107113275,43.65901103214368,early
22,1,1,PEAR,FRUITS,small,P,4,149,62,200,42.97530442450993,25.98772349044084,early
22,1,2,LEMON,FRUITS,small,L,5,190,52,190,61.98223556204442,70.7913519237325,early
22,1,3,CLEMENTINE,FRUITS,small,C,10,71,193,237,34.9941475023724,14.633889249660177,early
22,1,4,POMEGRANATE,FRUITS,small,P,11,234,36,108,5.723527625479962,44.10820697267435,early
22,1,5,TOOTH,BODY PARTS,small,T,5,98,4,141,18.158978148181383,44.948633382022166,early
22,1,6,TONGUE,BODY PARTS,small,T,6,95,91,130,72.40685638810696,50.960913631075265,early
22,1,7,RIB,BODY PARTS,small,R,3,79,235,27,46.14531785195558,18.223400197047695,early
22,1,8,PANCREAS,BODY PARTS,small,P,8,139,235,188,78.85078030545066,10.064675277412483,early
22,1,9,MOOSE,MAMMALS,large,M,5,42,131,34,66.55546040972692,9.124554229723309,early
22,1,10,MONKEY,MAMMALS,large,M,6,15,28,181,42.60205197371917,62.96453575208359,early
22,1,11,RACOON,MAMMALS,large,R,6,222,47,137,24.590250811697004,64.389853684982,early
22,1,12,ANTELOPE,MAMMALS,large,A,8,8,145,143,8.383792148160815,55.83643665775958,early
22,1,13,FLORIDA,STATES,large,F,7,30,248,198,14.090030782109658,55.14358005538998,early
22,1,14,IOWA,STATES,large,I,4,111,166,8,38.79059790195451,53.80564969630083,early
22,1,15,KANSAS,STATES,large,K,6,64,52,141,55.5450222569604,60.56701583085078,early
22,1,16,MICHIGAN,STATES,large,M,8,227,225,66,13.948130512486285,50.2256204282376,early
22,2,1,DRESS,CLOTHING,small,D,5,201,90,193,60.64029419480757,79.45099734919324,early
22,2,2,UNDERWEAR,CLOTHING,small,U,9,107,6,167,44.10101552549181,1.4658879969997085,early
22,2,3,PANTS,CLOTHING,small,P,5,235,117,114,36.11551697331947,76.25103547353686,early
22,2,4,GIRDLE,CLOTHING,small,G,6,42,75,43,6.009155017319791,32.065218538227555,early
22,2,5,DAISY,FLOWERS,small,D,5,11,161,189,53.29278645252842,84.10047381701703,early
22,2,6,NARCISSUS,FLOWERS,small,N,9,123,100,170,81.0034697209121,34.32129713414863,early
22,2,7,SUNFLOWER,FLOWERS,small,S,9,46,35,115,27.568628584802482,25.841356100146072,early
22,2,8,LILY,FLOWERS,small,L,4,116,227,107,66.97810219364037,38.65394034006724,early
22,2,9,UTAH,STATES,large,U,4,214,21,245,9.076504999910362,21.006012637268157,early
22,2,10,MAINE,STATES,large,M,5,190,50,254,8.56754930667987,64.60185923309774,early
22,2,11,ARIZONA,STATES,large,A,7,32,128,240,28.161732515603244,43.63613336540351,early
22,2,12,MONTANA,STATES,large,M,7,105,248,9,17.691856540720973,30.367820600550186,early
22,2,13,KNIFE,KITCHEN-RELATED,small,K,5,120,149,2,1.4988681543273175,7.837013057181509,early
22,2,14,TOASTER,KITCHEN-RELATED,large,T,7,27,152,133,32.82826551012535,75.71947879723332,early
22,2,15,SKILLET,KITCHEN-RELATED,large,S,7,117,248,137,70.71840360450156,12.700838324502572,early
22,2,16,FORK,KITCHEN-RELATED,small,F,4,189,99,140,42.854626911261605,74.76314579644753,early
22,3,1,DALLAS,CITIES,large,D,6,102,241,119,0.5743823573688334,20.66336373940939,early
22,3,2,ROME,CITIES,large,R,4,23,215,165,71.10964478500892,67.02218619058524,early
22,3,3,PARIS,CITIES,large,P,5,44,60,128,4.796608653471004,29.331703884481996,early
22,3,4,MONTREAL,CITIES,large,M,8,58,11,65,21.03218985221401,8.030877233114435,early
22,3,5,OVEN,KITCHEN-RELATED,large,O,4,178,95,46,25.081867578907502,75.14869194964594,early
22,3,6,BROILER,KITCHEN-RELATED,large,B,7,83,215,117,8.885825311566292,31.141396852479804,early
22,3,7,THERMOMETER,KITCHEN-RELATED,small,T,11,145,161,244,29.112996211754112,61.69827873871091,early
22,3,8,MUG,KITCHEN-RELATED,small,M,3,24,207,15,64.91538338818269,38.86426940396893,early
22,3,9,TUBA,INSTRUMENTS,large,T,4,116,146,38,32.43410140672424,80.48488850862478,early
22,3,10,TAMBOURINE,INSTRUMENTS,small,T,10,157,75,26,62.63920166985022,63.60879306320848,early
22,3,11,TRUMPET,INSTRUMENTS,large,T,7,17,239,37,12.764853461790139,40.60573034884803,early
22,3,12,PICCOLO,INSTRUMENTS,small,P,7,23,18,11,17.489069548685304,19.303201025094342,early
22,3,13,ARMS,BODY PARTS,large,A,4,45,87,91,64.60171253884361,11.97528708468047,early
22,3,14,PELVIS,BODY PARTS,large,P,6,217,190,167,81.49542390981816,70.077892064126,early
22,3,15,STOMACH,BODY PARTS,small,S,7,112,20,234,40.31587948968577,44.42804895217202,early
22,3,16,HIP,BODY PARTS,small,H,3,156,1,3,83.82802727459237,34.939470757355444,early
22,4,1,PETUNIA,FLOWERS,small,P,7,60,186,119,75.1635744099726,69.22081379833236,early
22,4,2,ROSE,FLOWERS,small,R,4,130,159,23,11.12183539705322,84.28340651348826,early
22,4,3,TULIP,FLOWERS,small,T,5,234,191,49,71.27967981011729,73.3737955910331,early
22,4,4,CARNATION,FLOWERS,small,C,9,202,25,3,44.58411384474181,14.258833795238349,early
22,4,5,KNUCKLE,BODY PARTS,small,K,7,136,231,163,6.523788240965817,23.27987834390423,early
22,4,6,EAR,BODY PARTS,small,E,3,96,124,29,79.23242064940199,11.586775769401115,early
22,4,7,HEART,BODY PARTS,small,H,5,216,32,9,67.9354719970366,22.591919107640845,early
22,4,8,FACE,BODY PARTS,small,F,4,223,23,204,12.412877804703525,59.53942863153978,early
22,4,9,GAZEBO,BUILDING RELATED,large,G,6,54,55,198,25.53503556834441,48.97060788060979,early
22,4,10,ALCOVE,BUILDING RELATED,large,A,6,195,72,198,6.13470240287069,31.39725385963607,early
22,4,11,BARN,BUILDING RELATED,large,B,4,81,19,234,11.9711306117183,82.18094260899709,early
22,4,12,KITCHEN,BUILDING RELATED,large,K,7,252,244,150,16.097878239994532,44.50107825563321,early
22,4,13,DOG,MAMMALS,large,D,3,118,173,36,64.53836146386915,38.07965379431392,early
22,4,14,TIGER,MAMMALS,large,T,5,107,35,233,12.105578075010362,57.114269058629404,early
22,4,15,HIPPOPOTAMUS,MAMMALS,large,H,12,220,160,56,84.41259286744425,2.898102933035787,early
22,4,16,DONKEY,MAMMALS,large,D,6,109,38,209,83.50644183957637,11.745739476470572,early
22,5,1,TOKYO,CITIES,large,T,5,200,23,136,64.5571935614172,25.452648739928662,early
22,5,2,VANCOUVER,CITIES,large,V,9,25,28,234,20.867913541122316,8.398634626755701,early
22,5,3,JERUSALEM,CITIES,large,J,9,149,22,119,44.6342893181446,27.786779688176956,early
22,5,4,PHILADELPHIA,CITIES,large,P,12,8,114,170,76.52289720974116,25.573448020989957,early
22,5,5,KUMQUAT,FRUITS,small,K,7,125,247,95,66.65197102402686,8.216350408369927,early
22,5,6,BANANA,FRUITS,small,B,6,155,187,203,15.733422505708376,23.17729377450445,early
22,5,7,MANGO,FRUITS,small,M,5,196,48,169,65.41259643390566,38.06925059367118,early
22,5,8,NECTARINE,FRUITS,small,N,9,11,251,31,35.323866123854486,5.013006113924655,early
22,5,9,WASHER,TOOLS,small,W,6,83,6,151,39.94812241699897,24.174447299299676,early
22,5,10,RULER,TOOLS,small,R,5,146,1,140,0.006917139865969535,17.648080913940248,early
22,5,11,GLUE,TOOLS,small,G,4,30,152,152,83.30692561804781,82.19971688350915,early
22,5,12,NUTS,TOOLS,small,N,4,102,47,209,17.19214926442501,77.24223687063106,early
22,5,13,CALIFORNIA,STATES,large,C,10,114,141,120,36.38448765092599,9.954259975213098,early
22,5,14,VERMONT,STATES,large,V,7,127,231,37,80.96557695764218,5.274801052853091,early
22,5,15,WISCONSIN,STATES,large,W,9,195,54,240,79.84567649395305,53.78461119050844,early
22,5,16,HAWAII,STATES,large,H,6,66,238,6,3.134596649150576,29.726232338659777,early
22,6,1,GLASS,KITCHEN-RELATED,small,G,5,234,195,154,18.64863979378362,31.2623661711084,early
22,6,2,POT,KITCHEN-RELATED,large,P,3,17,229,43,8.65818313777877,82.70050517320085,early
22,6,3,SPATULA,KITCHEN-RELATED,small,S,7,93,118,236,39.35910315459437,56.94738995984879,early
22,6,4,REFRIGERATOR,KITCHEN-RELATED,large,R,12,111,39,77,83.02313835563446,13.077803802198432,early
22,6,5,HALL,BUILDING RELATED,large,H,4,5,239,57,10.111110081741645,59.54630471171031,early
22,6,6,DOOR,BUILDING RELATED,large,D,4,205,149,70,8.807604652241897,66.79606661886882,early
22,6,7,CORRIDOR,BUILDING RELATED,large,C,8,176,166,17,32.902245642176524,58.64253133998308,early
22,6,8,WINDOW,BUILDING RELATED,large,W,6,203,192,244,36.63859357919799,8.540166086710606,early
22,6,9,STRAWBERRY,FRUITS,small,S,10,67,78,228,61.575903236768745,34.567199395151185,early
22,6,10,GUAVA,FRUITS,small,G,5,5,225,174,75.07521404070252,74.00041194264935,early
22,6,11,KIWI,FRUITS,small,K,4,139,172,223,58.137856594577286,70.45395629906776,early
22,6,12,TANGELO,FRUITS,small,T,7,160,183,187,74.6389241483997,51.5596881692421,early
22,6,13,MOUSE,MAMMALS,small,M,5,203,225,105,34.62887361314602,56.847527712177616,early
22,6,14,COW,MAMMALS,large,C,3,204,46,0,7.343902961519583,35.69201059821654,early
22,6,15,HORSE,MAMMALS,large,H,5,131,177,163,29.35525386905011,4.1914112584257115,early
22,6,16,GIRAFFE,MAMMALS,large,G,7,122,199,53,24.70717835983964,4.096772329306728,early
22,7,1,ROBE,CLOTHING,small,R,4,238,10,31,76.70227604841774,23.82883515788142,early
22,7,2,SHIRT,CLOTHING,small,S,5,224,65,223,70.9363197172417,39.95172466504518,early
22,7,3,BELT,CLOTHING,small,B,4,162,220,126,23.662339561889194,14.112262844123899,early
22,7,4,JUMPER,CLOTHING,small,J,6,11,209,209,23.82496014300166,8.567410328496292,early
22,7,5,BANJO,INSTRUMENTS,large,B,5,185,88,190,68.71488156499905,46.22413126712875,early
22,7,6,MARIMBA,INSTRUMENTS,large,M,7,196,72,57,16.98709207877852,69.20243269963723,early
22,7,7,UKULELE,INSTRUMENTS,small,U,7,229,60,21,41.31554109815012,11.326421106885714,early
22,7,8,HARMONICA,INSTRUMENTS,small,H,9,0,26,79,57.56750141450507,72.53914032611428,early
22,7,9,MIXER,KITCHEN-RELATED,large,M,5,16,146,8,40.093706820651306,79.70255027760528,early
22,7,10,CUP,KITCHEN-RELATED,small,C,3,249,29,189,18.97564728700185,7.123017903831161,early
22,7,11,BLENDER,KITCHEN-RELATED,large,B,7,90,103,2,25.472684690516175,59.54924522183546,early
22,7,12,COLANDER,KITCHEN-RELATED,small,C,8,240,22,246,51.304705297783954,43.568227475343434,early
22,7,13,SPRUCE,TREES,large,S,6,236,90,86,84.1467087551178,2.9023805767291577,early
22,7,14,COTTONWOOD,TREES,large,C,10,129,148,65,59.8558629470585,14.121047725756412,early
22,7,15,EVERGREEN,TREES,large,E,9,62,158,218,25.71752259232748,17.99909315397947,early
22,7,16,OAK,TREES,large,O,3,235,60,35,33.30611020072449,33.25160020921,early
22,8,1,AZALEA,FLOWERS,small,A,6,90,154,135,42.808299702310805,57.40901111727696,late
22,8,2,CARPET,BUILDING RELATED,large,C,6,73,198,201,17.911623943728117,69.26267045070348,late
22,8,3,ELEVATOR,BUILDING RELATED,large,E,8,81,124,234,68.61305709910705,14.985013758997997,late
22,8,4,BROCCOLI,VEGETABLES,small,B,8,117,44,218,12.145412360141863,12.610387718625116,late
22,8,5,CAULIFLOWER,VEGETABLES,small,C,11,212,180,7,31.434132900614596,30.012097595341945,late
22,8,6,FOUNDATION,BUILDING RELATED,large,F,10,31,90,189,18.578365304406624,46.72266388337189,late
22,8,7,STRAINER,KITCHEN-RELATED,small,S,8,87,17,139,23.43740214071022,1.0974578375770045,late
22,8,8,SAUCER,KITCHEN-RELATED,small,S,6,91,39,195,53.83297978550473,47.85218806867951,late
22,8,9,BUTTERCUP,FLOWERS,small,B,9,111,141,240,4.720011543734782,28.618872347244825,late
22,8,10,DISH,KITCHEN-RELATED,small,D,4,229,66,155,81.488694417338,10.004488446842345,late
22,8,11,FLOOR,BUILDING RELATED,large,F,5,154,235,81,20.297952566917374,37.191496570022,late
22,8,12,ONION,VEGETABLES,small,O,5,100,30,150,24.697652089120954,60.07606389188095,late
22,8,13,LOG,FLOWERS,small,L,3,64,158,126,57.99355045903505,77.95516191157125,late
22,8,14,GRIDDLE,KITCHEN-RELATED,small,G,7,23,1,29,45.89738162368397,46.312632555249316,late
22,8,15,DAHLIA,FLOWERS,small,D,6,177,209,92,38.08156313358207,41.424070095296656,late
22,8,16,PICKLE,VEGETABLES,small,P,6,189,52,164,76.32107231713437,58.747424933409704,late
22,9,1,IRAN,COUNTRIES,large,I,4,199,28,44,84.4412479421889,66.78378398921343,late
22,9,2,SPINACH,VEGETABLES,small,S,7,62,63,171,53.265248761053094,48.21186202070238,late
22,9,3,LOBBY,BUILDING RELATED,large,L,5,119,121,86,49.791162019217644,9.43231285906098,late
22,9,4,FURNACE,BUILDING RELATED,large,F,7,164,164,209,12.084671298088706,5.49346626137457,late
22,9,5,JACKET,CLOTHING,small,J,6,100,18,105,56.80347565416701,56.837586524756524,late
22,9,6,BLOUSE,CLOTHING,small,B,6,178,245,209,83.8946152506271,52.435112147219584,late
22,9,7,CUBA,COUNTRIES,large,C,4,225,165,64,73.88171495672906,75.71500966152568,late
22,9,8,CAMISOLE,CLOTHING,small,C,8,153,76,223,76.68646647591757,0.41611945636352843,late
22,9,9,CLOSET,BUILDING RELATED,large,C,6,9,237,208,14.957848049334142,25.963548768042834,late
22,9,10,GARLIC,VEGETABLES,small,G,6,209,4,16,69.17893094297118,29.094724353676284,late
22,9,11,ARTICHOKE,VEGETABLES,small,A,9,241,127,100,81.78813809901901,23.573527713666714,late
22,9,12,POTATO,VEGETABLES,small,P,6,203,206,118,42.96129964287318,8.890853087978563,late
22,9,13,CHIMNEY,BUILDING RELATED,large,C,7,100,98,162,8.478572871132224,59.36427658251696,late
22,9,14,EGYPT,COUNTRIES,large,E,5,144,252,247,3.4874839928327415,77.99753173830346,late
22,9,15,SUIT,CLOTHING,small,S,4,237,198,45,62.42139745158631,57.97195191518372,late
22,9,16,GERMANY,COUNTRIES,large,G,7,64,165,21,18.498578832232983,78.80331395356457,late
22,10,1,TEXAS,STATES,large,T,5,220,132,145,45.448250555100735,75.64242222566288,late
22,10,2,GINGER,VEGETABLES,small,G,6,149,116,152,37.70502238183985,6.092202633057603,late
22,10,3,ALASKA,STATES,large,A,6,36,250,83,4.160756555055313,34.79524688957152,late
22,10,4,TERMITE,INSECTS,small,T,7,250,34,225,9.5255638363668,54.284102670361314,late
22,10,5,FOX,MAMMALS,large,F,3,139,117,26,53.6913926057698,41.45165953343592,late
22,10,6,WASP,INSECTS,small,W,4,207,28,9,36.78996227026727,22.126469835403384,late
22,10,7,OHIO,STATES,large,O,4,244,216,18,27.051718105331773,81.30103969460029,late
22,10,8,LLAMA,MAMMALS,large,L,5,131,219,225,13.065012234487824,21.235775157837097,late
22,10,9,BEETLE,INSECTS,small,B,6,131,173,113,24.790728655902253,3.451315232822387,late
22,10,10,PUMPKIN,VEGETABLES,large,P,7,10,66,208,79.23381992355215,70.72990389396705,late
22,10,11,CHRYSALIS,INSECTS,small,C,9,214,160,98,40.6719408012701,17.741607185477775,late
22,10,12,OKRA,VEGETABLES,small,O,4,46,165,178,74.55044760607505,66.30109950246933,late
22,10,13,RABBIT,MAMMALS,small,R,6,97,131,33,35.66304060429697,79.64544269321605,late
22,10,14,RUTABAGA,VEGETABLES,small,R,8,32,164,149,41.829628532283145,51.13621325113509,late
22,10,15,RHINOCEROS,MAMMALS,large,R,10,195,109,14,37.64797790982101,61.75147585997056,late
22,10,16,PENNSYLVANIA,STATES,large,P,12,232,195,109,36.370702958047296,17.087785018779527,late
22,11,1,LIP,BODY PARTS,small,L,3,161,250,35,19.86521609323176,34.116072184737924,late
22,11,2,POPLAR,TREES,large,P,6,128,149,69,54.44323589746971,75.79246687173041,late
22,11,3,BONGOS,INSTRUMENTS,large,B,6,80,119,69,64.9652726385673,12.432757493149461,late
22,11,4,XYLOPHONE,INSTRUMENTS,large,X,9,55,193,237,82.60957182593098,65.09440926911726,late
22,11,5,LARVA,INSECTS,small,L,5,106,54,95,42.291087908550125,25.11063588740213,late
22,11,6,EUCALYPTUS,TREES,large,E,10,57,130,90,41.09490197021664,65.41074240089638,late
22,11,7,SCORPION,INSECTS,small,S,8,164,5,243,43.05972130194117,38.91962987243837,late
22,11,8,MONARCH,INSECTS,small,M,7,103,154,143,54.01666598059608,61.76909335141008,late
22,11,9,HAND,BODY PARTS,small,H,4,243,214,140,81.16046569912766,11.7549352886044,late
22,11,10,WILLOW,TREES,large,W,6,92,114,131,43.93919361552135,81.91591614340906,late
22,11,11,FINGER,BODY PARTS,small,F,6,239,132,213,57.81053105879069,57.35366998076869,late
22,11,12,ASH,TREES,large,A,3,196,187,122,23.678663450847484,90.1105145599983,late
22,11,13,ACCORDION,INSTRUMENTS,large,A,9,7,109,186,5.9250419346944225,44.715752789581096,late
22,11,14,ANKLE,BODY PARTS,small,A,5,108,15,229,62.02220743819593,38.99750521918104,late
22,11,15,GUITAR,INSTRUMENTS,large,G,6,99,141,35,32.45049190984684,6.005914782362707,late
22,11,16,WORM,INSECTS,small,W,4,206,41,180,55.826278233968864,42.000314811787376,late
22,12,1,ZEBRA,MAMMALS,large,Z,5,82,7,3,78.652038088787,19.29169282088356,late
22,12,2,ITALY,COUNTRIES,large,I,5,108,254,198,15.301230464753703,51.251039743335376,late
22,12,3,MARACAS,INSTRUMENTS,small,M,7,108,122,108,49.06419609417421,76.24797060551882,late
22,12,4,VIOLA,INSTRUMENTS,large,V,5,33,206,157,23.50313861163792,56.3866421785552,late
22,12,5,AUSTRALIA,COUNTRIES,large,A,9,40,12,10,12.737996320536872,21.14626112176242,late
22,12,6,CARROT,VEGETABLES,small,C,6,41,110,52,33.36975449278703,22.214278704617573,late
22,12,7,PIG,MAMMALS,large,P,3,195,213,15,58.82316111706865,66.22530548226162,late
22,12,8,ELEPHANT,MAMMALS,large,E,8,111,22,125,15.436858968781145,10.346080803779966,late
22,12,9,YAMS,VEGETABLES,small,Y,4,22,13,15,50.62150784938409,50.91411341374473,late
22,12,10,BASS,INSTRUMENTS,large,B,4,56,157,176,3.880239944493126,46.05745595676449,late
22,12,11,TROMBONE,INSTRUMENTS,large,T,8,119,35,60,8.662873222216476,21.210861808534744,late
22,12,12,LETTUCE,VEGETABLES,small,L,7,168,201,135,15.000464265142519,74.68753153613514,late
22,12,13,POLAND,COUNTRIES,large,P,6,190,222,242,23.47821708477126,12.999342962445656,late
22,12,14,LION,MAMMALS,large,L,4,248,188,234,2.40593006186272,11.251862398550358,late
22,12,15,ETHIOPIA,COUNTRIES,large,E,8,14,110,100,26.722542614612102,20.053605896911968,late
22,12,16,CELERY,VEGETABLES,small,C,6,204,100,131,30.52235761187276,58.073076492579446,late
22,13,1,BERLIN,CITIES,large,B,6,78,129,187,58.369715676533325,30.8736867744239,late
22,13,2,TROUSERS,CLOTHING,small,T,8,76,46,77,57.32668055245475,52.6332402846746,late
22,13,3,PALM,TREES,large,P,4,189,34,249,8.556669831370789,63.31603354394691,late
22,13,4,MANTIS,INSECTS,small,M,6,23,246,14,68.30650156681509,6.041799313846386,late
22,13,5,SWEATER,CLOTHING,small,S,7,148,22,145,0.6939311174196039,64.41892445765009,late
22,13,6,GLOVES,CLOTHING,small,G,6,184,22,60,61.62993430985681,61.4121945129379,late
22,13,7,MILLIPEDE,INSECTS,small,M,9,128,152,114,48.58488511750318,41.195875758537376,late
22,13,8,SYCAMORE,TREES,large,S,8,179,216,137,1.5161784552755886,0.3557827069220343,late
22,13,9,MOSQUITO,INSECTS,small,M,8,121,204,148,25.753598516267044,73.59927065063971,late
22,13,10,HORNET,INSECTS,small,H,6,66,235,207,61.36703871157403,43.099745141667654,late
22,13,11,CEDAR,TREES,large,C,5,243,26,245,56.14132848976111,55.67039507782386,late
22,13,12,CHICAGO,CITIES,large,C,7,133,125,138,13.147519901361763,21.42896305286133,late
22,13,13,TEAK,TREES,large,T,4,169,153,100,55.16893917660071,43.918425686523335,late
22,13,14,SYDNEY,CITIES,large,S,6,24,62,3,59.104455061059,52.93833363505748,late
22,13,15,RENO,CITIES,large,R,4,84,149,34,82.13012862506277,58.348826468405726,late
22,13,16,BRA,CLOTHING,small,B,3,57,183,171,17.71828641215197,42.79250703765772,late
22,14,1,PINE,TREES,large,P,4,228,190,126,70.24701264709748,6.34698613761463,late
22,14,2,PLUM,FRUITS,small,P,4,253,95,195,67.6201309944566,4.968623220122208,late
22,14,3,CELLO,INSTRUMENTS,large,C,5,178,202,41,38.12648090608872,61.22320082324054,late
22,14,4,MAPLE,TREES,large,M,5,162,250,214,69.9037755850076,49.768759318113666,late
22,14,5,WEDGE,TOOLS,small,W,5,84,137,35,39.311274465014186,61.867555945950954,late
22,14,6,FIG,FRUITS,small,F,3,137,217,37,46.47914921136834,79.69989483736829,late
22,14,7,ELM,TREES,large,E,3,55,83,95,60.74843501778121,7.330673483340613,late
22,14,8,HICKORY,TREES,large,H,7,211,241,163,82.70411319298077,72.39465307379561,late
22,14,9,RASPBERRY,FRUITS,small,R,9,250,87,174,23.111070037387623,28.408231208910088,late
22,14,10,HAMMER,TOOLS,small,H,6,65,137,194,17.515821780278067,79.70641159483873,late
22,14,11,HONEYDEW,FRUITS,small,H,8,67,38,39,76.18112628735767,1.4570978289784726,late
22,14,12,TRIANGLE,INSTRUMENTS,small,T,8,193,142,239,32.77780249320353,11.955841965185382,late
22,14,13,SAXOPHONE,INSTRUMENTS,large,S,9,98,103,106,25.13204782200806,33.59200913621046,late
22,14,14,SCREWS,TOOLS,small,S,6,49,5,58,80.73315086499906,15.619672466302923,late
22,14,15,WIRE,TOOLS,small,W,4,52,195,198,6.903079371733848,67.8877699142099,late
22,14,16,VIOLIN,INSTRUMENTS,large,V,6,184,183,163,76.14158765138257,9.682806123197139,late
22,15,1,CLARINET,INSTRUMENTS,small,C,8,71,177,113,33.65337613613353,12.624959988951272,late
22,15,2,PROTRACTOR,TOOLS,small,P,10,23,178,104,61.40501910973119,18.812142028213866,late
22,15,3,BOLTS,TOOLS,small,B,5,195,54,243,65.99749292086628,48.386833772100644,late
22,15,4,PIANO,INSTRUMENTS,large,P,5,58,25,166,16.744753958276657,84.5574830693499,late
22,15,5,FRANCE,COUNTRIES,large,F,6,136,84,174,49.17982320123944,3.573066962355043,late
22,15,6,FERRET,MAMMALS,small,F,6,114,247,143,4.815752523213893,61.07871671959977,late
22,15,7,ENGLAND,COUNTRIES,large,E,7,20,161,20,17.459145311487656,34.73940312704537,late
22,15,8,SAW,TOOLS,small,S,3,33,178,42,78.50826315622571,35.1062166393219,late
22,15,9,JAPAN,COUNTRIES,large,J,5,240,252,44,13.65222879170361,63.922113505118716,late
22,15,10,DRUM,INSTRUMENTS,large,D,4,31,8,153,7.4823614197260655,29.09809750407568,late
22,15,11,CHISEL,TOOLS,small,C,6,236,84,8,11.663200797988496,18.54829871372475,late
22,15,12,SWITZERLAND,COUNTRIES,large,S,11,0,62,212,29.31265725945418,19.7375527720185,late
22,15,13,SQUIRREL,MAMMALS,small,S,8,176,237,223,79.15658036757006,47.66676376172242,late
22,15,14,LEOPARD,MAMMALS,large,L,7,35,158,61,67.64835157366554,0.6123121098734221,late
22,15,15,CAT,MAMMALS,large,C,3,215,181,251,15.930088185494656,19.13528002529498,late
22,15,16,KAZOO,INSTRUMENTS,small,K,5,50,143,166,57.195391552111985,33.8598550013561,late
23,0,1,SWEATER,CLOTHING,small,S,7,94,139,125,61.35846930186137,53.15646061134315,early
23,0,2,BRA,CLOTHING,small,B,3,214,13,218,51.04029749923363,28.863739151112902,early
23,0,3,GLOVES,CLOTHING,small,G,6,86,56,16,8.878054066452716,8.799331282825374,early
23,0,4,TROUSERS,CLOTHING,small,T,8,152,220,178,55.442670207392176,20.27611088180548,early
23,0,5,MANTIS,INSECTS,small,M,6,205,69,223,34.17195407148811,52.27057551365859,early
23,0,6,HORNET,INSECTS,small,H,6,123,225,40,20.944910779265015,81.6669185540226,early
23,0,7,MILLIPEDE,INSECTS,small,M,9,83,152,188,66.41868371161178,63.067939454450546,early
23,0,8,MOSQUITO,INSECTS,small,M,8,48,244,196,66.61376126526378,1.8587671465938733,early
23,0,9,SYCAMORE,TREES,large,S,8,165,208,177,57.80624359565419,23.874786535863002,early
23,0,10,PALM,TREES,large,P,4,242,206,220,79.36166519812289,74.95607129185116,early
23,0,11,CEDAR,TREES,large,C,5,112,101,162,83.98586588955828,78.38625051172349,early
23,0,12,TEAK,TREES,large,T,4,3,63,246,33.800200542310535,78.80112724508336,early
23,0,13,BERLIN,CITIES,large,B,6,35,121,79,36.10143591395938,55.20325915867983,early
23,0,14,RENO,CITIES,large,R,4,181,91,228,23.852039830406355,34.81553273535375,early
23,0,15,CHICAGO,CITIES,large,C,7,28,193,11,69.02858663259407,25.028637017359756,early
23,0,16,SYDNEY,CITIES,large,S,6,144,105,179,47.453249989005656,76.51280528187587,early
23,1,1,OVEN,KITCHEN-RELATED,large,O,4,33,55,120,49.89920851637156,65.13696155791837,early
23,1,2,BROILER,KITCHEN-RELATED,large,B,7,251,115,154,50.9941615398816,60.57152161027767,early
23,1,3,MUG,KITCHEN-RELATED,small,M,3,72,73,31,24.00927075243846,36.45626294970528,early
23,1,4,THERMOMETER,KITCHEN-RELATED,small,T,11,117,174,211,22.64199820355946,40.18780513054096,early
23,1,5,HIP,BODY PARTS,small,H,3,89,169,228,42.90869784323729,31.94374571074263,early
23,1,6,ARMS,BODY PARTS,large,A,4,252,65,93,75.60598872545845,6.132881183777663,early
23,1,7,PELVIS,BODY PARTS,large,P,6,91,88,168,31.81974535746115,38.308825428413414,early
23,1,8,STOMACH,BODY PARTS,small,S,7,10,235,66,52.43662403962584,70.64336878003512,early
23,1,9,PARIS,CITIES,large,P,5,47,188,107,30.20948486596974,14.968729740446964,early
23,1,10,DALLAS,CITIES,large,D,6,68,200,12,63.32544018413305,23.764849608887154,early
23,1,11,MONTREAL,CITIES,large,M,8,170,104,47,54.455400740396804,29.91744751506409,early
23,1,12,ROME,CITIES,large,R,4,7,84,131,26.235120531909967,72.43367920000125,early
23,1,13,TAMBOURINE,INSTRUMENTS,small,T,10,63,142,198,83.69931252422914,14.577985143874885,early
23,1,14,PICCOLO,INSTRUMENTS,small,P,7,227,52,8,60.14252511867538,48.711544246010355,early
23,1,15,TUBA,INSTRUMENTS,large,T,4,242,16,23,34.81057076621765,28.956590476330554,early
23,1,16,TRUMPET,INSTRUMENTS,large,T,7,117,84,179,51.19300965197387,78.49698801713207,early
23,2,1,VIOLA,INSTRUMENTS,large,V,5,98,22,38,47.48362079005172,30.238271434047157,early
23,2,2,BASS,INSTRUMENTS,large,B,4,41,203,9,60.84165057652262,35.26426156964325,early
23,2,3,TROMBONE,INSTRUMENTS,large,T,8,9,97,4,84.41968013594835,57.499237724553154,early
23,2,4,MARACAS,INSTRUMENTS,small,M,7,211,30,59,43.829639531053566,52.38718686307236,early
23,2,5,AUSTRALIA,COUNTRIES,large,A,9,143,71,108,35.096903417271314,17.548571397782908,early
23,2,6,POLAND,COUNTRIES,large,P,6,206,246,113,22.89687334705448,70.11681482420973,early
23,2,7,ETHIOPIA,COUNTRIES,large,E,8,24,244,74,8.439348847345583,8.802069369661753,early
23,2,8,ITALY,COUNTRIES,large,I,5,28,90,209,81.88488870668994,24.874765983597257,early
23,2,9,CELERY,VEGETABLES,small,C,6,132,247,87,31.69193128587559,69.41487535432144,early
23,2,10,LETTUCE,VEGETABLES,small,L,7,30,162,12,36.18702161019058,40.00441428292937,early
23,2,11,CARROT,VEGETABLES,small,C,6,162,45,214,24.523259522994604,62.39977463887371,early
23,2,12,YAMS,VEGETABLES,small,Y,4,142,237,195,35.0474955786993,36.39931722660823,early
23,2,13,ELEPHANT,MAMMALS,large,E,8,157,144,62,74.7406476848696,7.432773127862417,early
23,2,14,PIG,MAMMALS,large,P,3,218,119,183,81.93473717565732,40.9702939159618,early
23,2,15,ZEBRA,MAMMALS,large,Z,5,218,238,94,21.113470297435374,24.87918800097988,early
23,2,16,LION,MAMMALS,large,L,4,206,168,222,21.220110383155927,31.639323881656335,early
23,3,1,JACKET,CLOTHING,small,J,6,109,3,132,47.67425909325377,71.00673398278249,early
23,3,2,BLOUSE,CLOTHING,small,B,6,146,125,223,30.103414342141058,18.97547471043835,early
23,3,3,CAMISOLE,CLOTHING,small,C,8,131,186,136,77.1970926395727,41.83557417126806,early
23,3,4,SUIT,CLOTHING,small,S,4,26,133,208,74.47764097790403,33.99830959127489,early
23,3,5,EGYPT,COUNTRIES,large,E,5,139,223,250,75.96584070298313,2.0292425304600648,early
23,3,6,CUBA,COUNTRIES,large,C,4,108,111,231,70.82500476474777,42.6901811256772,early
23,3,7,GERMANY,COUNTRIES,large,G,7,3,132,177,9.546340965356643,40.31667961132733,early
23,3,8,IRAN,COUNTRIES,large,I,4,165,108,75,53.95769774489218,74.72698670055001,early
23,3,9,LOBBY,BUILDING RELATED,large,L,5,47,27,102,72.1130097953353,79.25293918968474,early
23,3,10,CHIMNEY,BUILDING RELATED,large,C,7,26,209,229,61.11112625921083,35.10123411035983,early
23,3,11,FURNACE,BUILDING RELATED,large,F,7,161,216,55,9.22418556226584,52.990901729571476,early
23,3,12,CLOSET,BUILDING RELATED,large,C,6,25,183,65,70.90795215407068,30.171842688635955,early
23,3,13,SPINACH,VEGETABLES,small,S,7,223,72,177,53.50892555305422,50.73514602604389,early
23,3,14,POTATO,VEGETABLES,small,P,6,171,240,254,29.392734844905505,50.3439247912296,early
23,3,15,ARTICHOKE,VEGETABLES,small,A,9,220,205,214,53.07415414918347,62.558173629247975,early
23,3,16,GARLIC,VEGETABLES,small,G,6,30,103,252,30.48602454153941,29.4988167747077,early
23,4,1,RASPBERRY,FRUITS,small,R,9,141,10,206,27.296758976914763,53.41335948010875,early
23,4,2,PLUM,FRUITS,small,P,4,13,16,57,26.735207535697946,60.721778069162724,early
23,4,3,HONEYDEW,FRUITS,small,H,8,10,169,55,40.1923963580767,40.17034892566339,early
23,4,4,FIG,FRUITS,small,F,3,15,77,134,63.28401340746031,2.185055720400482,early
23,4,5,MAPLE,TREES,large,M,5,115,18,130,50.33297834919173,50.94222170091163,early
23,4,6,PINE,TREES,large,P,4,210,211,97,81.03974662974262,7.02631022184436,early
23,4,7,HICKORY,TREES,large,H,7,230,155,221,7.130189073445301,65.83223824920445,early
23,4,8,ELM,TREES,large,E,3,148,71,164,4.5249137211441735,61.21128934961696,early
23,4,9,VIOLIN,INSTRUMENTS,large,V,6,58,92,159,57.03384159808494,14.167996974541866,early
23,4,10,CELLO,INSTRUMENTS,large,C,5,220,115,93,43.87918563108158,26.730252659423087,early
23,4,11,SAXOPHONE,INSTRUMENTS,large,S,9,157,102,203,71.85438424304627,8.730498791970769,early
23,4,12,TRIANGLE,INSTRUMENTS,small,T,8,252,160,48,16.48815362572,32.58960120873383,early
23,4,13,WIRE,TOOLS,small,W,4,194,161,5,46.67095373011223,74.16729988924753,early
23,4,14,HAMMER,TOOLS,small,H,6,158,149,216,22.519738008621836,46.46165640238998,early
23,4,15,WEDGE,TOOLS,small,W,5,152,242,34,31.49371571905041,12.77950836700419,early
23,4,16,SCREWS,TOOLS,small,S,6,148,116,150,21.092546455898738,3.121339546802723,early
23,5,1,FLOOR,BUILDING RELATED,large,F,5,225,43,48,84.5712023726171,50.34622035111626,early
23,5,2,FOUNDATION,BUILDING RELATED,large,F,10,151,246,180,37.408954483542104,28.216211162465175,early
23,5,3,CARPET,BUILDING RELATED,large,C,6,190,69,89,69.92167293695239,59.75456578581978,early
23,5,4,ELEVATOR,BUILDING RELATED,large,E,8,1,124,171,64.59341976411976,66.77553467043495,early
23,5,5,CAULIFLOWER,VEGETABLES,small,C,11,1,37,203,79.60296173573607,10.434679096968765,early
23,5,6,ONION,VEGETABLES,small,O,5,154,238,96,68.0354545334189,19.11611767834362,early
23,5,7,BROCCOLI,VEGETABLES,small,B,8,235,229,235,1.8369350989631628,11.108492323057511,early
23,5,8,PICKLE,VEGETABLES,small,P,6,7,158,57,79.20933885005499,81.50207947042854,early
23,5,9,GRIDDLE,KITCHEN-RELATED,small,G,7,187,214,79,29.201182304781437,2.6566381468786036,early
23,5,10,STRAINER,KITCHEN-RELATED,small,S,8,240,53,60,26.689844342450613,8.068493992442216,early
23,5,11,SAUCER,KITCHEN-RELATED,small,S,6,35,157,180,83.24317734664227,78.52143811806923,early
23,5,12,DISH,KITCHEN-RELATED,small,D,4,23,173,188,79.68524217110374,22.787039860634025,early
23,5,13,AZALEA,FLOWERS,small,A,6,254,157,181,25.21797348942241,50.845681436347796,early
23,5,14,DAHLIA,FLOWERS,small,D,6,176,104,221,8.096990333665014,2.194115036408614,early
23,5,15,LOG,FLOWERS,small,L,3,241,125,58,12.349764471942711,46.01205892081188,early
23,5,16,BUTTERCUP,FLOWERS,small,B,9,115,68,131,63.52782392995797,62.41534779234203,early
23,6,1,KUMQUAT,FRUITS,small,K,7,101,37,43,29.499447611296812,25.79454115592052,early
23,6,2,NECTARINE,FRUITS,small,N,9,68,247,65,66.58482623495509,29.90977366369705,early
23,6,3,BANANA,FRUITS,small,B,6,36,220,101,19.8258284778497,69.47455780875285,early
23,6,4,MANGO,FRUITS,small,M,5,54,87,101,65.27333565643725,34.99234322151595,early
23,6,5,PHILADELPHIA,CITIES,large,P,12,66,242,43,45.4229714953157,31.068201345847157,early
23,6,6,TOKYO,CITIES,large,T,5,44,48,233,20.117428571273436,65.19660537182213,early
23,6,7,JERUSALEM,CITIES,large,J,9,24,230,237,32.04287409401593,57.07957325843058,early
23,6,8,VANCOUVER,CITIES,large,V,9,56,217,102,64.18157254635743,4.470675970440108,early
23,6,9,VERMONT,STATES,large,V,7,138,13,253,74.47398601301381,2.782428765677227,early
23,6,10,WISCONSIN,STATES,large,W,9,1,74,13,56.37514654528436,47.98180550332722,early
23,6,11,CALIFORNIA,STATES,large,C,10,174,33,163,41.29599292046489,64.0018160572838,early
23,6,12,HAWAII,STATES,large,H,6,22,189,194,27.723622564255933,9.051894775017212,early
23,6,13,GLUE,TOOLS,small,G,4,209,252,173,58.26389392246142,87.3047281167752,early
23,6,14,NUTS,TOOLS,small,N,4,154,128,161,81.2143810240368,25.220095513837748,early
23,6,15,RULER,TOOLS,small,R,5,7,241,202,64.26035036585088,5.731369470356276,early
23,6,16,WASHER,TOOLS,small,W,6,84,192,208,3.197301150950773,27.644948498143837,early
23,7,1,KANSAS,STATES,large,K,6,115,210,138,56.07254013177282,4.337706162143364,early
23,7,2,FLORIDA,STATES,large,F,7,93,101,119,52.660025814550096,77.80574059728107,early
23,7,3,MICHIGAN,STATES,large,M,8,237,40,63,20.581886348079152,0.7787193760102626,early
23,7,4,IOWA,STATES,large,I,4,64,120,98,11.284289560495901,45.881756749420944,early
23,7,5,CLEMENTINE,FRUITS,small,C,10,221,159,19,78.51173284350376,33.3502700653971,early
23,7,6,POMEGRANATE,FRUITS,small,P,11,198,199,35,80.23057179849302,3.7062676034729067,early
23,7,7,PEAR,FRUITS,small,P,4,205,3,28,78.92211519856127,34.284653188284395,early
23,7,8,LEMON,FRUITS,small,L,5,230,20,94,8.471184329996749,13.236577731876066,early
23,7,9,PANCREAS,BODY PARTS,small,P,8,127,123,30,39.31966357526687,10.839055448253273,early
23,7,10,TOOTH,BODY PARTS,small,T,5,62,5,69,2.88457577203841,71.96535236295098,early
23,7,11,TONGUE,BODY PARTS,small,T,6,69,236,158,20.474892249750283,34.33009958366463,early
23,7,12,RIB,BODY PARTS,small,R,3,230,64,221,42.9532618324065,45.94504514483573,early
23,7,13,MONKEY,MAMMALS,large,M,6,107,116,119,0.7471133262336238,78.42832930756055,early
23,7,14,ANTELOPE,MAMMALS,large,A,8,46,134,75,28.42362924891423,2.628141802880621,early
23,7,15,RACOON,MAMMALS,large,R,6,59,192,114,37.98591864505047,78.84992489892848,early
23,7,16,MOOSE,MAMMALS,large,M,5,89,2,70,33.16779239343859,52.942644187013165,early
23,8,1,ALCOVE,BUILDING RELATED,large,A,6,195,214,170,57.81663347943516,52.266455847362806,late
23,8,2,DONKEY,MAMMALS,large,D,6,240,188,108,19.608869280973344,54.700770760659594,late
23,8,3,EAR,BODY PARTS,small,E,3,44,21,195,37.21632899600625,22.240962371767214,late
23,8,4,ROSE,FLOWERS,small,R,4,196,201,90,58.72289358085065,0.27895662791875075,late
23,8,5,HIPPOPOTAMUS,MAMMALS,large,H,12,118,220,182,17.958306994525454,8.816569226453922,late
23,8,6,TIGER,MAMMALS,large,T,5,19,214,5,39.89429799171613,57.59364128105442,late
23,8,7,HEART,BODY PARTS,small,H,5,108,175,44,22.730210250688977,39.060135989067916,late
23,8,8,KITCHEN,BUILDING RELATED,large,K,7,154,3,1,1.8987320353658388,22.53936769470554,late
23,8,9,FACE,BODY PARTS,small,F,4,158,57,63,32.366271892755144,6.678355728536554,late
23,8,10,DOG,MAMMALS,large,D,3,194,206,101,29.283669752001128,62.4640146528693,late
23,8,11,KNUCKLE,BODY PARTS,small,K,7,228,65,77,3.6047008066620414,47.30286627592617,late
23,8,12,TULIP,FLOWERS,small,T,5,64,221,211,10.123218267419142,61.485866536876124,late
23,8,13,BARN,BUILDING RELATED,large,B,4,7,21,4,49.60189731156626,12.33486185058327,late
23,8,14,PETUNIA,FLOWERS,small,P,7,150,231,202,73.31305227753228,76.74900177556982,late
23,8,15,CARNATION,FLOWERS,small,C,9,138,232,156,49.99297861158867,55.01958778629015,late
23,8,16,GAZEBO,BUILDING RELATED,large,G,6,17,214,44,61.79198274182587,33.917482661447146,late
23,9,1,GIRAFFE,MAMMALS,large,G,7,204,92,206,39.66212003512817,69.7774946291098,late
23,9,2,HORSE,MAMMALS,large,H,5,88,111,2,63.656681191808254,30.480415146482486,late
23,9,3,WINDOW,BUILDING RELATED,large,W,6,207,85,114,58.667263779148676,45.970087010513375,late
23,9,4,STRAWBERRY,FRUITS,small,S,10,163,155,99,62.09371822875657,53.482966686528,late
23,9,5,DOOR,BUILDING RELATED,large,D,4,65,235,173,43.860545137610394,44.65517300740001,late
23,9,6,GLASS,KITCHEN-RELATED,small,G,5,97,20,76,32.90451644236397,81.40284294423385,late
23,9,7,POT,KITCHEN-RELATED,large,P,3,193,97,177,0.708469383816801,63.97347553351602,late
23,9,8,COW,MAMMALS,large,C,3,201,175,182,31.730650559736155,21.067876562949976,late
23,9,9,GUAVA,FRUITS,small,G,5,77,137,6,34.68237151423484,20.515867560689735,late
23,9,10,SPATULA,KITCHEN-RELATED,small,S,7,36,214,38,39.68230373391817,31.9067683067683,late
23,9,11,CORRIDOR,BUILDING RELATED,large,C,8,89,45,7,66.64648951501151,70.45727605256631,late
23,9,12,MOUSE,MAMMALS,small,M,5,247,18,144,28.514051890601554,39.20023014419757,late
23,9,13,KIWI,FRUITS,small,K,4,245,208,233,36.627408239972425,67.65609560068924,late
23,9,14,REFRIGERATOR,KITCHEN-RELATED,large,R,12,75,114,80,15.78270793981208,15.637979131361718,late
23,9,15,HALL,BUILDING RELATED,large,H,4,30,74,247,17.8566801098159,6.891496572459841,late
23,9,16,TANGELO,FRUITS,small,T,7,224,35,35,72.08910348624407,16.325208112003757,late
23,10,1,CHISEL,TOOLS,small,C,6,148,97,38,31.842791969297537,68.01293919505346,late
23,10,2,SAW,TOOLS,small,S,3,219,188,119,5.406862936469334,14.878759867884746,late
23,10,3,LEOPARD,MAMMALS,large,L,7,148,142,132,56.42214840459708,58.3758017765452,late
23,10,4,SQUIRREL,MAMMALS,small,S,8,241,214,87,80.22415153755992,63.64356037204137,late
23,10,5,CAT,MAMMALS,large,C,3,102,182,94,39.18392445814672,66.47830861153297,late
23,10,6,BOLTS,TOOLS,small,B,5,227,62,234,11.730592776176369,36.215639630749905,late
23,10,7,DRUM,INSTRUMENTS,large,D,4,53,174,221,5.899130917319599,22.18053582181287,late
23,10,8,CLARINET,INSTRUMENTS,small,C,8,31,163,115,37.77330946739,14.532674680731077,late
23,10,9,JAPAN,COUNTRIES,large,J,5,100,20,127,7.6543637115410625,74.47461542577958,late
23,10,10,PROTRACTOR,TOOLS,small,P,10,107,246,229,67.47361672176325,36.39361227069466,late
23,10,11,SWITZERLAND,COUNTRIES,large,S,11,41,183,7,16.871937974061527,49.12203355146774,late
23,10,12,PIANO,INSTRUMENTS,large,P,5,209,248,91,28.555330054659397,25.831192312448913,late
23,10,13,FERRET,MAMMALS,small,F,6,144,61,17,51.630839649172046,37.61263006666911,late
23,10,14,FRANCE,COUNTRIES,large,F,6,55,53,63,73.87309271380386,9.744569639315873,late
23,10,15,ENGLAND,COUNTRIES,large,E,7,146,126,51,36.60692284373949,30.929829156007553,late
23,10,16,KAZOO,INSTRUMENTS,small,K,5,55,44,15,81.18132765665521,2.847644252204385,late
23,11,1,ASH,TREES,large,A,3,186,144,36,25.553769819701305,4.638811937304494,late
23,11,2,LIP,BODY PARTS,small,L,3,176,52,8,76.21289911811836,70.41223157885159,late
23,11,3,WORM,INSECTS,small,W,4,233,96,74,58.30343524024377,5.5885877572277565,late
23,11,4,POPLAR,TREES,large,P,6,147,105,197,48.98902840100738,38.24729442086311,late
23,11,5,BONGOS,INSTRUMENTS,large,B,6,187,97,144,55.4276917720113,59.103842657475106,late
23,11,6,WILLOW,TREES,large,W,6,129,175,200,78.79540477043402,15.449721818818238,late
23,11,7,EUCALYPTUS,TREES,large,E,10,168,86,188,46.24989701851732,63.26622717501609,late
23,11,8,LARVA,INSECTS,small,L,5,91,240,194,70.395471193651,29.493596722303792,late
23,11,9,ANKLE,BODY PARTS,small,A,5,131,49,125,37.45127197243477,60.74124481751574,late
23,11,10,MONARCH,INSECTS,small,M,7,108,140,81,53.74538175615665,49.973149412638776,late
23,11,11,XYLOPHONE,INSTRUMENTS,large,X,9,200,96,144,68.53341810484565,64.01830192852238,late
23,11,12,SCORPION,INSECTS,small,S,8,138,241,4,3.2859657411706444,55.60965772001344,late
23,11,13,ACCORDION,INSTRUMENTS,large,A,9,16,102,29,19.593670078589845,37.84091579420546,late
23,11,14,GUITAR,INSTRUMENTS,large,G,6,52,110,206,30.420957687679852,41.374682488463165,late
23,11,15,FINGER,BODY PARTS,small,F,6,16,204,115,81.39411961743379,37.16522094636234,late
23,11,16,HAND,BODY PARTS,small,H,4,90,90,35,30.17587043513854,19.981239751366488,late
23,12,1,ROBE,CLOTHING,small,R,4,16,172,160,5.4383137649682105,54.77581782104225,late
23,12,2,MARIMBA,INSTRUMENTS,large,M,7,100,184,80,5.877864118648787,35.94229817055112,late
23,12,3,CUP,KITCHEN-RELATED,small,C,3,251,57,115,70.46295177604401,69.28317353471637,late
23,12,4,JUMPER,CLOTHING,small,J,6,109,200,49,25.453986898721865,60.05540040336537,late
23,12,5,SPRUCE,TREES,large,S,6,163,177,4,10.864914562000513,70.88177932061184,late
23,12,6,BANJO,INSTRUMENTS,large,B,5,21,73,216,54.17498483033399,17.898472189189338,late
23,12,7,COTTONWOOD,TREES,large,C,10,10,169,96,28.984697458902883,2.199952196505872,late
23,12,8,OAK,TREES,large,O,3,48,57,83,14.053847311278641,82.48493311399204,late
23,12,9,SHIRT,CLOTHING,small,S,5,140,90,34,33.95171838134446,67.47900107795309,late
23,12,10,COLANDER,KITCHEN-RELATED,small,C,8,109,106,85,58.30878886121857,27.57833901812617,late
23,12,11,EVERGREEN,TREES,large,E,9,1,203,141,61.68972614253909,60.55194386173757,late
23,12,12,MIXER,KITCHEN-RELATED,large,M,5,97,220,144,73.92642167169986,83.39782534202139,late
23,12,13,UKULELE,INSTRUMENTS,small,U,7,36,24,1,5.0025790075521614,5.699536961541692,late
23,12,14,BLENDER,KITCHEN-RELATED,large,B,7,16,186,245,35.63457576806438,14.19782379446705,late
23,12,15,HARMONICA,INSTRUMENTS,small,H,9,99,36,43,34.73280938485485,40.904218113506495,late
23,12,16,BELT,CLOTHING,small,B,4,2,51,194,15.601918466377233,83.7157737292219,late
23,13,1,RUTABAGA,VEGETABLES,small,R,8,239,9,203,2.982942561097872,56.317413656334935,late
23,13,2,TERMITE,INSECTS,small,T,7,209,86,142,50.37214113023443,27.32914980494255,late
23,13,3,PUMPKIN,VEGETABLES,large,P,7,109,42,223,41.219410590717686,3.0618532900700526,late
23,13,4,BEETLE,INSECTS,small,B,6,60,173,178,8.347669322602236,31.92322552644623,late
23,13,5,FOX,MAMMALS,large,F,3,127,162,144,35.356051673088416,36.10120480413718,late
23,13,6,CHRYSALIS,INSECTS,small,C,9,106,142,178,52.63482107116898,0.12468695285055542,late
23,13,7,PENNSYLVANIA,STATES,large,P,12,99,215,149,72.3501654485711,48.8973716006938,late
23,13,8,GINGER,VEGETABLES,small,G,6,33,245,219,8.84114585615822,30.584790739176167,late
23,13,9,LLAMA,MAMMALS,large,L,5,39,15,136,39.72703447598538,65.77384311598648,late
23,13,10,TEXAS,STATES,large,T,5,11,112,154,29.747465212698987,66.22435650632876,late
23,13,11,WASP,INSECTS,small,W,4,159,182,151,79.32647309400285,18.489653589678294,late
23,13,12,ALASKA,STATES,large,A,6,65,29,142,68.4914932035151,44.44652295820725,late
23,13,13,OKRA,VEGETABLES,small,O,4,86,158,201,70.61692193498405,48.15128745691432,late
23,13,14,OHIO,STATES,large,O,4,0,251,199,19.725505526115796,8.781559267185244,late
23,13,15,RHINOCEROS,MAMMALS,large,R,10,36,131,159,45.46512299040542,12.37640827154625,late
23,13,16,RABBIT,MAMMALS,small,R,6,21,189,134,60.448144967455974,61.318288277793194,late
23,14,1,TORONTO,CITIES,large,T,7,207,97,251,67.32751090937515,13.24965542324797,late
23,14,2,SHOULDER,BODY PARTS,small,S,8,4,5,28,70.2305256123247,12.22499778245921,late
23,14,3,WOLF,MAMMALS,large,W,4,240,13,211,36.40747755562029,19.336425448714643,late
23,14,4,PANTHER,MAMMALS,large,P,7,54,154,24,15.93827331403255,52.32361294528999,late
23,14,5,GOAT,MAMMALS,large,G,4,134,65,180,28.722681132559252,40.96254245430052,late
23,14,6,KIDNEY,BODY PARTS,small,K,6,226,21,164,12.298713736985887,6.25695506832113,late
23,14,7,ELBOW,BODY PARTS,small,E,5,52,125,45,74.23352264693635,78.63287454797373,late
23,14,8,STOCKHOLM,CITIES,large,S,9,207,81,206,56.43547859150913,39.07885804132926,late
23,14,9,ZUCCHINI,VEGETABLES,small,Z,8,76,153,33,65.68372102119787,9.269177097678089,late
23,14,10,MIAMI,CITIES,large,M,5,35,94,121,24.267093155667176,20.516072617673455,late
23,14,11,SHEEP,MAMMALS,large,S,5,56,87,244,45.15654474981419,34.18727451558906,late
23,14,12,OLIVE,VEGETABLES,small,O,5,82,158,151,19.335861218706757,65.98816508595866,late
23,14,13,BOMBAY,CITIES,large,B,6,13,213,1,8.938716830239672,8.65422718903499,late
23,14,14,AUBERGINE,VEGETABLES,small,A,9,59,101,15,41.096842019283,46.9218632841213,late
23,14,15,SQUASH,VEGETABLES,small,S,6,198,193,137,61.24392025246616,26.65833924376907,late
23,14,16,FOOT,BODY PARTS,small,F,4,7,17,51,47.627842308789795,44.61873844330475,late
23,15,1,FORK,KITCHEN-RELATED,small,F,4,129,245,45,46.84778597671031,13.73427448679719,late
23,15,2,GIRDLE,CLOTHING,small,G,6,101,211,236,15.745749578411735,9.680590365149403,late
23,15,3,UTAH,STATES,large,U,4,32,82,207,53.89578370583679,86.91608608536944,late
23,15,4,DAISY,FLOWERS,small,D,5,238,130,105,0.6222037219140453,58.58162256341375,late
23,15,5,UNDERWEAR,CLOTHING,small,U,9,32,229,214,24.222756674342662,12.40329642651456,late
23,15,6,TOASTER,KITCHEN-RELATED,large,T,7,191,146,27,27.820226652508214,2.3875279668842007,late
23,15,7,NARCISSUS,FLOWERS,small,N,9,22,122,184,16.21197668454372,42.59740053808606,late
23,15,8,DRESS,CLOTHING,small,D,5,92,192,38,77.89312163247769,28.705088027919512,late
23,15,9,LILY,FLOWERS,small,L,4,234,236,177,73.33783754783374,67.27684833449597,late
23,15,10,MONTANA,STATES,large,M,7,220,185,148,31.511119604736,51.75987343301974,late
23,15,11,SUNFLOWER,FLOWERS,small,S,9,17,230,33,50.30044545922671,29.93743941075652,late
23,15,12,ARIZONA,STATES,large,A,7,73,82,185,37.59524276426183,11.193789014837131,late
23,15,13,MAINE,STATES,large,M,5,159,85,234,3.7061889104911785,75.92353319720708,late
23,15,14,SKILLET,KITCHEN-RELATED,large,S,7,102,21,123,81.15406674185358,26.552911673086335,late
23,15,15,PANTS,CLOTHING,small,P,5,88,139,103,49.31333773406998,36.37681564585202,late
23,15,16,KNIFE,KITCHEN-RELATED,small,K,5,195,69,120,22.868202003312224,4.83652359362134,late
24,0,1,POLAND,COUNTRIES,large,P,6,184,118,229,58.46552144884542,25.533587460770185,early
24,0,2,ETHIOPIA,COUNTRIES,large,E,8,135,86,151,28.609848458271948,9.574613824149292,early
24,0,3,AUSTRALIA,COUNTRIES,large,A,9,118,3,222,3.54759022217197,13.484552032407484,early
24,0,4,ITALY,COUNTRIES,large,I,5,230,135,140,52.98472648237085,39.91017721230106,early
24,0,5,VIOLA,INSTRUMENTS,large,V,5,238,191,16,66.53547664139806,72.91906885209764,early
24,0,6,MARACAS,INSTRUMENTS,small,M,7,174,251,14,56.71487908786493,3.5572703377828194,early
24,0,7,TROMBONE,INSTRUMENTS,large,T,8,182,76,200,36.65189517215452,59.25587332078705,early
24,0,8,BASS,INSTRUMENTS,large,B,4,242,35,188,5.6572175870497,35.69737717125039,early
24,0,9,CELERY,VEGETABLES,small,C,6,136,163,200,46.51064045294409,23.304687016883655,early
24,0,10,CARROT,VEGETABLES,small,C,6,115,174,96,47.17329587469243,42.30420036018867,early
24,0,11,LETTUCE,VEGETABLES,small,L,7,42,214,129,16.126289077454473,8.95848849442094,early
24,0,12,YAMS,VEGETABLES,small,Y,4,230,6,14,59.88357489346129,87.20407117319863,early
24,0,13,LION,MAMMALS,large,L,4,153,180,229,34.18443545828681,7.148156914521259,early
24,0,14,ELEPHANT,MAMMALS,large,E,8,241,126,233,32.260976611465374,5.135745454666008,early
24,0,15,PIG,MAMMALS,large,P,3,191,89,178,20.971311360132592,81.40955164547034,early
24,0,16,ZEBRA,MAMMALS,large,Z,5,71,209,39,81.0676343028932,70.10644398928741,early
24,1,1,PARIS,CITIES,large,P,5,17,145,216,32.08150597918317,68.90945957883757,early
24,1,2,MONTREAL,CITIES,large,M,8,77,212,39,9.263561743576368,1.7655239703966794,early
24,1,3,ROME,CITIES,large,R,4,68,250,74,11.279719100336266,11.036318401602868,early
24,1,4,DALLAS,CITIES,large,D,6,144,2,252,65.89030783112453,69.76171245874416,early
24,1,5,BROILER,KITCHEN-RELATED,large,B,7,219,185,28,7.228884604084335,78.65744372037007,early
24,1,6,THERMOMETER,KITCHEN-RELATED,small,T,11,191,117,32,57.890453988017015,42.1934531237839,early
24,1,7,MUG,KITCHEN-RELATED,small,M,3,175,87,181,42.353144526915294,21.858202612772832,early
24,1,8,OVEN,KITCHEN-RELATED,large,O,4,170,183,195,81.43435076502656,16.20441221274845,early
24,1,9,TAMBOURINE,INSTRUMENTS,small,T,10,179,192,91,0.5183115951840922,21.349410715903744,early
24,1,10,TRUMPET,INSTRUMENTS,large,T,7,24,62,142,21.829472083856643,69.9507174273147,early
24,1,11,TUBA,INSTRUMENTS,large,T,4,58,130,210,40.09853737888039,66.39845057346047,early
24,1,12,PICCOLO,INSTRUMENTS,small,P,7,21,244,222,84.08391175121297,73.82882503928322,early
24,1,13,PELVIS,BODY PARTS,large,P,6,119,77,48,3.4552812558253434,9.867962896441334,early
24,1,14,ARMS,BODY PARTS,large,A,4,71,245,48,35.233153284395634,22.506209469478584,early
24,1,15,STOMACH,BODY PARTS,small,S,7,62,94,101,37.536182276121075,49.138030115367634,early
24,1,16,HIP,BODY PARTS,small,H,3,198,242,74,14.125495831443972,26.659303812481994,early
24,2,1,POTATO,VEGETABLES,small,P,6,114,174,130,25.465695089844964,64.86988077927188,early
24,2,2,GARLIC,VEGETABLES,small,G,6,47,84,166,34.70417650142497,2.8300020918448925,early
24,2,3,ARTICHOKE,VEGETABLES,small,A,9,60,103,145,9.085026530899974,38.88094938247777,early
24,2,4,SPINACH,VEGETABLES,small,S,7,204,87,214,83.27510378335766,2.6042737803005194,early
24,2,5,BLOUSE,CLOTHING,small,B,6,114,111,229,54.76074142855203,48.3536297005239,early
24,2,6,SUIT,CLOTHING,small,S,4,143,221,215,75.99474596558831,59.98404999959789,early
24,2,7,CAMISOLE,CLOTHING,small,C,8,5,14,143,74.64183597198225,21.554687531885914,early
24,2,8,JACKET,CLOTHING,small,J,6,192,68,57,70.95091119985045,57.21242618763827,early
24,2,9,FURNACE,BUILDING RELATED,large,F,7,41,115,88,58.469367909429074,60.30917058055511,early
24,2,10,CLOSET,BUILDING RELATED,large,C,6,8,64,91,35.25131324316849,77.41232520392872,early
24,2,11,LOBBY,BUILDING RELATED,large,L,5,179,207,253,13.00615561980121,0.8906657849830857,early
24,2,12,CHIMNEY,BUILDING RELATED,large,C,7,171,233,6,69.44596350148748,13.32615502486455,early
24,2,13,EGYPT,COUNTRIES,large,E,5,204,94,221,38.56332124968901,54.69859777427199,early
24,2,14,CUBA,COUNTRIES,large,C,4,15,15,101,0.5085389877971835,40.90101398138776,early
24,2,15,GERMANY,COUNTRIES,large,G,7,3,41,160,51.34541737973733,26.768932311405802,early
24,2,16,IRAN,COUNTRIES,large,I,4,130,140,58,29.496285840878066,74.21174558646631,early
24,3,1,LARVA,INSECTS,small,L,5,12,180,52,58.38306887252024,23.56236403282442,early
24,3,2,WORM,INSECTS,small,W,4,184,227,116,58.44006464974689,19.11340751433164,early
24,3,3,SCORPION,INSECTS,small,S,8,50,158,120,48.892920900907484,30.467740438189033,early
24,3,4,MONARCH,INSECTS,small,M,7,96,217,55,2.419785251192245,38.39214057112086,early
24,3,5,WILLOW,TREES,large,W,6,212,173,253,37.35134169657998,71.66279625911686,early
24,3,6,EUCALYPTUS,TREES,large,E,10,49,5,13,54.742199852549135,33.26302602368056,early
24,3,7,ASH,TREES,large,A,3,40,177,238,63.21893131241273,26.255742291376723,early
24,3,8,POPLAR,TREES,large,P,6,130,203,140,73.21678537371794,31.15259543637493,early
24,3,9,ANKLE,BODY PARTS,small,A,5,76,91,105,60.88970007801953,26.11479289375308,early
24,3,10,FINGER,BODY PARTS,small,F,6,232,116,218,3.4756165803410086,47.62460710821276,early
24,3,11,LIP,BODY PARTS,small,L,3,21,66,223,69.40861315611086,29.646110059083416,early
24,3,12,HAND,BODY PARTS,small,H,4,134,146,102,30.340491582578295,74.98315649294683,early
24,3,13,XYLOPHONE,INSTRUMENTS,large,X,9,49,178,48,72.9374411336822,12.618329357819261,early
24,3,14,GUITAR,INSTRUMENTS,large,G,6,8,5,195,27.415949943608354,13.759202732696362,early
24,3,15,ACCORDION,INSTRUMENTS,large,A,9,78,198,175,16.56500536744605,67.59423612206342,early
24,3,16,BONGOS,INSTRUMENTS,large,B,6,66,199,137,79.33087092349332,25.165152655122526,early
24,4,1,UTAH,STATES,large,U,4,194,168,73,84.1804632430602,69.29188317789209,early
24,4,2,MAINE,STATES,large,M,5,188,30,85,65.35674609587768,71.62324334542684,early
24,4,3,ARIZONA,STATES,large,A,7,174,163,137,8.183002446209853,62.06513610293675,early
24,4,4,MONTANA,STATES,large,M,7,59,118,35,34.54020525666762,13.068164007274962,early
24,4,5,TOASTER,KITCHEN-RELATED,large,T,7,191,2,127,57.06523992127504,76.88165062836457,early
24,4,6,KNIFE,KITCHEN-RELATED,small,K,5,190,140,8,20.16710394782829,6.801471945632973,early
24,4,7,SKILLET,KITCHEN-RELATED,large,S,7,161,196,233,27.71326158745794,67.88770984269833,early
24,4,8,FORK,KITCHEN-RELATED,small,F,4,86,109,168,73.17603280269421,4.328797717427491,early
24,4,9,UNDERWEAR,CLOTHING,small,U,9,70,104,157,54.792606725358546,43.807943333543264,early
24,4,10,GIRDLE,CLOTHING,small,G,6,41,92,201,32.51753090143598,31.749633693024812,early
24,4,11,DRESS,CLOTHING,small,D,5,237,68,100,80.6754487697375,2.7195582801045504,early
24,4,12,PANTS,CLOTHING,small,P,5,109,73,79,3.15551705992805,71.53457954250608,early
24,4,13,LILY,FLOWERS,small,L,4,92,163,37,76.6438832136071,68.13023219497146,early
24,4,14,SUNFLOWER,FLOWERS,small,S,9,210,173,109,64.05541112805324,70.56825763969135,early
24,4,15,NARCISSUS,FLOWERS,small,N,9,77,117,92,68.11313439059168,72.28464573484963,early
24,4,16,DAISY,FLOWERS,small,D,5,82,239,206,62.11567938842471,64.20577101842547,early
24,5,1,SPATULA,KITCHEN-RELATED,small,S,7,69,33,24,70.07107143578183,28.869484635376526,early
24,5,2,POT,KITCHEN-RELATED,large,P,3,182,223,30,4.88832272483204,53.53097188764005,early
24,5,3,GLASS,KITCHEN-RELATED,small,G,5,250,136,112,4.132415032096571,62.237962698783974,early
24,5,4,REFRIGERATOR,KITCHEN-RELATED,large,R,12,241,13,24,75.52959163696612,0.4134277643967579,early
24,5,5,DOOR,BUILDING RELATED,large,D,4,233,254,106,28.308240141839494,74.29366674654129,early
24,5,6,CORRIDOR,BUILDING RELATED,large,C,8,23,205,38,65.11807643903009,73.40851182569573,early
24,5,7,HALL,BUILDING RELATED,large,H,4,211,11,224,41.446940892111634,5.30091316547357,early
24,5,8,WINDOW,BUILDING RELATED,large,W,6,99,72,237,19.93293016436973,10.961601381648352,early
24,5,9,GIRAFFE,MAMMALS,large,G,7,57,191,156,14.881737516900325,75.3268149328314,early
24,5,10,COW,MAMMALS,large,C,3,42,56,173,29.84023581725183,41.641307947641884,early
24,5,11,MOUSE,MAMMALS,small,M,5,31,207,106,79.61559300507832,79.34350907066936,early
24,5,12,HORSE,MAMMALS,large,H,5,38,129,251,78.64305246267155,6.833356646866324,early
24,5,13,STRAWBERRY,FRUITS,small,S,10,73,104,148,13.471254385167505,7.165840843266105,early
24,5,14,TANGELO,FRUITS,small,T,7,176,140,68,13.303103163936234,70.14486109605016,early
24,5,15,KIWI,FRUITS,small,K,4,210,222,119,78.99812776911965,70.84918205347236,early
24,5,16,GUAVA,FRUITS,small,G,5,178,126,84,15.840935428520734,3.857344732168493,early
24,6,1,CHRYSALIS,INSECTS,small,C,9,179,231,226,63.936279411475375,62.69510233521035,early
24,6,2,WASP,INSECTS,small,W,4,118,173,172,0.1283787403406389,45.56844309988183,early
24,6,3,TERMITE,INSECTS,small,T,7,252,98,209,19.05984638085281,72.84897642620953,early
24,6,4,BEETLE,INSECTS,small,B,6,53,224,126,25.475263881814545,75.84968636568176,early
24,6,5,FOX,MAMMALS,large,F,3,31,217,90,63.18721492995602,56.962125272031145,early
24,6,6,RABBIT,MAMMALS,small,R,6,178,224,169,6.312855607833942,13.408616716735642,early
24,6,7,RHINOCEROS,MAMMALS,large,R,10,65,227,25,11.006612474471838,69.56174101992585,early
24,6,8,LLAMA,MAMMALS,large,L,5,21,246,143,31.129339888054844,3.5464688480462634,early
24,6,9,GINGER,VEGETABLES,small,G,6,139,226,105,51.011695219349924,5.025274149236971,early
24,6,10,PUMPKIN,VEGETABLES,large,P,7,121,235,7,23.355902921839668,62.71634711431826,early
24,6,11,OKRA,VEGETABLES,small,O,4,61,210,106,82.25815709353454,69.96936500714402,early
24,6,12,RUTABAGA,VEGETABLES,small,R,8,107,9,55,12.601609452435072,16.50309529845906,early
24,6,13,TEXAS,STATES,large,T,5,33,1,232,57.822978120683345,59.1469818488439,early
24,6,14,PENNSYLVANIA,STATES,large,P,12,208,198,134,12.8891189055593,6.302112428609348,early
24,6,15,OHIO,STATES,large,O,4,213,164,144,83.23290224984278,12.502982703766019,early
24,6,16,ALASKA,STATES,large,A,6,86,244,142,10.9327758281629,39.01847467617496,early
24,7,1,SHEEP,MAMMALS,large,S,5,13,130,82,31.178955439169393,76.63630956964533,early
24,7,2,PANTHER,MAMMALS,large,P,7,159,133,205,30.613421533409603,59.353576714562706,early
24,7,3,WOLF,MAMMALS,large,W,4,26,213,226,0.1762806926339433,2.295857227755352,early
24,7,4,GOAT,MAMMALS,large,G,4,42,76,56,26.146158658621733,15.567723576585667,early
24,7,5,MIAMI,CITIES,large,M,5,79,133,80,69.55406871068686,81.28627906519296,early
24,7,6,STOCKHOLM,CITIES,large,S,9,253,231,246,27.110310247493775,42.31031428421227,early
24,7,7,BOMBAY,CITIES,large,B,6,1,239,38,36.20128199264805,69.65682677912339,early
24,7,8,TORONTO,CITIES,large,T,7,244,236,74,64.84975655986929,59.55896203243308,early
24,7,9,KIDNEY,BODY PARTS,small,K,6,236,169,152,4.210765863135991,67.21796006367667,early
24,7,10,FOOT,BODY PARTS,small,F,4,131,241,86,14.11640024110563,49.26003720073283,early
24,7,11,ELBOW,BODY PARTS,small,E,5,123,2,7,4.6190714439662415,54.07642673765625,early
24,7,12,SHOULDER,BODY PARTS,small,S,8,254,47,25,4.7061945730697,11.079394156313885,early
24,7,13,OLIVE,VEGETABLES,small,O,5,205,156,84,70.51160294033657,57.293062028098646,early
24,7,14,ZUCCHINI,VEGETABLES,small,Z,8,225,154,220,4.63838160618545,67.36223487050404,early
24,7,15,AUBERGINE,VEGETABLES,small,A,9,222,147,39,21.76315488017498,67.24812905654095,early
24,7,16,SQUASH,VEGETABLES,small,S,6,95,148,190,70.06531270286075,36.501074188888396,early
24,8,1,MANTIS,INSECTS,small,M,6,85,6,202,28.398220722567782,65.52942608418708,late
24,8,2,MOSQUITO,INSECTS,small,M,8,229,90,23,38.04427158529483,28.953101298513367,late
24,8,3,SYDNEY,CITIES,large,S,6,128,82,212,8.026365928227127,59.04482694097874,late
24,8,4,TROUSERS,CLOTHING,small,T,8,8,165,120,60.470080931788516,33.42311515304772,late
24,8,5,PALM,TREES,large,P,4,4,190,2,32.34976869431099,52.830865349006665,late
24,8,6,RENO,CITIES,large,R,4,56,236,0,14.944908463103005,0.6046488785203792,late
24,8,7,TEAK,TREES,large,T,4,239,106,202,58.005324997822825,34.00174791985741,late
24,8,8,MILLIPEDE,INSECTS,small,M,9,248,127,109,15.127215672085395,57.456119967318735,late
24,8,9,SWEATER,CLOTHING,small,S,7,138,108,59,36.03978965751972,72.17610944715351,late
24,8,10,HORNET,INSECTS,small,H,6,184,40,225,46.34163771646355,74.73899102592665,late
24,8,11,CEDAR,TREES,large,C,5,168,188,69,59.208963514988525,5.316472489937074,late
24,8,12,CHICAGO,CITIES,large,C,7,96,189,169,51.51487457034106,46.38024520174685,late
24,8,13,GLOVES,CLOTHING,small,G,6,117,218,250,14.81021776518325,29.385017424793713,late
24,8,14,SYCAMORE,TREES,large,S,8,64,226,248,13.760501754718085,50.19823519494792,late
24,8,15,BERLIN,CITIES,large,B,6,109,198,205,84.03018148266129,63.79821435989846,late
24,8,16,BRA,CLOTHING,small,B,3,210,129,158,47.53061157182151,80.8945339790583,late
24,9,1,FERRET,MAMMALS,small,F,6,128,123,71,62.872340273948424,29.958334422294254,late
24,9,2,CLARINET,INSTRUMENTS,small,C,8,179,139,72,84.4541260113096,52.961345131176955,late
24,9,3,FRANCE,COUNTRIES,large,F,6,76,52,213,17.745647707224613,57.10039080982451,late
24,9,4,SAW,TOOLS,small,S,3,141,206,14,60.48438173252818,80.58131837128056,late
24,9,5,ENGLAND,COUNTRIES,large,E,7,27,212,161,25.135041215807693,78.96979409043146,late
24,9,6,LEOPARD,MAMMALS,large,L,7,48,105,187,41.03963661819866,51.077448443161515,late
24,9,7,PROTRACTOR,TOOLS,small,P,10,81,160,253,67.79758196311694,53.96922957508535,late
24,9,8,PIANO,INSTRUMENTS,large,P,5,28,38,168,53.75525671267352,76.61156737522457,late
24,9,9,BOLTS,TOOLS,small,B,5,201,193,122,24.794482381359938,76.67372955280253,late
24,9,10,CAT,MAMMALS,large,C,3,65,75,217,45.174282956216,56.07320035092276,late
24,9,11,KAZOO,INSTRUMENTS,small,K,5,84,66,207,28.690543991867827,66.37871636054857,late
24,9,12,SQUIRREL,MAMMALS,small,S,8,43,139,124,2.9660929559796188,20.706827632391615,late
24,9,13,JAPAN,COUNTRIES,large,J,5,76,101,49,16.17052747121788,52.11253228414306,late
24,9,14,DRUM,INSTRUMENTS,large,D,4,223,145,154,55.91071827638304,24.447275872480816,late
24,9,15,SWITZERLAND,COUNTRIES,large,S,11,213,3,229,18.91262224554118,49.42595240993116,late
24,9,16,CHISEL,TOOLS,small,C,6,65,99,244,51.00652343518474,79.70061113391023,late
24,10,1,CAULIFLOWER,VEGETABLES,small,C,11,219,19,117,39.537446674471006,17.619205284156003,late
24,10,2,FOUNDATION,BUILDING RELATED,large,F,10,251,215,2,39.595246513677566,63.09314742871441,late
24,10,3,ONION,VEGETABLES,small,O,5,166,19,97,6.738378010863619,50.76582219390701,late
24,10,4,DAHLIA,FLOWERS,small,D,6,38,142,34,61.924515350002295,41.62126989879584,late
24,10,5,ELEVATOR,BUILDING RELATED,large,E,8,14,225,197,77.45395172397674,26.533408291862624,late
24,10,6,LOG,FLOWERS,small,L,3,213,108,108,68.3353944321885,35.17508641490745,late
24,10,7,FLOOR,BUILDING RELATED,large,F,5,237,241,39,17.056085923351148,31.201849680600883,late
24,10,8,PICKLE,VEGETABLES,small,P,6,209,51,121,83.49725193481976,11.632114135214445,late
24,10,9,SAUCER,KITCHEN-RELATED,small,S,6,150,97,194,55.64512154357077,37.212629665856554,late
24,10,10,GRIDDLE,KITCHEN-RELATED,small,G,7,88,55,240,82.0125049529692,0.9455880617553976,late
24,10,11,CARPET,BUILDING RELATED,large,C,6,186,106,33,17.376599430345774,24.14071262161785,late
24,10,12,DISH,KITCHEN-RELATED,small,D,4,70,198,49,31.67541797569669,81.6202160186803,late
24,10,13,AZALEA,FLOWERS,small,A,6,195,60,25,26.35226528152574,36.267876003222256,late
24,10,14,BROCCOLI,VEGETABLES,small,B,8,140,160,42,69.64952354621164,74.43413594484367,late
24,10,15,BUTTERCUP,FLOWERS,small,B,9,164,173,69,44.79935183222389,65.3767827814659,late
24,10,16,STRAINER,KITCHEN-RELATED,small,S,8,84,196,251,83.81462762297518,45.35382938017615,late
24,11,1,PINE,TREES,large,P,4,95,38,191,77.30725819998773,32.16049587602288,late
24,11,2,HAMMER,TOOLS,small,H,6,117,23,219,10.525495421838393,30.450843998928335,late
24,11,3,HICKORY,TREES,large,H,7,37,101,31,23.081592730285728,4.246626479822372,late
24,11,4,VIOLIN,INSTRUMENTS,large,V,6,248,74,201,21.255078924915345,69.7321394668915,late
24,11,5,PLUM,FRUITS,small,P,4,112,189,87,52.7608261818333,63.46421945214484,late
24,11,6,CELLO,INSTRUMENTS,large,C,5,57,63,237,63.444605645208334,65.8565798710977,late
24,11,7,MAPLE,TREES,large,M,5,185,61,198,50.60784821608137,61.08302000235132,late
24,11,8,RASPBERRY,FRUITS,small,R,9,212,72,201,68.64421047203545,15.772285290978335,late
24,11,9,SAXOPHONE,INSTRUMENTS,large,S,9,182,207,165,1.9594032637142733,22.328791932397962,late
24,11,10,WIRE,TOOLS,small,W,4,46,64,65,29.6061424554634,82.20458809898523,late
24,11,11,FIG,FRUITS,small,F,3,42,92,111,73.4044421117548,85.78753428961285,late
24,11,12,SCREWS,TOOLS,small,S,6,89,95,120,47.8004391345377,42.12704000225755,late
24,11,13,ELM,TREES,large,E,3,236,209,25,65.12308225691662,41.58220044450872,late
24,11,14,WEDGE,TOOLS,small,W,5,176,187,162,60.186876368237336,51.403402375087225,late
24,11,15,HONEYDEW,FRUITS,small,H,8,97,0,46,80.36702359697128,34.025935020201935,late
24,11,16,TRIANGLE,INSTRUMENTS,small,T,8,253,231,137,55.22224394927298,37.79811137696396,late
24,12,1,FACE,BODY PARTS,small,F,4,237,224,116,78.32615475153789,41.00953629005092,late
24,12,2,BARN,BUILDING RELATED,large,B,4,10,13,179,8.341424570833402,17.080247535337016,late
24,12,3,KNUCKLE,BODY PARTS,small,K,7,75,50,254,26.539685181858157,67.9665810531434,late
24,12,4,ROSE,FLOWERS,small,R,4,218,207,26,63.08789241450592,59.77704864675209,late
24,12,5,KITCHEN,BUILDING RELATED,large,K,7,184,204,32,18.28378233685553,26.027310831294407,late
24,12,6,HIPPOPOTAMUS,MAMMALS,large,H,12,15,167,106,51.124602973959746,14.188092071114582,late
24,12,7,PETUNIA,FLOWERS,small,P,7,164,161,126,33.38898585305216,38.8028764271171,late
24,12,8,DONKEY,MAMMALS,large,D,6,22,110,252,40.273246387197965,15.788180898504118,late
24,12,9,EAR,BODY PARTS,small,E,3,3,246,147,41.18934054813342,63.27306130051273,late
24,12,10,DOG,MAMMALS,large,D,3,80,8,186,75.4450974498073,82.7922516916547,late
24,12,11,CARNATION,FLOWERS,small,C,9,247,242,221,74.21320775112818,34.1322662806149,late
24,12,12,GAZEBO,BUILDING RELATED,large,G,6,148,239,239,28.564891010803095,13.607386387334673,late
24,12,13,ALCOVE,BUILDING RELATED,large,A,6,11,71,118,32.87731128104265,76.35454664998063,late
24,12,14,TULIP,FLOWERS,small,T,5,14,108,118,29.44162031683027,49.616230239675204,late
24,12,15,HEART,BODY PARTS,small,H,5,73,180,142,23.69255470125394,59.222917207608106,late
24,12,16,TIGER,MAMMALS,large,T,5,62,230,172,46.31643755664168,30.397624753219425,late
24,13,1,JUMPER,CLOTHING,small,J,6,113,240,241,43.60848917566546,15.404480303575594,late
24,13,2,BANJO,INSTRUMENTS,large,B,5,228,210,164,24.140178723487313,71.41030881928921,late
24,13,3,SPRUCE,TREES,large,S,6,86,235,57,49.67058409668659,16.647028817798457,late
24,13,4,HARMONICA,INSTRUMENTS,small,H,9,221,209,3,21.839110677474117,2.1074220781369277,late
24,13,5,ROBE,CLOTHING,small,R,4,14,101,175,75.39324713296601,77.27354007902653,late
24,13,6,SHIRT,CLOTHING,small,S,5,65,92,28,31.58727039479484,46.938603304425904,late
24,13,7,COTTONWOOD,TREES,large,C,10,132,2,128,33.13568002943492,59.119808963062795,late
24,13,8,EVERGREEN,TREES,large,E,9,218,73,197,48.77470735455111,33.80247236398906,late
24,13,9,BLENDER,KITCHEN-RELATED,large,B,7,205,85,52,58.787114082069756,45.70987481982972,late
24,13,10,BELT,CLOTHING,small,B,4,199,8,188,35.15166858298736,7.267166945302295,late
24,13,11,UKULELE,INSTRUMENTS,small,U,7,14,18,55,62.68450087834459,9.62018611037003,late
24,13,12,OAK,TREES,large,O,3,146,26,6,31.23893213860289,1.1553928190093554,late
24,13,13,MIXER,KITCHEN-RELATED,large,M,5,177,115,66,71.39702707945946,42.89700233486036,late
24,13,14,MARIMBA,INSTRUMENTS,large,M,7,111,239,61,26.537619154252077,54.65859417898804,late
24,13,15,COLANDER,KITCHEN-RELATED,small,C,8,26,76,93,11.791621185872911,71.67590620466532,late
24,13,16,CUP,KITCHEN-RELATED,small,C,3,148,40,28,82.58825268136951,1.88086988243271,late
24,14,1,MONKEY,MAMMALS,large,M,6,121,136,196,1.604492774914138,27.545751388366497,late
24,14,2,IOWA,STATES,large,I,4,42,23,223,77.35365036995677,1.7257708784176753,late
24,14,3,ANTELOPE,MAMMALS,large,A,8,90,187,155,45.31449713467308,53.9209266709093,late
24,14,4,CLEMENTINE,FRUITS,small,C,10,73,225,68,76.03364331595728,2.923025077582384,late
24,14,5,POMEGRANATE,FRUITS,small,P,11,162,38,167,23.392564282898427,53.439783193380734,late
24,14,6,MOOSE,MAMMALS,large,M,5,248,176,170,36.76271219025496,55.76812694372809,late
24,14,7,PANCREAS,BODY PARTS,small,P,8,110,200,8,72.09326221190624,55.876629343813605,late
24,14,8,LEMON,FRUITS,small,L,5,223,62,118,59.81259318723845,35.71352653846426,late
24,14,9,RACOON,MAMMALS,large,R,6,200,131,229,56.46174925395432,20.18484355309088,late
24,14,10,TONGUE,BODY PARTS,small,T,6,155,147,69,73.81838984319403,56.14429620023798,late
24,14,11,RIB,BODY PARTS,small,R,3,197,237,96,62.816232613569255,25.335866801737424,late
24,14,12,FLORIDA,STATES,large,F,7,147,68,220,29.81265645797568,49.78530488123696,late
24,14,13,PEAR,FRUITS,small,P,4,55,174,157,54.7522455012775,20.427457664441253,late
24,14,14,KANSAS,STATES,large,K,6,141,162,182,20.895041018785278,45.49068804995238,late
24,14,15,TOOTH,BODY PARTS,small,T,5,18,202,51,58.88218193334918,48.144267334285246,late
24,14,16,MICHIGAN,STATES,large,M,8,17,77,62,53.703186365240356,31.796388185420795,late
24,15,1,PHILADELPHIA,CITIES,large,P,12,102,143,170,61.88428500109691,51.073235583020036,late
24,15,2,WISCONSIN,STATES,large,W,9,174,205,226,45.05343411528546,13.284015297373763,late
24,15,3,NUTS,TOOLS,small,N,4,218,51,9,64.85011990327149,14.445276269026543,late
24,15,4,TOKYO,CITIES,large,T,5,244,146,39,17.88258649925493,74.18987589154519,late
24,15,5,CALIFORNIA,STATES,large,C,10,232,243,55,17.351179892231766,41.80257170857566,late
24,15,6,NECTARINE,FRUITS,small,N,9,121,149,46,43.373698445985504,25.2926806979137,late
24,15,7,RULER,TOOLS,small,R,5,67,196,209,18.556153870545995,77.86238263111616,late
24,15,8,VANCOUVER,CITIES,large,V,9,103,77,35,28.25904950573642,33.18613360225845,late
24,15,9,HAWAII,STATES,large,H,6,115,96,176,26.88364962660313,48.43819654218906,late
24,15,10,KUMQUAT,FRUITS,small,K,7,184,139,30,79.40148455097714,27.20106372562068,late
24,15,11,MANGO,FRUITS,small,M,5,217,231,138,76.12707818361677,72.102443958322,late
24,15,12,BANANA,FRUITS,small,B,6,216,27,60,53.86931881773235,72.98808971103243,late
24,15,13,VERMONT,STATES,large,V,7,144,152,0,5.5361388088844246,41.78854954506625,late
24,15,14,WASHER,TOOLS,small,W,6,184,12,135,18.787860163982533,31.24602777116671,late
24,15,15,JERUSALEM,CITIES,large,J,9,58,86,137,15.29915535579919,53.497867453719536,late
24,15,16,GLUE,TOOLS,small,G,4,248,184,141,53.191804333466905,69.30776051949074,late
25,0,1,BROILER,KITCHEN-RELATED,large,B,7,229,245,92,0.9362468429086357,67.88782608499005,early
25,0,2,THERMOMETER,KITCHEN-RELATED,small,T,11,41,211,134,65.4987179549459,64.77517118695039,early
25,0,3,OVEN,KITCHEN-RELATED,large,O,4,188,165,95,77.8303223200125,43.510145383332265,early
25,0,4,MUG,KITCHEN-RELATED,small,M,3,38,244,214,67.49997703318606,36.258169830391964,early
25,0,5,ARMS,BODY PARTS,large,A,4,7,12,125,67.80064147126382,20.70119973021069,early
25,0,6,HIP,BODY PARTS,small,H,3,195,196,107,74.24707900857719,7.8837419615619995,early
25,0,7,STOMACH,BODY PARTS,small,S,7,150,217,181,64.06095186684291,45.534785814500914,early
25,0,8,PELVIS,BODY PARTS,large,P,6,249,156,113,36.99278288202346,26.096227787340464,early
25,0,9,ROME,CITIES,large,R,4,72,225,7,25.18960995377375,81.37368072276546,early
25,0,10,MONTREAL,CITIES,large,M,8,181,74,232,17.446080666730882,66.19109623391695,early
25,0,11,DALLAS,CITIES,large,D,6,142,177,226,66.61563456258536,53.23078660700915,early
25,0,12,PARIS,CITIES,large,P,5,78,80,118,60.990314009157466,36.19190393621393,early
25,0,13,TRUMPET,INSTRUMENTS,large,T,7,78,180,79,39.87891926799427,6.503827903308337,early
25,0,14,TAMBOURINE,INSTRUMENTS,small,T,10,252,240,84,45.669447327784155,37.16815884401697,early
25,0,15,TUBA,INSTRUMENTS,large,T,4,12,32,55,3.4017617176013495,68.69297512568666,early
25,0,16,PICCOLO,INSTRUMENTS,small,P,7,243,113,75,69.09093994882798,64.30422693061092,early
25,1,1,RULER,TOOLS,small,R,5,56,150,22,78.60862048796893,67.32709786672935,early
25,1,2,WASHER,TOOLS,small,W,6,253,147,100,30.597365307032497,61.38786824798298,early
25,1,3,GLUE,TOOLS,small,G,4,90,173,176,70.38648095439137,80.85843301221706,early
25,1,4,NUTS,TOOLS,small,N,4,110,73,134,81.68753500553136,0.593252841749278,early
25,1,5,PHILADELPHIA,CITIES,large,P,12,98,27,105,73.41041456291194,20.90460266623664,early
25,1,6,TOKYO,CITIES,large,T,5,241,169,39,30.02916110604589,73.8613876223095,early
25,1,7,VANCOUVER,CITIES,large,V,9,142,107,130,45.43773984291752,71.25845390159384,early
25,1,8,JERUSALEM,CITIES,large,J,9,91,102,220,27.570897228939025,62.53148736782436,early
25,1,9,MANGO,FRUITS,small,M,5,171,6,86,48.55925111358224,16.439090157864346,early
25,1,10,NECTARINE,FRUITS,small,N,9,167,135,227,77.16734950499298,30.232559338845554,early
25,1,11,KUMQUAT,FRUITS,small,K,7,174,146,24,43.28621203416102,69.86552641911915,early
25,1,12,BANANA,FRUITS,small,B,6,38,198,210,34.55462207933595,75.69953187489917,early
25,1,13,VERMONT,STATES,large,V,7,243,17,1,6.9769405447445365,40.83078667052424,early
25,1,14,WISCONSIN,STATES,large,W,9,100,92,188,77.02429519362433,52.94770938844385,early
25,1,15,CALIFORNIA,STATES,large,C,10,105,253,7,17.857541200108628,39.39102275810837,early
25,1,16,HAWAII,STATES,large,H,6,227,140,20,2.9542037736384206,28.92109957957779,early
25,2,1,RUTABAGA,VEGETABLES,small,R,8,48,10,157,56.116563155493914,38.41936268606772,early
25,2,2,GINGER,VEGETABLES,small,G,6,88,26,227,62.670579393611604,12.616531274783906,early
25,2,3,PUMPKIN,VEGETABLES,large,P,7,28,198,55,63.969410223396785,75.87066708339489,early
25,2,4,OKRA,VEGETABLES,small,O,4,219,124,136,7.98878028899101,29.15781618033825,early
25,2,5,FOX,MAMMALS,large,F,3,43,221,26,20.04163496510436,63.36528771604281,early
25,2,6,RABBIT,MAMMALS,small,R,6,122,53,126,27.099724015404558,34.82017806665546,early
25,2,7,LLAMA,MAMMALS,large,L,5,107,197,180,74.66391328082457,35.500036834357516,early
25,2,8,RHINOCEROS,MAMMALS,large,R,10,50,234,152,45.805923062375086,54.35127599399941,early
25,2,9,TERMITE,INSECTS,small,T,7,43,108,172,43.88992331190395,47.14454127218392,early
25,2,10,BEETLE,INSECTS,small,B,6,17,99,164,15.055210257292138,4.417001399142686,early
25,2,11,WASP,INSECTS,small,W,4,215,174,245,2.2907575891257315,32.93100451494666,early
25,2,12,CHRYSALIS,INSECTS,small,C,9,148,44,201,63.59665561796042,12.780495724458907,early
25,2,13,OHIO,STATES,large,O,4,11,128,117,2.789305346346592,87.16151431994697,early
25,2,14,PENNSYLVANIA,STATES,large,P,12,169,151,143,77.44845728560723,19.948301633258524,early
25,2,15,TEXAS,STATES,large,T,5,156,243,119,42.74578569493395,44.73693900959772,early
25,2,16,ALASKA,STATES,large,A,6,169,180,239,79.05095343109117,9.911771319141494,early
25,3,1,FOUNDATION,BUILDING RELATED,large,F,10,232,61,212,82.59276678106667,13.613138708806458,early
25,3,2,ELEVATOR,BUILDING RELATED,large,E,8,100,30,120,23.554094231564605,50.50682836648795,early
25,3,3,FLOOR,BUILDING RELATED,large,F,5,117,246,158,68.59272732456427,0.8561961316911859,early
25,3,4,CARPET,BUILDING RELATED,large,C,6,139,97,151,47.106637917636625,43.887713487147444,early
25,3,5,DAHLIA,FLOWERS,small,D,6,7,233,164,6.660931659135584,51.18267771311944,early
25,3,6,BUTTERCUP,FLOWERS,small,B,9,153,244,191,8.994459301166483,51.68494641352676,early
25,3,7,AZALEA,FLOWERS,small,A,6,111,171,105,59.32396489774478,74.33252712548848,early
25,3,8,LOG,FLOWERS,small,L,3,11,26,250,49.44449424528513,47.25856078567317,early
25,3,9,ONION,VEGETABLES,small,O,5,96,203,9,13.498076390040247,51.04466187150826,early
25,3,10,BROCCOLI,VEGETABLES,small,B,8,15,174,8,32.36516869980221,44.29518797434075,early
25,3,11,PICKLE,VEGETABLES,small,P,6,152,88,244,78.77910868315901,35.04245463862889,early
25,3,12,CAULIFLOWER,VEGETABLES,small,C,11,200,129,36,58.41814220521711,46.94594427591505,early
25,3,13,DISH,KITCHEN-RELATED,small,D,4,177,197,199,10.795517042354724,86.79200710531272,early
25,3,14,STRAINER,KITCHEN-RELATED,small,S,8,63,235,96,56.9792427417663,64.22920697997984,early
25,3,15,GRIDDLE,KITCHEN-RELATED,small,G,7,155,197,41,14.182102023176032,29.84691428209199,early
25,3,16,SAUCER,KITCHEN-RELATED,small,S,6,36,23,206,68.27734478201471,35.366994532124984,early
25,4,1,RIB,BODY PARTS,small,R,3,124,17,206,4.277934431916151,10.547630239002377,early
25,4,2,TOOTH,BODY PARTS,small,T,5,58,114,187,66.81571473394352,49.229378415677814,early
25,4,3,TONGUE,BODY PARTS,small,T,6,29,156,245,64.48957294899263,3.3104073326727828,early
25,4,4,PANCREAS,BODY PARTS,small,P,8,60,18,61,73.01561803207508,64.13433905921703,early
25,4,5,CLEMENTINE,FRUITS,small,C,10,242,159,200,55.61847872381006,8.453937803670142,early
25,4,6,PEAR,FRUITS,small,P,4,165,170,234,2.7767627007206883,23.403953833750393,early
25,4,7,POMEGRANATE,FRUITS,small,P,11,163,178,218,24.874325318748745,23.804846037828845,early
25,4,8,LEMON,FRUITS,small,L,5,115,106,191,8.240258618485843,16.050952044265724,early
25,4,9,MONKEY,MAMMALS,large,M,6,76,22,45,58.706137573599605,45.312935718992556,early
25,4,10,RACOON,MAMMALS,large,R,6,213,72,241,5.3179211893398906,60.40475083530982,early
25,4,11,MOOSE,MAMMALS,large,M,5,37,97,195,47.33581741021916,8.387608040037914,early
25,4,12,ANTELOPE,MAMMALS,large,A,8,16,119,219,59.85690182727732,17.403365393156488,early
25,4,13,IOWA,STATES,large,I,4,166,116,32,54.16878430186863,23.989842297372324,early
25,4,14,FLORIDA,STATES,large,F,7,19,108,248,80.51646125484888,11.944671515345346,early
25,4,15,KANSAS,STATES,large,K,6,132,72,229,75.80141090270264,22.791078189716465,early
25,4,16,MICHIGAN,STATES,large,M,8,189,42,56,54.503888555888935,9.5095597158849,early
25,5,1,ASH,TREES,large,A,3,9,153,42,6.152947410326841,54.92028965313948,early
25,5,2,EUCALYPTUS,TREES,large,E,10,104,218,47,2.9183498208417715,61.03757729513707,early
25,5,3,WILLOW,TREES,large,W,6,137,243,124,53.68910259318413,77.22505440996046,early
25,5,4,POPLAR,TREES,large,P,6,90,182,94,7.0375521425918794,65.5353370441661,early
25,5,5,HAND,BODY PARTS,small,H,4,70,48,107,71.32230307445579,8.892023492027455,early
25,5,6,FINGER,BODY PARTS,small,F,6,144,211,17,68.1142364975446,38.60755730965891,early
25,5,7,LIP,BODY PARTS,small,L,3,184,38,152,37.32869970295486,53.86089097399254,early
25,5,8,ANKLE,BODY PARTS,small,A,5,220,119,244,1.211696834719188,51.293153654672864,early
25,5,9,BONGOS,INSTRUMENTS,large,B,6,166,8,115,25.14200047680163,73.48382217626818,early
25,5,10,GUITAR,INSTRUMENTS,large,G,6,178,68,59,71.81263626363501,66.72163397252298,early
25,5,11,XYLOPHONE,INSTRUMENTS,large,X,9,196,234,151,78.14929797668711,59.727484218208566,early
25,5,12,ACCORDION,INSTRUMENTS,large,A,9,147,117,4,81.09572472288389,46.666305228128685,early
25,5,13,WORM,INSECTS,small,W,4,91,154,176,35.12408703696807,38.340668337232444,early
25,5,14,SCORPION,INSECTS,small,S,8,144,238,188,17.464198074957153,53.27027823056962,early
25,5,15,MONARCH,INSECTS,small,M,7,97,161,233,41.668946287378006,45.75616400071639,early
25,5,16,LARVA,INSECTS,small,L,5,216,167,27,40.84064275768765,52.95897587123345,early
25,6,1,SPATULA,KITCHEN-RELATED,small,S,7,186,6,57,61.860534585386,57.31117499266712,early
25,6,2,POT,KITCHEN-RELATED,large,P,3,17,79,117,61.309304915005384,40.41284519899999,early
25,6,3,REFRIGERATOR,KITCHEN-RELATED,large,R,12,88,221,71,39.38344012216405,55.66006163809912,early
25,6,4,GLASS,KITCHEN-RELATED,small,G,5,116,69,39,59.85861690523678,39.7772577263566,early
25,6,5,HALL,BUILDING RELATED,large,H,4,7,103,166,61.82668563617481,19.938781694785376,early
25,6,6,CORRIDOR,BUILDING RELATED,large,C,8,193,148,96,67.4286034962211,6.577851382288841,early
25,6,7,DOOR,BUILDING RELATED,large,D,4,232,89,200,36.25107848663688,71.85880951389527,early
25,6,8,WINDOW,BUILDING RELATED,large,W,6,238,81,232,75.43093698407424,78.31469018810493,early
25,6,9,TANGELO,FRUITS,small,T,7,243,222,94,54.10676443913574,43.43519487654973,early
25,6,10,KIWI,FRUITS,small,K,4,197,94,116,34.243558203934434,47.27864874953177,early
25,6,11,STRAWBERRY,FRUITS,small,S,10,161,58,53,28.416296480802135,18.717911292728363,early
25,6,12,GUAVA,FRUITS,small,G,5,38,232,158,41.22134836914443,5.08241500910824,early
25,6,13,MOUSE,MAMMALS,small,M,5,120,196,14,63.88543769055905,75.37006965555047,early
25,6,14,COW,MAMMALS,large,C,3,150,134,108,13.19102599521663,41.4575971123094,early
25,6,15,GIRAFFE,MAMMALS,large,G,7,181,108,109,49.17142697019379,45.34029362742347,early
25,6,16,HORSE,MAMMALS,large,H,5,235,2,0,71.20550451685122,2.1034990150745014,early
25,7,1,KIDNEY,BODY PARTS,small,K,6,243,130,221,51.28534037593642,54.83242434117657,early
25,7,2,SHOULDER,BODY PARTS,small,S,8,147,80,2,25.270249147570315,58.01676661147013,early
25,7,3,ELBOW,BODY PARTS,small,E,5,97,163,155,80.10984174777428,39.971075654443396,early
25,7,4,FOOT,BODY PARTS,small,F,4,45,203,78,11.327044880404282,48.90063872936484,early
25,7,5,WOLF,MAMMALS,large,W,4,230,213,154,27.059182557396973,87.9544663274847,early
25,7,6,PANTHER,MAMMALS,large,P,7,251,213,101,68.47771697128678,8.81518442782896,early
25,7,7,GOAT,MAMMALS,large,G,4,26,29,211,51.355342623281395,16.119542531132556,early
25,7,8,SHEEP,MAMMALS,large,S,5,23,132,127,52.64508718725504,0.22674911929359887,early
25,7,9,ZUCCHINI,VEGETABLES,small,Z,8,30,110,167,29.062280721413018,74.26468297481343,early
25,7,10,SQUASH,VEGETABLES,small,S,6,113,47,105,76.54171036010925,19.65784253716217,early
25,7,11,AUBERGINE,VEGETABLES,small,A,9,167,45,166,70.96517540381666,60.840457760122135,early
25,7,12,OLIVE,VEGETABLES,small,O,5,229,231,34,27.66372805014041,45.31773483697833,early
25,7,13,TORONTO,CITIES,large,T,7,12,230,151,73.64747393930682,72.89503620761046,early
25,7,14,MIAMI,CITIES,large,M,5,125,109,216,29.377284207987593,81.98396811264142,early
25,7,15,STOCKHOLM,CITIES,large,S,9,239,231,79,79.88388249499938,2.3362167817291093,early
25,7,16,BOMBAY,CITIES,large,B,6,188,93,69,81.47744116376019,39.38861943070387,early
25,8,1,CUBA,COUNTRIES,large,C,4,64,66,125,66.17058401893055,38.304859017002364,late
25,8,2,EGYPT,COUNTRIES,large,E,5,181,47,248,53.68012095326949,81.52387468593012,late
25,8,3,LOBBY,BUILDING RELATED,large,L,5,211,131,73,74.70190305296673,74.45042498629124,late
25,8,4,FURNACE,BUILDING RELATED,large,F,7,136,81,81,68.94440906578025,35.71817202158946,late
25,8,5,CHIMNEY,BUILDING RELATED,large,C,7,111,154,138,62.249720482566104,65.86516225812986,late
25,8,6,BLOUSE,CLOTHING,small,B,6,110,128,63,51.60614149669034,57.73888328121731,late
25,8,7,CAMISOLE,CLOTHING,small,C,8,211,168,236,43.81936691327171,39.06040669524701,late
25,8,8,SPINACH,VEGETABLES,small,S,7,223,13,11,40.85878449984593,6.040388558002964,late
25,8,9,GARLIC,VEGETABLES,small,G,6,239,70,166,74.30918877347135,57.72352156360323,late
25,8,10,GERMANY,COUNTRIES,large,G,7,46,48,181,39.860466881944,5.234091445969344,late
25,8,11,SUIT,CLOTHING,small,S,4,159,38,24,75.70656902526896,12.758950773418702,late
25,8,12,CLOSET,BUILDING RELATED,large,C,6,0,40,165,66.71668845918208,31.963168748622635,late
25,8,13,ARTICHOKE,VEGETABLES,small,A,9,85,252,242,23.71191151944518,59.99641485160346,late
25,8,14,IRAN,COUNTRIES,large,I,4,3,34,237,20.302304894079708,61.862342940344355,late
25,8,15,POTATO,VEGETABLES,small,P,6,151,5,67,8.683835733258206,64.03926047858243,late
25,8,16,JACKET,CLOTHING,small,J,6,29,224,234,76.27168947962748,55.908441395031446,late
25,9,1,UKULELE,INSTRUMENTS,small,U,7,150,242,145,43.382032296075046,58.21592273237894,late
25,9,2,OAK,TREES,large,O,3,250,27,5,22.494416796507696,14.055930768184103,late
25,9,3,MIXER,KITCHEN-RELATED,large,M,5,234,231,233,69.23175960600544,19.396347951473217,late
25,9,4,EVERGREEN,TREES,large,E,9,9,254,163,22.52160034294476,64.66784925074386,late
25,9,5,COLANDER,KITCHEN-RELATED,small,C,8,222,30,68,27.165508625148178,71.65518134775954,late
25,9,6,ROBE,CLOTHING,small,R,4,189,8,101,25.943287285282654,20.900833643548896,late
25,9,7,MARIMBA,INSTRUMENTS,large,M,7,99,64,39,57.771957446214685,62.120963738137526,late
25,9,8,BLENDER,KITCHEN-RELATED,large,B,7,83,28,12,78.95287945427705,27.27407093280673,late
25,9,9,BELT,CLOTHING,small,B,4,45,145,171,26.26921495793776,81.16601916169836,late
25,9,10,SPRUCE,TREES,large,S,6,75,32,3,16.112571792008413,56.234878762656535,late
25,9,11,CUP,KITCHEN-RELATED,small,C,3,70,102,168,78.39075508785776,41.74238394010196,late
25,9,12,SHIRT,CLOTHING,small,S,5,74,55,153,25.079986568865372,28.676781113513126,late
25,9,13,COTTONWOOD,TREES,large,C,10,108,85,26,84.3082886930299,34.13863889350877,late
25,9,14,JUMPER,CLOTHING,small,J,6,115,71,102,4.542080513245875,10.016153776416893,late
25,9,15,BANJO,INSTRUMENTS,large,B,5,57,224,122,53.33296119420623,9.897599642331269,late
25,9,16,HARMONICA,INSTRUMENTS,small,H,9,208,252,44,77.66468097459855,52.670556696316076,late
25,10,1,HAMMER,TOOLS,small,H,6,94,185,246,18.8900553565516,6.306689601781739,late
25,10,2,HICKORY,TREES,large,H,7,215,210,124,35.743010550658404,76.75841236672011,late
25,10,3,TRIANGLE,INSTRUMENTS,small,T,8,225,235,240,16.916604750970222,57.28738388613656,late
25,10,4,RASPBERRY,FRUITS,small,R,9,152,123,196,77.69220109793564,46.09920888810074,late
25,10,5,VIOLIN,INSTRUMENTS,large,V,6,34,166,106,44.63012629791739,54.04761483337897,late
25,10,6,PLUM,FRUITS,small,P,4,169,108,202,47.389884586102774,8.62752855400287,late
25,10,7,FIG,FRUITS,small,F,3,175,226,54,74.16784373965696,55.808902626949774,late
25,10,8,SAXOPHONE,INSTRUMENTS,large,S,9,206,185,70,54.68582309362787,3.9732938728969596,late
25,10,9,ELM,TREES,large,E,3,134,147,40,68.51004025158241,5.173950359846132,late
25,10,10,MAPLE,TREES,large,M,5,169,103,244,73.46944671794252,68.56712174804123,late
25,10,11,WIRE,TOOLS,small,W,4,150,253,156,53.05975014350245,62.22449614267157,late
25,10,12,WEDGE,TOOLS,small,W,5,209,237,38,67.71144728234083,51.066792508466335,late
25,10,13,CELLO,INSTRUMENTS,large,C,5,47,87,42,2.4025095412024466,67.1413639945812,late
25,10,14,SCREWS,TOOLS,small,S,6,224,187,189,56.9309017497779,30.1259070495911,late
25,10,15,HONEYDEW,FRUITS,small,H,8,94,81,64,83.34652289927249,75.19695513854464,late
25,10,16,PINE,TREES,large,P,4,219,233,178,59.155578877868074,30.673029025638506,late
25,11,1,ENGLAND,COUNTRIES,large,E,7,81,8,32,2.373786997132795,18.408217788248365,late
25,11,2,CHISEL,TOOLS,small,C,6,87,96,108,8.318315823409886,81.13138211667469,late
25,11,3,PIANO,INSTRUMENTS,large,P,5,183,177,88,53.13529042372413,15.431137246745749,late
25,11,4,DRUM,INSTRUMENTS,large,D,4,137,28,181,51.795760055224584,9.17259364247892,late
25,11,5,CAT,MAMMALS,large,C,3,147,97,25,30.439812519882864,19.35368258245999,late
25,11,6,FERRET,MAMMALS,small,F,6,162,33,185,54.3416175508225,6.193842559582304,late
25,11,7,KAZOO,INSTRUMENTS,small,K,5,79,217,111,39.3771706959768,32.995810349562255,late
25,11,8,PROTRACTOR,TOOLS,small,P,10,201,20,36,60.05365836237827,53.01999140702481,late
25,11,9,CLARINET,INSTRUMENTS,small,C,8,4,213,195,75.40469681815016,46.37197412784374,late
25,11,10,FRANCE,COUNTRIES,large,F,6,158,227,206,66.84371510356698,62.6742918190055,late
25,11,11,LEOPARD,MAMMALS,large,L,7,16,129,186,21.452769004509744,26.55207640272703,late
25,11,12,SAW,TOOLS,small,S,3,129,34,207,70.89243686914796,72.35206046530284,late
25,11,13,SQUIRREL,MAMMALS,small,S,8,29,144,10,26.117775498386386,34.161169541866,late
25,11,14,BOLTS,TOOLS,small,B,5,195,74,73,83.122088046235,17.25672949514154,late
25,11,15,SWITZERLAND,COUNTRIES,large,S,11,193,235,86,76.13843512290367,46.05393363257114,late
25,11,16,JAPAN,COUNTRIES,large,J,5,63,65,172,32.280275740425736,75.10688269637923,late
25,12,1,ELEPHANT,MAMMALS,large,E,8,59,247,23,18.953816117131513,18.04990936073178,late
25,12,2,ZEBRA,MAMMALS,large,Z,5,116,111,17,82.76116220143747,18.66962263317073,late
25,12,3,CELERY,VEGETABLES,small,C,6,20,185,32,42.66294998301552,42.98225443209991,late
25,12,4,VIOLA,INSTRUMENTS,large,V,5,208,135,73,48.96939750800814,32.328942642463794,late
25,12,5,LION,MAMMALS,large,L,4,215,168,38,44.44982022043152,16.090166370049296,late
25,12,6,YAMS,VEGETABLES,small,Y,4,15,170,26,11.88450827237113,66.24957977713893,late
25,12,7,BASS,INSTRUMENTS,large,B,4,176,208,165,61.483255691540464,43.03750599295665,late
25,12,8,ETHIOPIA,COUNTRIES,large,E,8,221,11,184,42.16926024837477,37.169951482276055,late
25,12,9,POLAND,COUNTRIES,large,P,6,0,231,107,27.582656198692003,58.37920949140891,late
25,12,10,AUSTRALIA,COUNTRIES,large,A,9,94,147,168,73.23461848814593,52.842301013724516,late
25,12,11,CARROT,VEGETABLES,small,C,6,39,13,207,19.817825547441373,56.033764192450306,late
25,12,12,MARACAS,INSTRUMENTS,small,M,7,76,138,167,24.891556915075103,40.76813166193576,late
25,12,13,ITALY,COUNTRIES,large,I,5,135,220,199,38.87572022799526,83.68909904242533,late
25,12,14,LETTUCE,VEGETABLES,small,L,7,189,32,37,29.471943925484307,4.364513840927568,late
25,12,15,PIG,MAMMALS,large,P,3,122,231,239,36.18115514199265,90.71680424087101,late
25,12,16,TROMBONE,INSTRUMENTS,large,T,8,101,182,142,4.965439825841502,64.44051856316169,late
25,13,1,KNUCKLE,BODY PARTS,small,K,7,180,200,152,57.57732187930231,58.9982466800026,late
25,13,2,TULIP,FLOWERS,small,T,5,32,91,99,84.82182938125577,58.973695672852564,late
25,13,3,DOG,MAMMALS,large,D,3,223,194,133,72.53045766384116,0.6346781319934371,late
25,13,4,ALCOVE,BUILDING RELATED,large,A,6,53,202,234,7.818136649646684,57.35039164671578,late
25,13,5,PETUNIA,FLOWERS,small,P,7,69,122,111,82.8144983376107,41.54411547663826,late
25,13,6,ROSE,FLOWERS,small,R,4,186,19,103,51.31464326777848,37.4015789838057,late
25,13,7,TIGER,MAMMALS,large,T,5,5,57,28,48.197114110209554,34.56482719055155,late
25,13,8,FACE,BODY PARTS,small,F,4,36,173,20,83.69617198754004,72.97813195548926,late
25,13,9,HIPPOPOTAMUS,MAMMALS,large,H,12,223,172,135,47.65964915706733,29.178772551841035,late
25,13,10,HEART,BODY PARTS,small,H,5,243,58,22,59.45965665333012,25.48000597799846,late
25,13,11,BARN,BUILDING RELATED,large,B,4,157,67,19,24.16578032671424,87.36579849615677,late
25,13,12,GAZEBO,BUILDING RELATED,large,G,6,48,169,76,79.78599366593679,56.507196222515866,late
25,13,13,EAR,BODY PARTS,small,E,3,177,102,130,4.032068887878881,50.32379640890025,late
25,13,14,CARNATION,FLOWERS,small,C,9,39,85,43,16.231924777558646,61.18106255523479,late
25,13,15,DONKEY,MAMMALS,large,D,6,183,214,37,20.61326010384242,35.99723619037181,late
25,13,16,KITCHEN,BUILDING RELATED,large,K,7,124,57,242,83.40413494684768,17.305738612883346,late
25,14,1,TROUSERS,CLOTHING,small,T,8,39,230,134,68.47895223082796,72.03970796355891,late
25,14,2,GLOVES,CLOTHING,small,G,6,239,179,118,32.500602327214565,74.37562685800036,late
25,14,3,MOSQUITO,INSECTS,small,M,8,63,78,214,41.66672142835666,36.71774697324355,late
25,14,4,HORNET,INSECTS,small,H,6,25,53,149,21.05434536434385,0.8854395866145559,late
25,14,5,PALM,TREES,large,P,4,254,83,127,24.303532969996795,1.912408424742761,late
25,14,6,SYCAMORE,TREES,large,S,8,4,22,107,79.02453434583006,11.428415913369825,late
25,14,7,SYDNEY,CITIES,large,S,6,179,183,189,51.55908615795798,24.430436743948835,late
25,14,8,MANTIS,INSECTS,small,M,6,82,47,246,5.795706809697415,77.06837718785886,late
25,14,9,TEAK,TREES,large,T,4,108,160,122,76.05780872230692,15.751000752164002,late
25,14,10,RENO,CITIES,large,R,4,153,228,199,45.33788508798857,31.227889667411056,late
25,14,11,SWEATER,CLOTHING,small,S,7,99,83,85,18.389043574850575,42.37088509510833,late
25,14,12,BERLIN,CITIES,large,B,6,10,160,249,21.76797439242128,19.309562120564593,late
25,14,13,CHICAGO,CITIES,large,C,7,100,9,231,38.3671513631837,5.5353389948164855,late
25,14,14,CEDAR,TREES,large,C,5,20,164,27,26.24538274586766,6.4118652572144015,late
25,14,15,BRA,CLOTHING,small,B,3,6,4,190,82.49155529231984,25.559104001421098,late
25,14,16,MILLIPEDE,INSECTS,small,M,9,102,100,165,7.868005165019968,54.52618159827064,late
25,15,1,UNDERWEAR,CLOTHING,small,U,9,145,250,186,39.46511610573146,68.54256642152284,late
25,15,2,KNIFE,KITCHEN-RELATED,small,K,5,67,242,20,64.59417835158555,26.753156827553713,late
25,15,3,GIRDLE,CLOTHING,small,G,6,248,64,73,40.94130103711764,48.55619191496583,late
25,15,4,NARCISSUS,FLOWERS,small,N,9,22,171,142,71.14237669641284,62.159584762425425,late
25,15,5,TOASTER,KITCHEN-RELATED,large,T,7,168,97,9,60.2867982173705,18.53174900044604,late
25,15,6,DRESS,CLOTHING,small,D,5,241,207,245,80.82412693374226,5.0507489899333,late
25,15,7,LILY,FLOWERS,small,L,4,44,214,169,8.855086732088601,33.06725244029677,late
25,15,8,SUNFLOWER,FLOWERS,small,S,9,101,154,102,28.158197967663362,24.016360750817274,late
25,15,9,UTAH,STATES,large,U,4,236,244,51,51.56879820136636,54.11414037893252,late
25,15,10,FORK,KITCHEN-RELATED,small,F,4,49,53,105,14.287547303952072,10.509375520942982,late
25,15,11,DAISY,FLOWERS,small,D,5,150,43,104,57.35660250168229,70.57426850497974,late
25,15,12,SKILLET,KITCHEN-RELATED,large,S,7,52,222,152,40.397221023645834,63.13479126168516,late
25,15,13,ARIZONA,STATES,large,A,7,62,237,241,14.340967138614152,15.88862483270517,late
25,15,14,MONTANA,STATES,large,M,7,90,144,95,5.258425526237335,58.00239729097079,late
25,15,15,MAINE,STATES,large,M,5,210,53,236,7.636124120831038,16.817729332800166,late
25,15,16,PANTS,CLOTHING,small,P,5,179,51,81,48.75047368428925,22.22042029341477,late
26,0,1,ROBE,CLOTHING,small,R,4,201,134,41,22.70477328189023,23.21381921790234,early
26,0,2,JUMPER,CLOTHING,small,J,6,12,193,168,2.3308873261172747,61.279236718112855,early
26,0,3,BELT,CLOTHING,small,B,4,10,171,16,75.50427488032956,0.07929905610779642,early
26,0,4,SHIRT,CLOTHING,small,S,5,124,114,237,20.238483724683235,6.850606369311234,early
26,0,5,SPRUCE,TREES,large,S,6,177,35,121,79.31057860887483,20.20195693670746,early
26,0,6,OAK,TREES,large,O,3,136,216,218,64.82911544168971,11.24393484594958,early
26,0,7,EVERGREEN,TREES,large,E,9,29,217,141,79.87325071344598,30.149621054137988,early
26,0,8,COTTONWOOD,TREES,large,C,10,147,242,36,81.59541049418974,45.36954855803888,early
26,0,9,UKULELE,INSTRUMENTS,small,U,7,59,99,87,2.039633045193281,28.97286109516412,early
26,0,10,BANJO,INSTRUMENTS,large,B,5,128,121,97,81.71214846216033,67.54989859804978,early
26,0,11,HARMONICA,INSTRUMENTS,small,H,9,80,182,216,37.49253461436547,65.36295887723524,early
26,0,12,MARIMBA,INSTRUMENTS,large,M,7,203,81,138,18.17358572736645,53.27964804114437,early
26,0,13,CUP,KITCHEN-RELATED,small,C,3,82,128,118,44.32992616831873,43.088397880591266,early
26,0,14,MIXER,KITCHEN-RELATED,large,M,5,44,144,147,74.89408058218622,83.38281993334685,early
26,0,15,COLANDER,KITCHEN-RELATED,small,C,8,248,119,142,80.09070039217718,58.25152492989728,early
26,0,16,BLENDER,KITCHEN-RELATED,large,B,7,223,245,133,80.98386981710233,46.388576593427366,early
26,1,1,PANCREAS,BODY PARTS,small,P,8,131,4,185,28.600414859959756,9.749014601631742,early
26,1,2,TONGUE,BODY PARTS,small,T,6,71,9,187,5.649082454253173,66.43184695822734,early
26,1,3,TOOTH,BODY PARTS,small,T,5,107,9,211,9.365095491452456,53.07311269329806,early
26,1,4,RIB,BODY PARTS,small,R,3,22,31,62,84.62439973110811,43.4334992270015,early
26,1,5,FLORIDA,STATES,large,F,7,25,61,163,3.3217735416788097,50.31727310493728,early
26,1,6,MICHIGAN,STATES,large,M,8,187,81,43,78.86050699438131,46.803169053858014,early
26,1,7,KANSAS,STATES,large,K,6,71,144,111,20.09317950456776,74.90656924021847,early
26,1,8,IOWA,STATES,large,I,4,35,177,248,45.20863203195999,52.12876064381183,early
26,1,9,CLEMENTINE,FRUITS,small,C,10,179,178,11,60.490190488061245,29.4728898575543,early
26,1,10,PEAR,FRUITS,small,P,4,246,213,192,53.08230597111918,66.51777952574876,early
26,1,11,POMEGRANATE,FRUITS,small,P,11,92,116,46,15.129077266961804,23.460374901106317,early
26,1,12,LEMON,FRUITS,small,L,5,221,95,31,3.6628602779315544,55.41177598833799,early
26,1,13,MONKEY,MAMMALS,large,M,6,126,247,213,23.24897029297474,46.35823576406857,early
26,1,14,ANTELOPE,MAMMALS,large,A,8,140,147,186,62.605738093043776,38.71363795604995,early
26,1,15,MOOSE,MAMMALS,large,M,5,138,245,236,31.3132952561523,22.590366235798065,early
26,1,16,RACOON,MAMMALS,large,R,6,175,150,51,64.23111779859016,55.90117579160301,early
26,2,1,MARACAS,INSTRUMENTS,small,M,7,81,91,244,39.80631424619189,60.77366720568211,early
26,2,2,TROMBONE,INSTRUMENTS,large,T,8,115,171,41,64.22899550922561,0.9384350760378908,early
26,2,3,VIOLA,INSTRUMENTS,large,V,5,213,64,77,41.72117376657546,73.274857354806,early
26,2,4,BASS,INSTRUMENTS,large,B,4,228,109,149,28.435376339665357,21.304892999828752,early
26,2,5,ITALY,COUNTRIES,large,I,5,105,219,82,15.16874562388773,4.017301005046225,early
26,2,6,AUSTRALIA,COUNTRIES,large,A,9,91,172,189,43.917375490196584,39.43647438709188,early
26,2,7,POLAND,COUNTRIES,large,P,6,76,158,90,25.028962627202183,4.0654260590096944,early
26,2,8,ETHIOPIA,COUNTRIES,large,E,8,22,225,137,34.392531327341274,27.19891359399988,early
26,2,9,LION,MAMMALS,large,L,4,93,3,105,5.695896466225223,37.87220390909576,early
26,2,10,ELEPHANT,MAMMALS,large,E,8,102,206,211,52.50080348495129,48.83305574030829,early
26,2,11,ZEBRA,MAMMALS,large,Z,5,1,249,185,64.71970557017342,60.678301820092244,early
26,2,12,PIG,MAMMALS,large,P,3,216,227,105,26.05189170723071,33.64547430526341,early
26,2,13,LETTUCE,VEGETABLES,small,L,7,144,43,170,83.90050223701817,12.074244554886231,early
26,2,14,YAMS,VEGETABLES,small,Y,4,104,93,163,78.71114263428849,40.17815267519951,early
26,2,15,CARROT,VEGETABLES,small,C,6,249,164,63,70.3555243904646,70.23131869074929,early
26,2,16,CELERY,VEGETABLES,small,C,6,14,197,104,12.325703857980654,33.698959242674114,early
26,3,1,STRAWBERRY,FRUITS,small,S,10,26,63,234,52.67317335339417,62.61425763292152,early
26,3,2,TANGELO,FRUITS,small,T,7,242,170,12,21.846566055447422,43.73685869992211,early
26,3,3,KIWI,FRUITS,small,K,4,30,94,144,78.84123447276711,69.93052699255261,early
26,3,4,GUAVA,FRUITS,small,G,5,191,223,149,66.18299552027196,22.878705600597023,early
26,3,5,REFRIGERATOR,KITCHEN-RELATED,large,R,12,199,151,53,8.603304852749726,43.69414842945173,early
26,3,6,SPATULA,KITCHEN-RELATED,small,S,7,123,169,186,79.94942804498716,73.26731654980026,early
26,3,7,GLASS,KITCHEN-RELATED,small,G,5,28,58,27,17.662056348039947,1.8050555750949615,early
26,3,8,POT,KITCHEN-RELATED,large,P,3,196,253,135,64.15736626233412,60.32596372005511,early
26,3,9,GIRAFFE,MAMMALS,large,G,7,19,59,116,57.32089728573101,6.985247113101589,early
26,3,10,COW,MAMMALS,large,C,3,67,253,167,20.0116104943825,22.209706192836265,early
26,3,11,HORSE,MAMMALS,large,H,5,134,215,28,83.37293894163344,9.392728595531853,early
26,3,12,MOUSE,MAMMALS,small,M,5,166,167,93,3.2629646325188033,18.76939272998557,early
26,3,13,CORRIDOR,BUILDING RELATED,large,C,8,251,170,61,59.19511475026006,47.61593829067186,early
26,3,14,WINDOW,BUILDING RELATED,large,W,6,134,96,6,66.40327064027632,52.77178184773527,early
26,3,15,DOOR,BUILDING RELATED,large,D,4,57,48,131,13.617440834915481,81.72543766579255,early
26,3,16,HALL,BUILDING RELATED,large,H,4,20,91,47,9.477149597447724,27.280762989910194,early
26,4,1,DRESS,CLOTHING,small,D,5,57,7,235,15.639330317522955,71.49105088481201,early
26,4,2,PANTS,CLOTHING,small,P,5,117,237,215,38.96138463509806,53.86383456809741,early
26,4,3,UNDERWEAR,CLOTHING,small,U,9,103,23,122,64.1221684089843,3.1566052495450716,early
26,4,4,GIRDLE,CLOTHING,small,G,6,251,104,229,51.5800716349326,66.2044437307417,early
26,4,5,SUNFLOWER,FLOWERS,small,S,9,228,201,126,22.55390069658007,12.948787914490136,early
26,4,6,NARCISSUS,FLOWERS,small,N,9,67,167,64,6.83041925696616,52.87981299070822,early
26,4,7,LILY,FLOWERS,small,L,4,213,70,31,59.46334313455275,21.30864474657858,early
26,4,8,DAISY,FLOWERS,small,D,5,58,101,251,9.579917795946805,70.24169424607426,early
26,4,9,KNIFE,KITCHEN-RELATED,small,K,5,178,90,28,67.99935417001485,23.68972802794928,early
26,4,10,SKILLET,KITCHEN-RELATED,large,S,7,107,174,106,30.67150906642301,49.97122587391223,early
26,4,11,TOASTER,KITCHEN-RELATED,large,T,7,188,239,136,5.359317796366518,74.79323654683729,early
26,4,12,FORK,KITCHEN-RELATED,small,F,4,46,4,147,23.21984937330522,9.053680767200971,early
26,4,13,MONTANA,STATES,large,M,7,155,69,1,66.36309447020776,70.81225358329264,early
26,4,14,ARIZONA,STATES,large,A,7,119,197,247,44.83361972720089,7.727918135331132,early
26,4,15,UTAH,STATES,large,U,4,117,142,31,40.50887903990748,81.06698337118469,early
26,4,16,MAINE,STATES,large,M,5,178,53,4,6.562963683675385,30.329347201905318,early
26,5,1,SQUIRREL,MAMMALS,small,S,8,98,85,8,82.96042832182214,61.11439080681733,early
26,5,2,LEOPARD,MAMMALS,large,L,7,21,115,70,7.478937805954794,4.053240713286611,early
26,5,3,FERRET,MAMMALS,small,F,6,104,227,131,45.04960331688641,57.38971789292207,early
26,5,4,CAT,MAMMALS,large,C,3,29,103,22,83.88570691487259,81.82999931803938,early
26,5,5,PIANO,INSTRUMENTS,large,P,5,144,14,232,48.21914117643697,10.212174489783889,early
26,5,6,KAZOO,INSTRUMENTS,small,K,5,37,249,149,40.52751040666921,34.34022579976437,early
26,5,7,DRUM,INSTRUMENTS,large,D,4,224,61,27,56.200344453275505,66.81002463960805,early
26,5,8,CLARINET,INSTRUMENTS,small,C,8,1,177,43,25.759838066894527,41.25105035841997,early
26,5,9,FRANCE,COUNTRIES,large,F,6,32,200,61,34.429999708168296,71.12897959297514,early
26,5,10,ENGLAND,COUNTRIES,large,E,7,210,4,111,81.65852481252283,71.66692357622222,early
26,5,11,JAPAN,COUNTRIES,large,J,5,225,240,150,22.69775165188709,18.17500318886892,early
26,5,12,SWITZERLAND,COUNTRIES,large,S,11,140,249,14,7.454305124003734,22.297165180153375,early
26,5,13,CHISEL,TOOLS,small,C,6,168,51,207,7.962788304401873,12.426535911212346,early
26,5,14,SAW,TOOLS,small,S,3,18,27,74,49.28816796283502,35.87778696044491,early
26,5,15,PROTRACTOR,TOOLS,small,P,10,163,160,217,13.229597650513599,60.619788864529426,early
26,5,16,BOLTS,TOOLS,small,B,5,35,103,253,80.77950910563708,15.696834771497945,early
26,6,1,STOCKHOLM,CITIES,large,S,9,81,210,195,26.139598412190523,68.32764952455605,early
26,6,2,BOMBAY,CITIES,large,B,6,168,47,175,83.20278265437639,54.17579263113231,early
26,6,3,TORONTO,CITIES,large,T,7,81,122,206,38.20595918711832,24.578095804295774,early
26,6,4,MIAMI,CITIES,large,M,5,24,244,116,76.83610848526266,15.025405063677637,early
26,6,5,SHOULDER,BODY PARTS,small,S,8,16,91,19,39.02378469240716,71.4845533639809,early
26,6,6,FOOT,BODY PARTS,small,F,4,172,222,46,45.525856431062415,82.17918340172407,early
26,6,7,KIDNEY,BODY PARTS,small,K,6,133,224,80,40.89910471160949,5.444425311847218,early
26,6,8,ELBOW,BODY PARTS,small,E,5,78,237,110,51.376904592430144,65.51797413915868,early
26,6,9,SHEEP,MAMMALS,large,S,5,74,202,112,48.33088712781917,58.999819667792885,early
26,6,10,PANTHER,MAMMALS,large,P,7,3,174,13,81.18258743201169,49.94312045041104,early
26,6,11,GOAT,MAMMALS,large,G,4,108,200,148,34.28010608525022,71.74490740247573,early
26,6,12,WOLF,MAMMALS,large,W,4,207,0,161,57.26156841148498,32.411354873060176,early
26,6,13,OLIVE,VEGETABLES,small,O,5,115,109,13,4.481569857228811,11.19723369283547,early
26,6,14,AUBERGINE,VEGETABLES,small,A,9,216,220,118,41.70654475637057,26.42146679435165,early
26,6,15,ZUCCHINI,VEGETABLES,small,Z,8,236,189,244,23.059481764060184,49.040549785013084,early
26,6,16,SQUASH,VEGETABLES,small,S,6,99,231,209,54.80816062793522,52.19078347144178,early
26,7,1,HAWAII,STATES,large,H,6,29,15,76,37.441721707993935,78.0265280507583,early
26,7,2,WISCONSIN,STATES,large,W,9,253,146,77,58.60846506166766,55.54328546926225,early
26,7,3,VERMONT,STATES,large,V,7,51,127,241,15.792831397071478,72.42602051565342,early
26,7,4,CALIFORNIA,STATES,large,C,10,206,2,239,59.82071987310332,68.77536462789337,early
26,7,5,NUTS,TOOLS,small,N,4,128,216,248,36.533892439221816,58.95250092510119,early
26,7,6,WASHER,TOOLS,small,W,6,35,94,104,48.78336726779108,48.309914615268305,early
26,7,7,GLUE,TOOLS,small,G,4,107,13,64,50.92968495229397,72.36085818628821,early
26,7,8,RULER,TOOLS,small,R,5,90,134,67,4.238193409762289,75.88183331692252,early
26,7,9,NECTARINE,FRUITS,small,N,9,166,4,217,47.85444362779813,20.74100191828164,early
26,7,10,KUMQUAT,FRUITS,small,K,7,94,115,60,51.88349261589391,1.5020990073442138,early
26,7,11,BANANA,FRUITS,small,B,6,184,112,218,1.0035496906413988,67.63074306981134,early
26,7,12,MANGO,FRUITS,small,M,5,185,37,86,58.18002545786058,75.01254577673373,early
26,7,13,JERUSALEM,CITIES,large,J,9,156,250,167,71.91990621030014,23.23966478398819,early
26,7,14,TOKYO,CITIES,large,T,5,115,27,242,54.090273143323856,55.78168960050013,early
26,7,15,VANCOUVER,CITIES,large,V,9,117,59,185,44.078726300127414,58.42569491030478,early
26,7,16,PHILADELPHIA,CITIES,large,P,12,37,59,85,43.19793421129147,51.93205581634959,early
26,8,1,JACKET,CLOTHING,small,J,6,109,143,94,69.10999967111911,59.7181222059104,late
26,8,2,ARTICHOKE,VEGETABLES,small,A,9,175,88,141,20.8599928434193,40.555745676146906,late
26,8,3,CAMISOLE,CLOTHING,small,C,8,110,152,159,20.206293098915353,5.208020827633296,late
26,8,4,EGYPT,COUNTRIES,large,E,5,218,214,223,54.34822220476923,5.268234419748525,late
26,8,5,POTATO,VEGETABLES,small,P,6,48,68,210,73.53820791810159,7.127747208555193,late
26,8,6,GERMANY,COUNTRIES,large,G,7,155,32,149,2.1569367747947488,44.43625619246159,late
26,8,7,CLOSET,BUILDING RELATED,large,C,6,0,200,34,26.816772135059356,12.83974784536784,late
26,8,8,LOBBY,BUILDING RELATED,large,L,5,87,36,202,25.28573769377135,42.48610818077786,late
26,8,9,CUBA,COUNTRIES,large,C,4,102,208,37,27.87956104176692,25.171415267794657,late
26,8,10,BLOUSE,CLOTHING,small,B,6,151,219,226,64.83656832816402,34.78781855217035,late
26,8,11,CHIMNEY,BUILDING RELATED,large,C,7,111,69,145,64.82382124327025,22.85825390441094,late
26,8,12,IRAN,COUNTRIES,large,I,4,211,176,9,44.061477874443355,85.26007801409186,late
26,8,13,FURNACE,BUILDING RELATED,large,F,7,133,108,76,78.20491418055651,32.73766471994258,late
26,8,14,SUIT,CLOTHING,small,S,4,184,173,241,45.7228403589934,24.826662645431952,late
26,8,15,GARLIC,VEGETABLES,small,G,6,91,50,15,12.441698895143738,59.813010016280536,late
26,8,16,SPINACH,VEGETABLES,small,S,7,38,27,31,56.855603079250656,31.19455043232562,late
26,9,1,SYDNEY,CITIES,large,S,6,247,101,239,67.16318586917994,79.25271786267652,late
26,9,2,BERLIN,CITIES,large,B,6,169,237,26,20.225181975353326,52.73973249878958,late
26,9,3,SYCAMORE,TREES,large,S,8,137,141,201,25.01450953010038,35.69004543729021,late
26,9,4,RENO,CITIES,large,R,4,135,234,99,67.54255884792728,87.8447224238038,late
26,9,5,GLOVES,CLOTHING,small,G,6,205,144,8,78.32260893783261,69.04987583904492,late
26,9,6,PALM,TREES,large,P,4,157,190,82,64.34440176796633,9.217586612477639,late
26,9,7,HORNET,INSECTS,small,H,6,161,60,126,50.27196057783755,64.99384558703501,late
26,9,8,MANTIS,INSECTS,small,M,6,69,43,222,64.64127630511817,46.69268525830721,late
26,9,9,SWEATER,CLOTHING,small,S,7,148,92,151,33.57620858158462,0.04293743277421358,late
26,9,10,CHICAGO,CITIES,large,C,7,33,114,95,70.35727731946199,63.81529499081523,late
26,9,11,MILLIPEDE,INSECTS,small,M,9,138,20,121,11.711033661439693,25.155377188137848,late
26,9,12,MOSQUITO,INSECTS,small,M,8,165,26,35,0.6518619221359612,3.258296594702852,late
26,9,13,TROUSERS,CLOTHING,small,T,8,148,201,215,57.96784362431229,41.95923436757779,late
26,9,14,TEAK,TREES,large,T,4,110,96,86,31.933300159490297,76.49840784777821,late
26,9,15,BRA,CLOTHING,small,B,3,50,241,121,27.73984754053789,68.4236722046981,late
26,9,16,CEDAR,TREES,large,C,5,162,219,147,71.79416471831647,43.864111254150956,late
26,10,1,LIP,BODY PARTS,small,L,3,159,156,150,51.107341971865026,64.8721469682743,late
26,10,2,EUCALYPTUS,TREES,large,E,10,54,223,56,82.95740691442249,62.84565890711604,late
26,10,3,POPLAR,TREES,large,P,6,101,76,170,80.95663143174122,26.243631059082162,late
26,10,4,ACCORDION,INSTRUMENTS,large,A,9,155,119,132,16.53966307963781,22.816111623734027,late
26,10,5,ANKLE,BODY PARTS,small,A,5,213,16,20,11.338544651820438,83.22665845238058,late
26,10,6,LARVA,INSECTS,small,L,5,241,248,64,11.525329196081564,5.426128578441886,late
26,10,7,BONGOS,INSTRUMENTS,large,B,6,4,187,150,82.81842204526568,58.87674197913327,late
26,10,8,WORM,INSECTS,small,W,4,24,164,6,64.17713148338329,24.07682233422625,late
26,10,9,MONARCH,INSECTS,small,M,7,163,165,74,16.212536203192137,29.97929395625856,late
26,10,10,HAND,BODY PARTS,small,H,4,154,140,79,19.68186941907926,80.83630398252535,late
26,10,11,SCORPION,INSECTS,small,S,8,140,246,32,52.063245565854075,62.642215120669114,late
26,10,12,WILLOW,TREES,large,W,6,106,46,171,18.67823629105368,22.20534871943941,late
26,10,13,GUITAR,INSTRUMENTS,large,G,6,27,133,220,58.256035489931854,74.79145185018089,late
26,10,14,XYLOPHONE,INSTRUMENTS,large,X,9,104,237,179,80.45864702545028,66.73761794005742,late
26,10,15,ASH,TREES,large,A,3,209,191,158,69.66815673449368,38.80051893112749,late
26,10,16,FINGER,BODY PARTS,small,F,6,60,118,48,26.945062160950503,8.666822337586794,late
26,11,1,PARIS,CITIES,large,P,5,1,234,52,38.22611392770664,53.20698367577827,late
26,11,2,HIP,BODY PARTS,small,H,3,59,65,1,66.62292152583814,17.473561038085478,late
26,11,3,THERMOMETER,KITCHEN-RELATED,small,T,11,195,240,27,59.094133751015846,4.757947468433145,late
26,11,4,DALLAS,CITIES,large,D,6,167,166,66,69.68467354874372,31.943630416480147,late
26,11,5,BROILER,KITCHEN-RELATED,large,B,7,172,12,218,84.70636555231668,28.22232891504445,late
26,11,6,PELVIS,BODY PARTS,large,P,6,153,149,48,68.20532527402452,77.23804173607827,late
26,11,7,OVEN,KITCHEN-RELATED,large,O,4,16,129,41,57.7984334027613,23.861699691307745,late
26,11,8,MUG,KITCHEN-RELATED,small,M,3,211,89,151,56.476063919737804,40.61258822443888,late
26,11,9,PICCOLO,INSTRUMENTS,small,P,7,69,161,68,73.65860100501526,70.08923424888722,late
26,11,10,TUBA,INSTRUMENTS,large,T,4,234,36,20,22.26448648759568,51.220871835747374,late
26,11,11,TRUMPET,INSTRUMENTS,large,T,7,87,117,104,78.91334818117767,72.15858139748262,late
26,11,12,TAMBOURINE,INSTRUMENTS,small,T,10,108,157,97,12.258390661031532,33.10589297732,late
26,11,13,ROME,CITIES,large,R,4,149,133,151,69.33622452569988,51.344599928699715,late
26,11,14,ARMS,BODY PARTS,large,A,4,69,186,240,11.915807333980755,47.668372830785344,late
26,11,15,STOMACH,BODY PARTS,small,S,7,56,135,15,16.030722264296443,57.67156996719475,late
26,11,16,MONTREAL,CITIES,large,M,8,113,95,145,41.24778277886775,8.179598221368002,late
26,12,1,OHIO,STATES,large,O,4,60,129,181,5.605852410812719,43.199884285103835,late
26,12,2,RUTABAGA,VEGETABLES,small,R,8,28,238,209,26.883822629187975,22.352767884243182,late
26,12,3,LLAMA,MAMMALS,large,L,5,242,138,75,33.796741007151354,19.01390285192923,late
26,12,4,RABBIT,MAMMALS,small,R,6,48,119,2,38.860162458741,47.43285554281373,late
26,12,5,ALASKA,STATES,large,A,6,71,201,88,14.890998087449656,61.44219268021405,late
26,12,6,CHRYSALIS,INSECTS,small,C,9,64,199,137,35.635022519822414,39.88244039461794,late
26,12,7,PENNSYLVANIA,STATES,large,P,12,25,25,12,31.728884212794238,31.163953348044842,late
26,12,8,GINGER,VEGETABLES,small,G,6,214,94,136,23.145983967179014,58.36920912246952,late
26,12,9,TERMITE,INSECTS,small,T,7,0,36,92,84.30163081889224,8.6321881431418,late
26,12,10,PUMPKIN,VEGETABLES,large,P,7,236,9,31,10.376824904260562,50.926975775438656,late
26,12,11,TEXAS,STATES,large,T,5,172,211,191,16.353478770221898,54.6870352920185,late
26,12,12,FOX,MAMMALS,large,F,3,135,218,61,73.0245858929426,60.857088508172815,late
26,12,13,OKRA,VEGETABLES,small,O,4,16,94,1,43.024912180576194,44.62761916730915,late
26,12,14,BEETLE,INSECTS,small,B,6,225,200,98,75.52994442518127,5.420781835455363,late
26,12,15,WASP,INSECTS,small,W,4,56,11,184,63.355299027556406,63.22003528611336,late
26,12,16,RHINOCEROS,MAMMALS,large,R,10,249,61,152,41.442627045946814,32.065843860707325,late
26,13,1,EAR,BODY PARTS,small,E,3,110,164,113,14.738864612738201,46.95444894641993,late
26,13,2,TULIP,FLOWERS,small,T,5,14,111,125,34.35986861303153,57.73736410389417,late
26,13,3,FACE,BODY PARTS,small,F,4,168,9,31,23.87378454419902,45.909638646314185,late
26,13,4,HIPPOPOTAMUS,MAMMALS,large,H,12,176,6,99,71.69434070257833,36.05952018304096,late
26,13,5,DONKEY,MAMMALS,large,D,6,252,174,217,46.4555260584686,75.39794767206713,late
26,13,6,BARN,BUILDING RELATED,large,B,4,86,225,133,36.63801263456705,33.509074694012,late
26,13,7,KNUCKLE,BODY PARTS,small,K,7,65,38,177,70.06257573806008,50.69187946231069,late
26,13,8,GAZEBO,BUILDING RELATED,large,G,6,65,88,66,77.12133099694414,12.58338824809816,late
26,13,9,HEART,BODY PARTS,small,H,5,79,236,58,78.70681681685767,10.406799446849247,late
26,13,10,ROSE,FLOWERS,small,R,4,158,175,165,77.66323899178941,55.58110445249273,late
26,13,11,ALCOVE,BUILDING RELATED,large,A,6,29,5,105,21.380310123018504,44.41322151653735,late
26,13,12,DOG,MAMMALS,large,D,3,156,138,243,17.73959879284281,48.17682368523397,late
26,13,13,TIGER,MAMMALS,large,T,5,26,175,223,49.041130776504914,79.58152894711357,late
26,13,14,PETUNIA,FLOWERS,small,P,7,223,91,246,56.50410525651757,39.35434432116958,late
26,13,15,CARNATION,FLOWERS,small,C,9,235,128,223,77.900199149614,57.0848442381739,late
26,13,16,KITCHEN,BUILDING RELATED,large,K,7,199,226,182,41.73882653389994,19.281311007262158,late
26,14,1,CARPET,BUILDING RELATED,large,C,6,131,3,41,75.90492960054603,1.3671089237701404,late
26,14,2,PICKLE,VEGETABLES,small,P,6,224,73,208,7.063318803726401,4.995511949665801,late
26,14,3,STRAINER,KITCHEN-RELATED,small,S,8,117,219,3,27.01275477138881,28.216253486700687,late
26,14,4,FOUNDATION,BUILDING RELATED,large,F,10,70,84,2,57.660470835573115,51.085929295733955,late
26,14,5,DAHLIA,FLOWERS,small,D,6,46,163,8,9.682603359263295,52.907712338631825,late
26,14,6,DISH,KITCHEN-RELATED,small,D,4,96,34,150,39.40648511469153,74.13940173263745,late
26,14,7,GRIDDLE,KITCHEN-RELATED,small,G,7,143,61,192,67.63731266084027,42.782873724034616,late
26,14,8,FLOOR,BUILDING RELATED,large,F,5,214,90,65,78.61130332176954,62.73224141833845,late
26,14,9,ONION,VEGETABLES,small,O,5,244,60,62,76.96817994175063,77.11909096313141,late
26,14,10,SAUCER,KITCHEN-RELATED,small,S,6,1,209,166,17.117786809038357,4.496301880086248,late
26,14,11,AZALEA,FLOWERS,small,A,6,127,77,155,67.40746744793456,13.645335496268501,late
26,14,12,BUTTERCUP,FLOWERS,small,B,9,15,17,47,7.5977004828208745,44.44384738454811,late
26,14,13,BROCCOLI,VEGETABLES,small,B,8,35,87,222,7.283235069538026,73.78877926908959,late
26,14,14,LOG,FLOWERS,small,L,3,164,141,131,36.75326117660094,36.1861355688666,late
26,14,15,CAULIFLOWER,VEGETABLES,small,C,11,238,111,253,21.8512979842565,26.800110070440414,late
26,14,16,ELEVATOR,BUILDING RELATED,large,E,8,197,16,24,77.25761435557483,7.736710987422919,late
26,15,1,HONEYDEW,FRUITS,small,H,8,50,95,238,48.7872385330826,12.41846247355399,late
26,15,2,HAMMER,TOOLS,small,H,6,193,109,194,74.69072564633476,26.275276839702105,late
26,15,3,VIOLIN,INSTRUMENTS,large,V,6,46,222,226,20.841833851238984,58.44862913072792,late
26,15,4,ELM,TREES,large,E,3,183,154,147,69.90877035612435,28.16638442449554,late
26,15,5,WEDGE,TOOLS,small,W,5,37,188,223,11.505314571016758,64.36999513104263,late
26,15,6,MAPLE,TREES,large,M,5,247,120,138,70.8561978552619,31.30832423296003,late
26,15,7,SCREWS,TOOLS,small,S,6,103,103,94,30.405147963955805,18.08321945236886,late
26,15,8,PLUM,FRUITS,small,P,4,120,153,161,22.83281682533988,41.73814939578225,late
26,15,9,SAXOPHONE,INSTRUMENTS,large,S,9,96,97,124,46.65969753031986,47.65715130449471,late
26,15,10,FIG,FRUITS,small,F,3,172,164,221,26.897957190423963,9.9339667977718,late
26,15,11,CELLO,INSTRUMENTS,large,C,5,233,168,239,61.14571467886447,80.75821388165134,late
26,15,12,PINE,TREES,large,P,4,160,229,186,27.936554302280193,5.256131635137962,late
26,15,13,RASPBERRY,FRUITS,small,R,9,156,229,24,77.95850454166761,12.441288873473983,late
26,15,14,WIRE,TOOLS,small,W,4,84,157,163,35.35839439871268,24.152552286362532,late
26,15,15,TRIANGLE,INSTRUMENTS,small,T,8,205,215,101,17.570357977325074,3.5879246416605115,late
26,15,16,HICKORY,TREES,large,H,7,120,157,125,66.33997486652699,35.418377483612616,late
27,0,1,LOG,FLOWERS,small,L,3,196,221,81,10.33194482743377,53.15035801813861,early
27,0,2,BUTTERCUP,FLOWERS,small,B,9,181,236,229,75.84031533369878,26.805285707731503,early
27,0,3,AZALEA,FLOWERS,small,A,6,88,254,64,57.21502714880004,19.670122567216332,early
27,0,4,DAHLIA,FLOWERS,small,D,6,73,180,152,65.62121318854878,74.68595793127614,early
27,0,5,BROCCOLI,VEGETABLES,small,B,8,31,29,44,26.215858193536768,16.326315106527506,early
27,0,6,PICKLE,VEGETABLES,small,P,6,1,110,206,68.81549248397299,67.24881280696088,early
27,0,7,CAULIFLOWER,VEGETABLES,small,C,11,238,120,49,64.85588816382374,43.67761458578141,early
27,0,8,ONION,VEGETABLES,small,O,5,177,165,131,40.03257721316083,26.60158268383023,early
27,0,9,FOUNDATION,BUILDING RELATED,large,F,10,27,231,30,25.497622243255098,23.079727347050728,early
27,0,10,ELEVATOR,BUILDING RELATED,large,E,8,148,162,48,46.41408731123619,64.17428233460653,early
27,0,11,CARPET,BUILDING RELATED,large,C,6,158,242,18,69.88666486247887,67.74817608930341,early
27,0,12,FLOOR,BUILDING RELATED,large,F,5,195,62,163,42.787297250490276,34.265790238403454,early
27,0,13,DISH,KITCHEN-RELATED,small,D,4,219,26,167,77.04138792636708,12.220638736783574,early
27,0,14,SAUCER,KITCHEN-RELATED,small,S,6,32,63,217,61.609231751376306,14.122471153717951,early
27,0,15,GRIDDLE,KITCHEN-RELATED,small,G,7,73,214,66,19.293030114156718,50.32301826124646,early
27,0,16,STRAINER,KITCHEN-RELATED,small,S,8,43,196,224,49.414128093617734,44.66603545017994,early
27,1,1,GUAVA,FRUITS,small,G,5,1,71,84,82.93046055362494,9.3769231326061,early
27,1,2,STRAWBERRY,FRUITS,small,S,10,106,229,246,48.24460637760297,14.348700080393137,early
27,1,3,KIWI,FRUITS,small,K,4,6,110,165,67.6384536742552,73.20284455272969,early
27,1,4,TANGELO,FRUITS,small,T,7,86,139,198,5.577008075860814,13.63618411110803,early
27,1,5,SPATULA,KITCHEN-RELATED,small,S,7,93,197,190,84.89530638271215,66.59382099744784,early
27,1,6,REFRIGERATOR,KITCHEN-RELATED,large,R,12,203,132,75,56.18117413287715,15.62850437098902,early
27,1,7,POT,KITCHEN-RELATED,large,P,3,129,4,51,78.00573923546203,74.51726023348687,early
27,1,8,GLASS,KITCHEN-RELATED,small,G,5,248,58,8,4.39032281196851,65.66413451299957,early
27,1,9,HORSE,MAMMALS,large,H,5,238,224,149,67.26146748263494,8.125836357688831,early
27,1,10,MOUSE,MAMMALS,small,M,5,130,222,203,81.55124092562369,25.21452942804973,early
27,1,11,GIRAFFE,MAMMALS,large,G,7,123,212,71,29.51761101133264,68.402785332205,early
27,1,12,COW,MAMMALS,large,C,3,164,8,54,33.55699948320422,59.8366461494712,early
27,1,13,WINDOW,BUILDING RELATED,large,W,6,28,152,98,19.26822859035659,18.91733352465203,early
27,1,14,HALL,BUILDING RELATED,large,H,4,108,126,33,12.742725398134315,25.018826791384402,early
27,1,15,CORRIDOR,BUILDING RELATED,large,C,8,193,254,230,36.69165125032435,44.78163718609209,early
27,1,16,DOOR,BUILDING RELATED,large,D,4,21,177,42,78.27400740726982,6.237628602663184,early
27,2,1,CLARINET,INSTRUMENTS,small,C,8,232,167,226,71.46693956718474,61.59074034383672,early
27,2,2,DRUM,INSTRUMENTS,large,D,4,99,166,138,33.635468626806215,23.51593803770317,early
27,2,3,PIANO,INSTRUMENTS,large,P,5,56,95,136,37.73418836324859,13.801979934334,early
27,2,4,KAZOO,INSTRUMENTS,small,K,5,118,211,53,60.095176699887794,26.995043555925378,early
27,2,5,JAPAN,COUNTRIES,large,J,5,51,109,227,2.1010563011364827,1.8000898817951572,early
27,2,6,ENGLAND,COUNTRIES,large,E,7,203,186,244,44.356723058050974,43.560803803296416,early
27,2,7,FRANCE,COUNTRIES,large,F,6,21,83,201,11.820849092094022,51.62937674838945,early
27,2,8,SWITZERLAND,COUNTRIES,large,S,11,146,211,253,27.39125239562935,26.119407773386115,early
27,2,9,FERRET,MAMMALS,small,F,6,25,188,8,26.576338882912943,52.41091099357109,early
27,2,10,SQUIRREL,MAMMALS,small,S,8,92,230,65,84.76518492268627,60.839353877923934,early
27,2,11,LEOPARD,MAMMALS,large,L,7,181,11,19,45.34930293575835,45.14282420145238,early
27,2,12,CAT,MAMMALS,large,C,3,34,229,247,36.314476660241915,85.87089170970788,early
27,2,13,BOLTS,TOOLS,small,B,5,191,42,14,74.17849042274484,65.723855269522,early
27,2,14,CHISEL,TOOLS,small,C,6,213,120,198,56.62058012753107,16.32610628082764,early
27,2,15,PROTRACTOR,TOOLS,small,P,10,236,81,90,65.63678744837573,55.85396475086587,early
27,2,16,SAW,TOOLS,small,S,3,254,1,70,10.671432502943379,81.48838778341769,early
27,3,1,PICCOLO,INSTRUMENTS,small,P,7,167,47,14,52.68176300875897,11.176760482205392,early
27,3,2,TAMBOURINE,INSTRUMENTS,small,T,10,36,61,113,50.71483769788275,40.68777370399168,early
27,3,3,TRUMPET,INSTRUMENTS,large,T,7,68,134,216,19.109295305417266,25.48226846414433,early
27,3,4,TUBA,INSTRUMENTS,large,T,4,4,15,162,12.786471472819928,56.545140360328865,early
27,3,5,ROME,CITIES,large,R,4,194,117,8,5.348328727575087,54.97677171512332,early
27,3,6,PARIS,CITIES,large,P,5,249,42,42,84.50914305531592,45.159323101573804,early
27,3,7,MONTREAL,CITIES,large,M,8,222,84,85,8.406580757642732,1.0012280330427012,early
27,3,8,DALLAS,CITIES,large,D,6,134,186,53,83.64235902987501,36.075334586545736,early
27,3,9,HIP,BODY PARTS,small,H,3,89,190,53,46.127960004797295,72.39477499464749,early
27,3,10,ARMS,BODY PARTS,large,A,4,178,171,13,52.451769418864,7.76600093144531,early
27,3,11,PELVIS,BODY PARTS,large,P,6,152,214,250,29.797711027760514,33.424411993589416,early
27,3,12,STOMACH,BODY PARTS,small,S,7,172,214,147,40.89581827142931,12.458778034294744,early
27,3,13,BROILER,KITCHEN-RELATED,large,B,7,236,169,33,8.163168146464585,27.346006293918133,early
27,3,14,OVEN,KITCHEN-RELATED,large,O,4,167,94,122,25.636554174102912,30.76389831020343,early
27,3,15,MUG,KITCHEN-RELATED,small,M,3,147,251,107,4.948549279013975,28.501540814095375,early
27,3,16,THERMOMETER,KITCHEN-RELATED,small,T,11,10,161,178,34.631058574410204,38.89438237159497,early
27,4,1,PETUNIA,FLOWERS,small,P,7,253,221,62,77.11957791612735,45.337728738621124,early
27,4,2,CARNATION,FLOWERS,small,C,9,86,15,6,48.9264971691703,71.85839703120025,early
27,4,3,ROSE,FLOWERS,small,R,4,127,142,175,35.72867182491203,72.94856035656382,early
27,4,4,TULIP,FLOWERS,small,T,5,161,191,37,70.44122508234246,10.395927969918958,early
27,4,5,TIGER,MAMMALS,large,T,5,145,77,128,22.891320523013814,79.94576506464097,early
27,4,6,DOG,MAMMALS,large,D,3,141,212,74,22.34614428877453,47.59775977135547,early
27,4,7,DONKEY,MAMMALS,large,D,6,24,112,79,34.1623350951577,78.66052216243402,early
27,4,8,HIPPOPOTAMUS,MAMMALS,large,H,12,189,7,165,1.6248606490969142,16.200550180650666,early
27,4,9,HEART,BODY PARTS,small,H,5,83,187,195,81.38907854276619,73.42036874009695,early
27,4,10,FACE,BODY PARTS,small,F,4,211,233,113,73.90805640612511,31.53766930518674,early
27,4,11,EAR,BODY PARTS,small,E,3,155,205,252,43.923155111400476,90.08836201236271,early
27,4,12,KNUCKLE,BODY PARTS,small,K,7,36,75,58,80.02853161287511,73.5150873064222,early
27,4,13,GAZEBO,BUILDING RELATED,large,G,6,222,36,73,72.44353836987341,80.23214790209475,early
27,4,14,ALCOVE,BUILDING RELATED,large,A,6,131,142,148,82.2124521482742,18.218361028621995,early
27,4,15,KITCHEN,BUILDING RELATED,large,K,7,163,152,114,12.278853630670968,19.168608320049213,early
27,4,16,BARN,BUILDING RELATED,large,B,4,21,206,239,19.81423952501265,7.154629953536233,early
27,5,1,RENO,CITIES,large,R,4,107,126,28,10.562852344677466,56.950910385119336,early
27,5,2,BERLIN,CITIES,large,B,6,171,127,6,30.050504595957968,55.83557515922024,early
27,5,3,SYDNEY,CITIES,large,S,6,156,150,6,4.084360220037636,24.40957833456115,early
27,5,4,CHICAGO,CITIES,large,C,7,165,11,243,1.5590181341504517,45.521613577562576,early
27,5,5,HORNET,INSECTS,small,H,6,244,196,54,26.100066814571143,22.34169125336688,early
27,5,6,MOSQUITO,INSECTS,small,M,8,207,73,157,29.792920713124115,38.90803867293209,early
27,5,7,MANTIS,INSECTS,small,M,6,135,201,16,6.303940950647876,61.39180387826765,early
27,5,8,MILLIPEDE,INSECTS,small,M,9,153,241,217,64.18548294861546,9.402942035956613,early
27,5,9,TROUSERS,CLOTHING,small,T,8,3,13,198,28.5156577219279,64.21780806222267,early
27,5,10,BRA,CLOTHING,small,B,3,212,110,80,45.16173350579527,57.93832928053506,early
27,5,11,SWEATER,CLOTHING,small,S,7,59,91,59,75.59752974411089,41.844574012462616,early
27,5,12,GLOVES,CLOTHING,small,G,6,187,142,61,65.43758668130245,21.90749367399205,early
27,5,13,CEDAR,TREES,large,C,5,243,100,161,1.7442707907075916,10.944280812772307,early
27,5,14,PALM,TREES,large,P,4,44,109,72,70.39527901470152,61.565008210451005,early
27,5,15,TEAK,TREES,large,T,4,148,237,49,30.12212007363811,81.04942992933059,early
27,5,16,SYCAMORE,TREES,large,S,8,118,155,75,32.72114404103909,1.5898329280267953,early
27,6,1,SCREWS,TOOLS,small,S,6,152,143,170,18.901709045979928,60.41448463280757,early
27,6,2,WIRE,TOOLS,small,W,4,37,204,108,26.171445072439628,45.39826978245483,early
27,6,3,WEDGE,TOOLS,small,W,5,64,183,4,37.75297825482038,25.82804040231396,early
27,6,4,HAMMER,TOOLS,small,H,6,63,41,73,63.14216984332687,75.77153220467171,early
27,6,5,TRIANGLE,INSTRUMENTS,small,T,8,228,161,84,74.71230450025662,52.52367636844317,early
27,6,6,CELLO,INSTRUMENTS,large,C,5,12,49,139,70.31344379516209,31.58729389908932,early
27,6,7,SAXOPHONE,INSTRUMENTS,large,S,9,44,4,221,9.81749634952308,22.354143410137727,early
27,6,8,VIOLIN,INSTRUMENTS,large,V,6,122,184,246,82.49090629900316,51.70497122207388,early
27,6,9,HONEYDEW,FRUITS,small,H,8,155,122,51,54.93115029635812,56.826452658062905,early
27,6,10,FIG,FRUITS,small,F,3,55,98,28,49.73328092665442,78.62249441842187,early
27,6,11,RASPBERRY,FRUITS,small,R,9,25,192,67,21.568788589355382,12.403386615564585,early
27,6,12,PLUM,FRUITS,small,P,4,22,134,182,49.171945999998954,45.35918597583951,early
27,6,13,MAPLE,TREES,large,M,5,148,216,196,19.733848014131198,36.77670183456183,early
27,6,14,HICKORY,TREES,large,H,7,10,110,4,47.23551008318737,28.344320284228335,early
27,6,15,PINE,TREES,large,P,4,159,156,233,26.183803504658083,76.47605956431832,early
27,6,16,ELM,TREES,large,E,3,1,99,74,73.95385679809124,29.691700828703535,early
27,7,1,BOMBAY,CITIES,large,B,6,252,38,134,42.38019946052715,28.45963669674621,early
27,7,2,TORONTO,CITIES,large,T,7,149,109,75,10.35960423684314,40.89107523195709,early
27,7,3,MIAMI,CITIES,large,M,5,160,0,144,50.9372481806177,13.112286797279232,early
27,7,4,STOCKHOLM,CITIES,large,S,9,214,221,237,44.009520814951145,9.531299632402392,early
27,7,5,SHOULDER,BODY PARTS,small,S,8,180,154,238,33.16207437469505,31.871356409661466,early
27,7,6,KIDNEY,BODY PARTS,small,K,6,242,69,176,57.41500991345495,3.3473094895363036,early
27,7,7,FOOT,BODY PARTS,small,F,4,103,143,68,83.85849678960969,49.178495584574975,early
27,7,8,ELBOW,BODY PARTS,small,E,5,166,152,59,33.037972449078346,18.802176174736644,early
27,7,9,SQUASH,VEGETABLES,small,S,6,173,184,106,78.79755579137964,61.81618013421752,early
27,7,10,ZUCCHINI,VEGETABLES,small,Z,8,134,129,176,71.45618002100503,70.15613872728288,early
27,7,11,AUBERGINE,VEGETABLES,small,A,9,92,47,148,29.787710396607054,31.716812703183212,early
27,7,12,OLIVE,VEGETABLES,small,O,5,103,202,170,65.65849563899918,50.554305220505434,early
27,7,13,PANTHER,MAMMALS,large,P,7,160,100,108,9.65050226460982,39.49571418703991,early
27,7,14,GOAT,MAMMALS,large,G,4,62,229,75,6.446458607687237,19.450704978843913,early
27,7,15,SHEEP,MAMMALS,large,S,5,149,206,23,83.02542412615146,8.90850222754396,early
27,7,16,WOLF,MAMMALS,large,W,4,147,7,117,34.58309984175753,55.3314605235415,early
27,8,1,NUTS,TOOLS,small,N,4,221,175,4,30.035242654898564,86.90180919151605,late
27,8,2,WISCONSIN,STATES,large,W,9,165,60,145,1.7785480986961044,42.62560384269187,late
27,8,3,HAWAII,STATES,large,H,6,0,87,95,39.07866463946187,43.19737154972743,late
27,8,4,BANANA,FRUITS,small,B,6,24,115,155,2.8431920078248574,66.16543271025475,late
27,8,5,VANCOUVER,CITIES,large,V,9,80,93,141,15.127706021663993,26.00038286384071,late
27,8,6,WASHER,TOOLS,small,W,6,201,224,36,64.66846090130541,58.797343573195306,late
27,8,7,JERUSALEM,CITIES,large,J,9,127,214,51,71.72979765468023,8.405169648466524,late
27,8,8,VERMONT,STATES,large,V,7,108,40,130,52.7815126054449,45.33920778436527,late
27,8,9,PHILADELPHIA,CITIES,large,P,12,144,123,14,7.190325381267023,28.961820490835365,late
27,8,10,RULER,TOOLS,small,R,5,14,156,179,26.24416309521254,64.30495650729664,late
27,8,11,MANGO,FRUITS,small,M,5,233,6,23,31.914642299202054,62.90996173712304,late
27,8,12,NECTARINE,FRUITS,small,N,9,246,79,78,22.53273331069103,44.54209353866275,late
27,8,13,TOKYO,CITIES,large,T,5,92,227,3,55.848471738630664,52.475660331983725,late
27,8,14,KUMQUAT,FRUITS,small,K,7,131,25,236,80.55090410063042,28.76292096521217,late
27,8,15,CALIFORNIA,STATES,large,C,10,225,172,207,60.60957968015753,65.43943389904783,late
27,8,16,GLUE,TOOLS,small,G,4,190,63,24,80.793560461671,52.72144238115622,late
27,9,1,CHRYSALIS,INSECTS,small,C,9,235,31,67,14.7113279821757,69.06879800333762,late
27,9,2,RABBIT,MAMMALS,small,R,6,59,82,244,13.633649664339778,45.000319727836455,late
27,9,3,PUMPKIN,VEGETABLES,large,P,7,246,8,125,74.03544609355245,16.572580995297326,late
27,9,4,ALASKA,STATES,large,A,6,61,12,234,15.016231665127028,10.446949665529235,late
27,9,5,TERMITE,INSECTS,small,T,7,59,223,62,42.00559727452873,44.041450882507526,late
27,9,6,OKRA,VEGETABLES,small,O,4,21,246,4,9.190757845922038,4.54796924437051,late
27,9,7,OHIO,STATES,large,O,4,221,251,189,59.30404412451074,15.470289381802997,late
27,9,8,WASP,INSECTS,small,W,4,198,135,101,54.32868399802026,51.55681197736345,late
27,9,9,TEXAS,STATES,large,T,5,100,105,21,57.40870707519179,16.137927185711057,late
27,9,10,RHINOCEROS,MAMMALS,large,R,10,28,156,94,47.04073909334041,32.602521950779796,late
27,9,11,RUTABAGA,VEGETABLES,small,R,8,75,201,217,53.724332091876704,56.86095483381541,late
27,9,12,BEETLE,INSECTS,small,B,6,74,42,211,34.14018346496242,38.1594569328494,late
27,9,13,PENNSYLVANIA,STATES,large,P,12,209,149,79,39.07665508303052,19.132556522653687,late
27,9,14,GINGER,VEGETABLES,small,G,6,34,233,220,11.708152245333466,18.491360771823828,late
27,9,15,FOX,MAMMALS,large,F,3,108,247,201,23.870118708880746,77.60501281564872,late
27,9,16,LLAMA,MAMMALS,large,L,5,254,38,226,46.798085422362405,19.31156787192478,late
27,10,1,POLAND,COUNTRIES,large,P,6,144,130,58,24.732505910699906,68.9303298888839,late
27,10,2,TROMBONE,INSTRUMENTS,large,T,8,32,149,116,74.75173336176981,29.34129684550293,late
27,10,3,CARROT,VEGETABLES,small,C,6,102,58,200,69.70500900064887,46.847528582643676,late
27,10,4,ITALY,COUNTRIES,large,I,5,11,213,236,7.468699482863635,78.9653680119832,late
27,10,5,BASS,INSTRUMENTS,large,B,4,177,110,77,67.65678334670214,42.48902616670859,late
27,10,6,AUSTRALIA,COUNTRIES,large,A,9,177,135,131,6.4356039380948635,30.295410175317713,late
27,10,7,LION,MAMMALS,large,L,4,81,212,30,79.13892377567095,42.46335535418745,late
27,10,8,PIG,MAMMALS,large,P,3,21,12,20,65.28821483284452,43.51383852577678,late
27,10,9,LETTUCE,VEGETABLES,small,L,7,133,188,107,49.58811988599827,17.338823176472953,late
27,10,10,CELERY,VEGETABLES,small,C,6,20,134,13,66.10913479642461,7.273641384772237,late
27,10,11,YAMS,VEGETABLES,small,Y,4,150,44,230,75.4379330905421,34.79455593437511,late
27,10,12,ZEBRA,MAMMALS,large,Z,5,0,59,250,49.78374848439307,79.68248100741802,late
27,10,13,ETHIOPIA,COUNTRIES,large,E,8,32,250,152,16.082235142173865,67.6022000069587,late
27,10,14,MARACAS,INSTRUMENTS,small,M,7,38,79,149,59.751737824660125,76.80305359268958,late
27,10,15,VIOLA,INSTRUMENTS,large,V,5,145,2,48,3.647042603463635,53.175746178303385,late
27,10,16,ELEPHANT,MAMMALS,large,E,8,16,131,26,13.329237508768578,25.735833258609414,late
27,11,1,EVERGREEN,TREES,large,E,9,25,161,102,34.33925980094422,37.69297894860416,late
27,11,2,COLANDER,KITCHEN-RELATED,small,C,8,139,139,243,40.10151267965856,72.39162308263985,late
27,11,3,HARMONICA,INSTRUMENTS,small,H,9,254,122,2,1.035773382060351,43.955414936994295,late
27,11,4,BANJO,INSTRUMENTS,large,B,5,147,60,18,6.422313759813948,69.65290999283283,late
27,11,5,MARIMBA,INSTRUMENTS,large,M,7,183,136,130,46.54093793230376,37.46582214080815,late
27,11,6,OAK,TREES,large,O,3,171,146,198,32.02965847438608,86.34930690779785,late
27,11,7,BELT,CLOTHING,small,B,4,150,111,227,34.970237734304646,53.25355912825455,late
27,11,8,COTTONWOOD,TREES,large,C,10,102,245,55,80.66910686488708,18.845928665656086,late
27,11,9,UKULELE,INSTRUMENTS,small,U,7,238,211,39,77.83690353036421,74.20960172720712,late
27,11,10,CUP,KITCHEN-RELATED,small,C,3,165,191,70,73.32881682668761,72.572366761885,late
27,11,11,JUMPER,CLOTHING,small,J,6,224,146,233,19.839326240052152,76.2168866064816,late
27,11,12,MIXER,KITCHEN-RELATED,large,M,5,68,217,102,3.232802926707141,8.115267585844295,late
27,11,13,SPRUCE,TREES,large,S,6,155,244,207,24.39059299437632,43.847587879289115,late
27,11,14,SHIRT,CLOTHING,small,S,5,89,198,178,62.53553929105368,25.302595971620356,late
27,11,15,BLENDER,KITCHEN-RELATED,large,B,7,21,64,78,13.293033034825832,76.98757766178517,late
27,11,16,ROBE,CLOTHING,small,R,4,191,10,89,9.130891037969256,73.41885098527003,late
27,12,1,POTATO,VEGETABLES,small,P,6,43,135,100,14.532763875277958,69.51949288250547,late
27,12,2,JACKET,CLOTHING,small,J,6,185,182,7,2.981101737848293,35.58602451617333,late
27,12,3,SPINACH,VEGETABLES,small,S,7,73,218,34,10.818224762656907,42.847059309625166,late
27,12,4,LOBBY,BUILDING RELATED,large,L,5,118,125,138,6.451579682167337,49.72822985527491,late
27,12,5,GARLIC,VEGETABLES,small,G,6,46,90,10,3.8007712631842896,26.120693942704428,late
27,12,6,CHIMNEY,BUILDING RELATED,large,C,7,240,100,40,8.979573614319431,29.09746079862675,late
27,12,7,GERMANY,COUNTRIES,large,G,7,108,104,76,14.59711774255882,39.32011411985469,late
27,12,8,SUIT,CLOTHING,small,S,4,186,61,115,17.59261943954444,60.5192027663124,late
27,12,9,CAMISOLE,CLOTHING,small,C,8,22,2,128,6.917768040273971,47.84414030982228,late
27,12,10,CUBA,COUNTRIES,large,C,4,82,202,159,44.004135128956115,82.17804147852632,late
27,12,11,ARTICHOKE,VEGETABLES,small,A,9,146,170,247,34.65604886178365,35.15584802235109,late
27,12,12,IRAN,COUNTRIES,large,I,4,105,119,80,58.74906184333806,7.9966931103896055,late
27,12,13,EGYPT,COUNTRIES,large,E,5,154,79,19,33.86305498968326,17.327624310289792,late
27,12,14,CLOSET,BUILDING RELATED,large,C,6,165,163,238,62.17022934951557,21.121620336131933,late
27,12,15,BLOUSE,CLOTHING,small,B,6,136,93,213,43.52248361651698,39.22212672542602,late
27,12,16,FURNACE,BUILDING RELATED,large,F,7,105,192,43,66.0847486535605,27.84453094108688,late
27,13,1,LEMON,FRUITS,small,L,5,56,247,95,2.7359227090986318,69.37466661176188,late
27,13,2,TONGUE,BODY PARTS,small,T,6,152,13,142,47.69286243735772,48.82691979225133,late
27,13,3,POMEGRANATE,FRUITS,small,P,11,75,53,91,18.384956605068027,1.6989525620826498,late
27,13,4,RIB,BODY PARTS,small,R,3,107,196,192,60.69423224668289,77.96648413055655,late
27,13,5,ANTELOPE,MAMMALS,large,A,8,169,26,139,31.440267646195,23.43965149823772,late
27,13,6,PEAR,FRUITS,small,P,4,21,122,166,33.19613936871967,74.32606376662184,late
27,13,7,CLEMENTINE,FRUITS,small,C,10,59,10,9,58.425528011462355,39.95753011810804,late
27,13,8,FLORIDA,STATES,large,F,7,204,76,56,69.02639901594698,25.632562187133434,late
27,13,9,MONKEY,MAMMALS,large,M,6,59,204,156,10.470400788341989,73.61003144385998,late
27,13,10,MICHIGAN,STATES,large,M,8,194,233,215,4.089010141370509,31.25160539638015,late
27,13,11,IOWA,STATES,large,I,4,38,113,34,25.247457483627,57.30782724990008,late
27,13,12,KANSAS,STATES,large,K,6,46,48,244,80.28079757865305,71.3038084243898,late
27,13,13,MOOSE,MAMMALS,large,M,5,169,50,246,27.27516015824195,84.5826409848687,late
27,13,14,TOOTH,BODY PARTS,small,T,5,245,249,148,33.26205252832237,0.6526185835288356,late
27,13,15,RACOON,MAMMALS,large,R,6,179,177,196,36.34791373209539,18.5315803295175,late
27,13,16,PANCREAS,BODY PARTS,small,P,8,215,243,201,64.74254838983585,42.84682656429038,late
27,14,1,LARVA,INSECTS,small,L,5,217,109,45,65.77694618449965,0.1850924986457414,late
27,14,2,WILLOW,TREES,large,W,6,22,52,106,45.19570227885285,53.728953074463476,late
27,14,3,FINGER,BODY PARTS,small,F,6,228,185,131,39.28747046410558,9.156002592874161,late
27,14,4,ANKLE,BODY PARTS,small,A,5,184,152,195,16.43446246317044,52.70298563329015,late
27,14,5,HAND,BODY PARTS,small,H,4,125,73,114,0.27282207813603354,13.663757149577279,late
27,14,6,MONARCH,INSECTS,small,M,7,252,12,18,81.45959476621735,52.149294615342306,late
27,14,7,SCORPION,INSECTS,small,S,8,193,158,151,73.59063373907732,32.276158530376215,late
27,14,8,WORM,INSECTS,small,W,4,214,184,4,35.11117858646124,72.1583092073329,late
27,14,9,GUITAR,INSTRUMENTS,large,G,6,128,71,20,26.398238741839336,30.85559281110987,late
27,14,10,LIP,BODY PARTS,small,L,3,176,224,14,39.8820387296342,22.882688459425527,late
27,14,11,BONGOS,INSTRUMENTS,large,B,6,1,164,72,17.681739509525524,28.566371590815045,late
27,14,12,ACCORDION,INSTRUMENTS,large,A,9,204,170,221,65.37119558379837,55.173000831566824,late
27,14,13,POPLAR,TREES,large,P,6,227,199,199,78.54910510378357,74.05584409801419,late
27,14,14,XYLOPHONE,INSTRUMENTS,large,X,9,163,49,130,79.39976653390283,26.6944059449136,late
27,14,15,EUCALYPTUS,TREES,large,E,10,183,108,246,71.50992471066684,30.59172177932013,late
27,14,16,ASH,TREES,large,A,3,173,172,245,19.54518700373843,21.12218789406809,late
27,15,1,UTAH,STATES,large,U,4,132,225,48,55.078701421687306,21.656820927991557,late
27,15,2,TOASTER,KITCHEN-RELATED,large,T,7,35,73,212,41.904552783868475,9.302307897370778,late
27,15,3,ARIZONA,STATES,large,A,7,206,5,110,55.28634199984439,51.07033546425625,late
27,15,4,SKILLET,KITCHEN-RELATED,large,S,7,25,59,155,78.06831097897255,78.7939536773191,late
27,15,5,MAINE,STATES,large,M,5,232,129,72,52.80085316490767,1.4711308134830559,late
27,15,6,NARCISSUS,FLOWERS,small,N,9,104,145,90,28.6454896338114,24.97278958579895,late
27,15,7,PANTS,CLOTHING,small,P,5,145,75,157,51.271762844874296,5.171793042911208,late
27,15,8,SUNFLOWER,FLOWERS,small,S,9,249,19,172,31.29962416518688,38.39372432182982,late
27,15,9,MONTANA,STATES,large,M,7,78,197,150,14.230734535554676,22.072254637178776,late
27,15,10,FORK,KITCHEN-RELATED,small,F,4,54,246,236,29.177583690350314,74.7369809703649,late
27,15,11,UNDERWEAR,CLOTHING,small,U,9,50,43,143,43.581566162741815,43.55303131827856,late
27,15,12,KNIFE,KITCHEN-RELATED,small,K,5,53,43,248,28.64023421519472,72.6103310765864,late
27,15,13,DAISY,FLOWERS,small,D,5,253,152,102,80.46253786136032,36.09142691146858,late
27,15,14,LILY,FLOWERS,small,L,4,123,126,156,44.641192243575,21.481541358968116,late
27,15,15,GIRDLE,CLOTHING,small,G,6,113,210,171,48.2566805646018,72.67256146421425,late
27,15,16,DRESS,CLOTHING,small,D,5,136,37,228,28.402817054396717,79.72716253379012,late
28,0,1,POTATO,VEGETABLES,small,P,6,165,56,216,59.99303722448291,45.66991117729652,early
28,0,2,SPINACH,VEGETABLES,small,S,7,20,77,172,53.34093987145453,3.96333347260655,early
28,0,3,ARTICHOKE,VEGETABLES,small,A,9,36,186,223,50.486898566110256,1.0087526028021927,early
28,0,4,GARLIC,VEGETABLES,small,G,6,130,166,77,76.96128762466937,13.755001917214289,early
28,0,5,BLOUSE,CLOTHING,small,B,6,44,116,11,24.107294223208747,45.44685005531606,early
28,0,6,SUIT,CLOTHING,small,S,4,221,63,172,27.322112303988604,70.14066507160045,early
28,0,7,JACKET,CLOTHING,small,J,6,149,70,92,64.92774230549739,4.779147006026083,early
28,0,8,CAMISOLE,CLOTHING,small,C,8,58,13,52,77.65897132876171,68.2744473511057,early
28,0,9,CHIMNEY,BUILDING RELATED,large,C,7,139,5,156,3.988741962804366,64.65780659721572,early
28,0,10,CLOSET,BUILDING RELATED,large,C,6,11,137,237,32.74264756353606,35.373358999717894,early
28,0,11,LOBBY,BUILDING RELATED,large,L,5,69,168,246,45.224748668415636,35.373855411715134,early
28,0,12,FURNACE,BUILDING RELATED,large,F,7,245,90,162,41.29027874319617,15.664558830034292,early
28,0,13,CUBA,COUNTRIES,large,C,4,222,223,218,14.934394622457033,49.744111501936985,early
28,0,14,EGYPT,COUNTRIES,large,E,5,154,28,236,64.72542504444048,84.3769888765466,early
28,0,15,GERMANY,COUNTRIES,large,G,7,37,96,148,45.80353731736069,12.041327552436886,early
28,0,16,IRAN,COUNTRIES,large,I,4,21,84,191,50.589626445207735,28.66912711421379,early
28,1,1,THERMOMETER,KITCHEN-RELATED,small,T,11,43,132,207,38.23771473673187,18.753082276951346,early
28,1,2,BROILER,KITCHEN-RELATED,large,B,7,242,110,12,66.18091929705587,38.83862654891371,early
28,1,3,MUG,KITCHEN-RELATED,small,M,3,235,56,30,15.864992555827724,24.681989730637344,early
28,1,4,OVEN,KITCHEN-RELATED,large,O,4,95,165,44,24.862292346431456,37.882705033823704,early
28,1,5,PICCOLO,INSTRUMENTS,small,P,7,111,230,42,27.416340342128876,54.6754931948061,early
28,1,6,TUBA,INSTRUMENTS,large,T,4,42,98,89,31.030407357542956,53.37085873942434,early
28,1,7,TRUMPET,INSTRUMENTS,large,T,7,87,213,190,44.14096692244505,67.92678006174292,early
28,1,8,TAMBOURINE,INSTRUMENTS,small,T,10,78,230,100,50.37939763966918,10.415685805860244,early
28,1,9,MONTREAL,CITIES,large,M,8,106,122,198,15.119214669483872,44.41471204377798,early
28,1,10,ROME,CITIES,large,R,4,250,208,147,34.266355286492214,17.123773376737255,early
28,1,11,DALLAS,CITIES,large,D,6,240,188,243,48.53049278589396,46.7729307227269,early
28,1,12,PARIS,CITIES,large,P,5,172,7,159,77.48013309842355,56.26873809608081,early
28,1,13,HIP,BODY PARTS,small,H,3,30,122,85,9.646078170652318,74.0309231765747,early
28,1,14,PELVIS,BODY PARTS,large,P,6,182,92,79,49.72340645777912,2.790546196382022,early
28,1,15,ARMS,BODY PARTS,large,A,4,191,218,151,5.514328518471645,42.30764078995323,early
28,1,16,STOMACH,BODY PARTS,small,S,7,158,66,53,44.91519777300539,27.148032303474622,early
28,2,1,UKULELE,INSTRUMENTS,small,U,7,96,163,196,64.47995469996779,50.59641327999624,early
28,2,2,MARIMBA,INSTRUMENTS,large,M,7,48,173,245,52.25083370460601,21.151384578133577,early
28,2,3,HARMONICA,INSTRUMENTS,small,H,9,90,99,71,47.11184063342451,5.658548828094901,early
28,2,4,BANJO,INSTRUMENTS,large,B,5,102,117,43,81.88450021797749,71.99084959990981,early
28,2,5,EVERGREEN,TREES,large,E,9,143,96,49,24.796373272608722,15.31729310443329,early
28,2,6,SPRUCE,TREES,large,S,6,205,5,33,12.567764189666558,35.36940472327164,early
28,2,7,COTTONWOOD,TREES,large,C,10,182,5,75,55.125923432445084,33.89812241244919,early
28,2,8,OAK,TREES,large,O,3,89,207,38,63.95029526434142,43.40893938257425,early
28,2,9,CUP,KITCHEN-RELATED,small,C,3,57,166,53,77.06837470738559,52.59503885552072,early
28,2,10,COLANDER,KITCHEN-RELATED,small,C,8,216,186,111,27.458254479438505,66.01099803887556,early
28,2,11,BLENDER,KITCHEN-RELATED,large,B,7,28,221,188,7.89595056635834,74.32910126436114,early
28,2,12,MIXER,KITCHEN-RELATED,large,M,5,142,232,164,82.02864885605695,11.877636323832045,early
28,2,13,BELT,CLOTHING,small,B,4,44,14,168,32.13891187389057,73.68432432763963,early
28,2,14,ROBE,CLOTHING,small,R,4,107,247,162,14.652283405312508,81.86708656677321,early
28,2,15,SHIRT,CLOTHING,small,S,5,187,44,97,11.0926817665155,69.88628541624318,early
28,2,16,JUMPER,CLOTHING,small,J,6,107,203,26,11.04302273417069,28.279607509116037,early
28,3,1,TIGER,MAMMALS,large,T,5,107,230,189,16.056510284427453,16.30900985188249,early
28,3,2,DONKEY,MAMMALS,large,D,6,39,4,9,48.209525567350504,62.45617319925629,early
28,3,3,HIPPOPOTAMUS,MAMMALS,large,H,12,150,217,12,46.46092303501309,31.320197885773283,early
28,3,4,DOG,MAMMALS,large,D,3,45,236,57,44.957224885445136,77.09433491502507,early
28,3,5,GAZEBO,BUILDING RELATED,large,G,6,134,37,221,79.52494677403273,78.09171609349691,early
28,3,6,BARN,BUILDING RELATED,large,B,4,135,218,176,75.52940323860685,30.761036403829458,early
28,3,7,ALCOVE,BUILDING RELATED,large,A,6,106,194,147,27.953072381694714,68.6125659818959,early
28,3,8,KITCHEN,BUILDING RELATED,large,K,7,170,136,174,10.722733525787618,33.9031217712303,early
28,3,9,CARNATION,FLOWERS,small,C,9,36,218,104,35.72186147123365,70.44664471779872,early
28,3,10,ROSE,FLOWERS,small,R,4,140,116,243,21.10352881419173,33.69564471818093,early
28,3,11,TULIP,FLOWERS,small,T,5,17,81,176,20.06480054644992,55.32213452700025,early
28,3,12,PETUNIA,FLOWERS,small,P,7,19,25,30,50.28126335670091,7.67343504235307,early
28,3,13,EAR,BODY PARTS,small,E,3,240,31,156,8.658480972213413,2.5601224856659193,early
28,3,14,FACE,BODY PARTS,small,F,4,59,206,239,77.48881415040847,15.062844809362137,early
28,3,15,KNUCKLE,BODY PARTS,small,K,7,213,28,53,41.254680222715734,78.91097495527356,early
28,3,16,HEART,BODY PARTS,small,H,5,232,155,202,10.471316394177926,3.7679500792296796,early
28,4,1,RULER,TOOLS,small,R,5,27,219,109,5.162331559337057,75.83393687699684,early
28,4,2,NUTS,TOOLS,small,N,4,212,39,188,56.218459395318284,0.3565039004401189,early
28,4,3,WASHER,TOOLS,small,W,6,238,77,171,52.02733489340915,34.8752396930312,early
28,4,4,GLUE,TOOLS,small,G,4,197,165,64,24.800336290039734,47.83345762490547,early
28,4,5,MANGO,FRUITS,small,M,5,13,99,155,67.62653713122799,67.9211913365925,early
28,4,6,NECTARINE,FRUITS,small,N,9,174,137,81,64.99590185741812,64.59907963818345,early
28,4,7,KUMQUAT,FRUITS,small,K,7,36,202,234,26.541854052624277,21.264929816701315,early
28,4,8,BANANA,FRUITS,small,B,6,81,149,205,35.33103846609278,10.705552702026491,early
28,4,9,VERMONT,STATES,large,V,7,241,89,6,32.30952483871513,56.965698786057125,early
28,4,10,CALIFORNIA,STATES,large,C,10,238,197,57,83.08285781708783,46.187731778364416,early
28,4,11,WISCONSIN,STATES,large,W,9,118,11,231,81.96788990399298,24.10924560028862,early
28,4,12,HAWAII,STATES,large,H,6,113,208,88,14.896806899032578,51.15873454600041,early
28,4,13,TOKYO,CITIES,large,T,5,25,160,200,23.62419316246905,51.1945862347096,early
28,4,14,VANCOUVER,CITIES,large,V,9,16,142,60,67.41608852621039,32.1370313166572,early
28,4,15,PHILADELPHIA,CITIES,large,P,12,254,251,211,36.088945816119555,13.622053687282204,early
28,4,16,JERUSALEM,CITIES,large,J,9,95,249,56,44.10337606729901,48.32915399511573,early
28,5,1,WOLF,MAMMALS,large,W,4,148,25,218,54.54276046513286,58.88601081925262,early
28,5,2,GOAT,MAMMALS,large,G,4,1,171,97,51.889956853484705,75.3862827008974,early
28,5,3,PANTHER,MAMMALS,large,P,7,223,135,241,51.55705029347551,5.658750413697065,early
28,5,4,SHEEP,MAMMALS,large,S,5,6,231,63,10.535031025358771,57.58490597339358,early
28,5,5,AUBERGINE,VEGETABLES,small,A,9,250,167,161,82.5326008493996,2.90594213330918,early
28,5,6,SQUASH,VEGETABLES,small,S,6,161,165,54,51.20714862369843,31.776648227798624,early
28,5,7,ZUCCHINI,VEGETABLES,small,Z,8,211,83,246,28.793970914443694,41.64630784019016,early
28,5,8,OLIVE,VEGETABLES,small,O,5,216,170,51,69.79436520412077,4.588916184034555,early
28,5,9,KIDNEY,BODY PARTS,small,K,6,96,135,118,34.43218815764602,4.889508395104458,early
28,5,10,ELBOW,BODY PARTS,small,E,5,56,128,6,83.66306871024419,4.256059609429822,early
28,5,11,FOOT,BODY PARTS,small,F,4,250,66,9,53.4046168593459,55.64500684848235,early
28,5,12,SHOULDER,BODY PARTS,small,S,8,172,146,125,45.62207372541985,14.457795359617714,early
28,5,13,STOCKHOLM,CITIES,large,S,9,184,99,132,33.923366280406086,18.073970679279334,early
28,5,14,MIAMI,CITIES,large,M,5,17,126,15,43.375187497724355,20.881319016944246,early
28,5,15,BOMBAY,CITIES,large,B,6,192,120,55,81.39474686264585,7.480185311955793,early
28,5,16,TORONTO,CITIES,large,T,7,20,128,56,13.848865889403456,26.272347589019816,early
28,6,1,WEDGE,TOOLS,small,W,5,69,70,159,6.839358645773695,34.35512585061714,early
28,6,2,WIRE,TOOLS,small,W,4,196,40,3,43.53257841900006,80.38466019114392,early
28,6,3,SCREWS,TOOLS,small,S,6,124,14,13,34.55269286367002,33.90553788511948,early
28,6,4,HAMMER,TOOLS,small,H,6,127,88,21,36.77215377888384,40.482890660583585,early
28,6,5,FIG,FRUITS,small,F,3,223,144,240,35.12996144438906,48.07017047415871,early
28,6,6,RASPBERRY,FRUITS,small,R,9,172,170,157,13.26188423361043,69.40439993820415,early
28,6,7,HONEYDEW,FRUITS,small,H,8,73,130,92,54.90501468183177,24.836836489883677,early
28,6,8,PLUM,FRUITS,small,P,4,64,241,237,58.58776449414665,29.26231840251247,early
28,6,9,HICKORY,TREES,large,H,7,83,118,239,18.297812186656046,14.322904217825489,early
28,6,10,MAPLE,TREES,large,M,5,140,254,120,50.92573948533461,15.696896204562305,early
28,6,11,PINE,TREES,large,P,4,34,229,152,55.25039216121656,74.15158592091966,early
28,6,12,ELM,TREES,large,E,3,77,40,87,2.035145897721291,28.588115574729663,early
28,6,13,TRIANGLE,INSTRUMENTS,small,T,8,80,176,126,26.298255133409892,36.410185720857484,early
28,6,14,CELLO,INSTRUMENTS,large,C,5,66,79,206,13.682108248980429,69.9584596974004,early
28,6,15,VIOLIN,INSTRUMENTS,large,V,6,96,96,223,30.70660341979667,11.254593304909433,early
28,6,16,SAXOPHONE,INSTRUMENTS,large,S,9,42,224,134,9.48511305957594,7.218887053585642,early
28,7,1,SYCAMORE,TREES,large,S,8,220,148,23,68.46065308299235,9.838704268159415,early
28,7,2,TEAK,TREES,large,T,4,7,222,183,67.8645051750335,85.42751095025793,early
28,7,3,CEDAR,TREES,large,C,5,145,191,22,21.587916928483413,52.40132210237135,early
28,7,4,PALM,TREES,large,P,4,116,207,161,52.80530032301409,57.14931579543084,early
28,7,5,BRA,CLOTHING,small,B,3,6,164,109,49.16357378663486,59.29808142045383,early
28,7,6,GLOVES,CLOTHING,small,G,6,169,125,33,52.68274095794073,16.607834228655985,early
28,7,7,TROUSERS,CLOTHING,small,T,8,85,107,162,48.700570203992925,75.45960154714305,early
28,7,8,SWEATER,CLOTHING,small,S,7,93,137,122,15.130847145065736,50.269449994929424,early
28,7,9,MANTIS,INSECTS,small,M,6,124,10,51,68.7130935759425,67.57091119978058,early
28,7,10,MILLIPEDE,INSECTS,small,M,9,112,62,201,67.01579574501866,56.040838262472846,early
28,7,11,MOSQUITO,INSECTS,small,M,8,97,192,76,31.734993562259316,1.860609947531609,early
28,7,12,HORNET,INSECTS,small,H,6,1,151,28,55.225717601149526,27.36771058540817,early
28,7,13,SYDNEY,CITIES,large,S,6,237,93,45,23.447474280806315,56.30522821092251,early
28,7,14,CHICAGO,CITIES,large,C,7,252,78,96,34.105653117042046,68.6869431699522,early
28,7,15,RENO,CITIES,large,R,4,25,32,193,6.722439401346368,76.88811930217118,early
28,7,16,BERLIN,CITIES,large,B,6,35,223,190,20.88008561795721,48.2139402369937,early
28,8,1,GINGER,VEGETABLES,small,G,6,46,39,146,58.594776920625605,51.31434176414323,late
28,8,2,PENNSYLVANIA,STATES,large,P,12,90,43,155,78.3485733642198,38.62479075589698,late
28,8,3,OKRA,VEGETABLES,small,O,4,27,109,185,26.9543442732141,4.43551175846269,late
28,8,4,TEXAS,STATES,large,T,5,92,142,29,36.54920516823056,18.05918946586604,late
28,8,5,RHINOCEROS,MAMMALS,large,R,10,230,4,76,18.544557615393387,43.46585045016836,late
28,8,6,RUTABAGA,VEGETABLES,small,R,8,186,224,177,36.51403443086914,15.559911653015996,late
28,8,7,LLAMA,MAMMALS,large,L,5,92,222,10,76.2752259369835,59.48041687963677,late
28,8,8,OHIO,STATES,large,O,4,194,239,223,29.182415576901846,27.997667154312133,late
28,8,9,BEETLE,INSECTS,small,B,6,95,168,90,38.8554144531107,48.81969869602756,late
28,8,10,RABBIT,MAMMALS,small,R,6,224,62,17,32.72885254676318,8.928559154452865,late
28,8,11,WASP,INSECTS,small,W,4,50,248,193,83.96941660640083,34.57985965682122,late
28,8,12,TERMITE,INSECTS,small,T,7,227,51,219,69.7013211347261,43.01016354031434,late
28,8,13,FOX,MAMMALS,large,F,3,142,114,222,51.867544449829964,51.10389417313603,late
28,8,14,ALASKA,STATES,large,A,6,124,244,188,26.592257594027185,28.541055194663656,late
28,8,15,CHRYSALIS,INSECTS,small,C,9,129,26,73,53.95868570454442,71.94217683181215,late
28,8,16,PUMPKIN,VEGETABLES,large,P,7,126,234,85,1.3014828923370803,9.767016542893945,late
28,9,1,HALL,BUILDING RELATED,large,H,4,155,114,97,56.36865192154047,55.51940147756736,late
28,9,2,GIRAFFE,MAMMALS,large,G,7,88,210,194,80.16245813418968,11.599763900336594,late
28,9,3,GUAVA,FRUITS,small,G,5,219,99,104,58.368599942307696,30.46015406010271,late
28,9,4,TANGELO,FRUITS,small,T,7,2,139,196,23.053089501554286,66.5131901348535,late
28,9,5,WINDOW,BUILDING RELATED,large,W,6,169,168,88,73.95030263961792,13.08551687647332,late
28,9,6,HORSE,MAMMALS,large,H,5,185,122,112,73.87619804033407,23.95296843987234,late
28,9,7,MOUSE,MAMMALS,small,M,5,97,100,192,13.362069299945976,75.45735158189788,late
28,9,8,KIWI,FRUITS,small,K,4,18,201,109,52.001927294243664,12.887157248520047,late
28,9,9,POT,KITCHEN-RELATED,large,P,3,179,251,0,2.931081665463112,53.903980523917234,late
28,9,10,DOOR,BUILDING RELATED,large,D,4,71,244,1,78.09088890714426,25.95678768621439,late
28,9,11,COW,MAMMALS,large,C,3,171,92,127,53.04977759669004,12.208879018520804,late
28,9,12,REFRIGERATOR,KITCHEN-RELATED,large,R,12,237,99,105,1.5421962794884814,38.644499157664114,late
28,9,13,CORRIDOR,BUILDING RELATED,large,C,8,59,117,187,41.76696802071374,30.542516904704634,late
28,9,14,GLASS,KITCHEN-RELATED,small,G,5,165,213,56,53.54084059025176,39.619199729268885,late
28,9,15,SPATULA,KITCHEN-RELATED,small,S,7,80,68,158,35.43111850494098,72.30624744143302,late
28,9,16,STRAWBERRY,FRUITS,small,S,10,151,122,227,72.33318914828563,58.793279990263635,late
28,10,1,MONARCH,INSECTS,small,M,7,48,152,62,75.68438561977436,13.961818292608697,late
28,10,2,ASH,TREES,large,A,3,187,188,113,36.697280251835004,23.379948589007547,late
28,10,3,XYLOPHONE,INSTRUMENTS,large,X,9,228,77,5,0.7458101767110004,16.42923460791316,late
28,10,4,EUCALYPTUS,TREES,large,E,10,130,226,49,83.55764471072261,38.11401344930751,late
28,10,5,LIP,BODY PARTS,small,L,3,92,187,195,26.868670265685576,29.17692208887664,late
28,10,6,SCORPION,INSECTS,small,S,8,173,58,25,37.513428631049436,33.7079172457067,late
28,10,7,FINGER,BODY PARTS,small,F,6,102,191,69,47.20129886015844,24.15787629785214,late
28,10,8,ACCORDION,INSTRUMENTS,large,A,9,175,3,91,50.98174352965218,34.15720542831418,late
28,10,9,WILLOW,TREES,large,W,6,184,103,151,37.68135574043143,71.76365237249992,late
28,10,10,WORM,INSECTS,small,W,4,199,62,74,82.91858577618174,54.31263729163328,late
28,10,11,BONGOS,INSTRUMENTS,large,B,6,25,228,233,49.947500383122616,4.114291932605402,late
28,10,12,GUITAR,INSTRUMENTS,large,G,6,188,52,223,17.503899247017085,69.29595077714231,late
28,10,13,HAND,BODY PARTS,small,H,4,124,36,145,26.323495755578783,81.19506663043956,late
28,10,14,POPLAR,TREES,large,P,6,167,95,65,0.16163642576382475,3.9777822551823223,late
28,10,15,LARVA,INSECTS,small,L,5,34,28,96,55.49458606251548,32.83795621776726,late
28,10,16,ANKLE,BODY PARTS,small,A,5,23,46,181,76.0965654428549,48.33286677897892,late
28,11,1,AUSTRALIA,COUNTRIES,large,A,9,88,84,89,30.225353767972454,71.11611176729296,late
28,11,2,CELERY,VEGETABLES,small,C,6,178,65,57,15.113308241775858,40.71753827013107,late
28,11,3,TROMBONE,INSTRUMENTS,large,T,8,132,135,183,26.212979799321495,73.16964203244845,late
28,11,4,LETTUCE,VEGETABLES,small,L,7,73,71,137,45.52037670189054,15.982129575309433,late
28,11,5,YAMS,VEGETABLES,small,Y,4,212,205,52,72.75336978939511,8.817232208761663,late
28,11,6,ETHIOPIA,COUNTRIES,large,E,8,184,89,144,78.78858011919345,7.735773237965356,late
28,11,7,ZEBRA,MAMMALS,large,Z,5,226,98,12,70.35704662198026,20.117384366630166,late
28,11,8,LION,MAMMALS,large,L,4,1,19,197,75.67192323875985,25.502056279286062,late
28,11,9,VIOLA,INSTRUMENTS,large,V,5,173,188,24,18.684874501083133,31.622345196226206,late
28,11,10,PIG,MAMMALS,large,P,3,222,235,73,57.52301091505015,60.735074846936854,late
28,11,11,CARROT,VEGETABLES,small,C,6,33,80,94,34.25467298515082,75.85798321012483,late
28,11,12,POLAND,COUNTRIES,large,P,6,253,234,133,21.718466592604198,49.66108468407119,late
28,11,13,ITALY,COUNTRIES,large,I,5,164,66,198,66.91641438668788,4.46330885146157,late
28,11,14,ELEPHANT,MAMMALS,large,E,8,5,106,158,24.2378513298468,55.05116177804123,late
28,11,15,MARACAS,INSTRUMENTS,small,M,7,248,140,10,44.04525182256063,44.82264734331804,late
28,11,16,BASS,INSTRUMENTS,large,B,4,192,208,123,13.103818738863849,6.470719670068714,late
28,12,1,MOOSE,MAMMALS,large,M,5,52,114,110,11.17411434714663,70.28814957309048,late
28,12,2,CLEMENTINE,FRUITS,small,C,10,233,184,193,31.43733147452771,20.385756512691554,late
28,12,3,POMEGRANATE,FRUITS,small,P,11,86,183,12,40.72903715479295,20.147611091268416,late
28,12,4,LEMON,FRUITS,small,L,5,123,163,70,72.29138446552386,62.25671383847213,late
28,12,5,IOWA,STATES,large,I,4,35,228,189,4.070850808537358,79.05930305487911,late
28,12,6,RACOON,MAMMALS,large,R,6,54,19,234,78.45103307278787,43.70661078409988,late
28,12,7,KANSAS,STATES,large,K,6,11,85,194,31.06817149916637,44.346299613309775,late
28,12,8,MONKEY,MAMMALS,large,M,6,74,188,248,7.129751661442536,36.82809434695645,late
28,12,9,PEAR,FRUITS,small,P,4,1,248,208,2.750322561516556,67.87025063023044,late
28,12,10,TONGUE,BODY PARTS,small,T,6,79,107,49,35.46254910718375,45.86802884216098,late
28,12,11,RIB,BODY PARTS,small,R,3,151,104,115,43.51782610946702,38.35074318289994,late
28,12,12,PANCREAS,BODY PARTS,small,P,8,51,252,186,19.100223422380623,26.801233636702065,late
28,12,13,FLORIDA,STATES,large,F,7,243,134,96,17.111580044712596,11.969623337484304,late
28,12,14,TOOTH,BODY PARTS,small,T,5,184,112,77,22.326705659974408,11.569770437680337,late
28,12,15,ANTELOPE,MAMMALS,large,A,8,250,134,193,11.454694545928028,15.3073047368512,late
28,12,16,MICHIGAN,STATES,large,M,8,149,25,232,33.004103881136984,12.650500085287003,late
28,13,1,PICKLE,VEGETABLES,small,P,6,196,21,32,4.613203169805843,76.07157403678703,late
28,13,2,BUTTERCUP,FLOWERS,small,B,9,24,156,184,74.64598444876283,51.125175121145936,late
28,13,3,STRAINER,KITCHEN-RELATED,small,S,8,244,142,92,49.810717533341325,58.128586389107724,late
28,13,4,DAHLIA,FLOWERS,small,D,6,146,131,191,62.793835435568695,42.74332399183378,late
28,13,5,CAULIFLOWER,VEGETABLES,small,C,11,192,39,128,56.1362065582129,1.4195203698256635,late
28,13,6,DISH,KITCHEN-RELATED,small,D,4,194,30,145,51.85941033007553,83.94492652007555,late
28,13,7,ELEVATOR,BUILDING RELATED,large,E,8,121,128,138,42.48153796228257,18.651474926634748,late
28,13,8,SAUCER,KITCHEN-RELATED,small,S,6,171,12,132,34.985651386576464,26.878188200525848,late
28,13,9,FOUNDATION,BUILDING RELATED,large,F,10,156,2,130,51.5520902917845,0.604509930275694,late
28,13,10,CARPET,BUILDING RELATED,large,C,6,157,179,50,27.506952855529768,47.18801630663974,late
28,13,11,AZALEA,FLOWERS,small,A,6,96,140,164,40.48143925673082,75.06074766539697,late
28,13,12,GRIDDLE,KITCHEN-RELATED,small,G,7,50,227,101,32.33175653552086,2.091842327113606,late
28,13,13,LOG,FLOWERS,small,L,3,230,141,133,57.004878831565534,23.104136744527942,late
28,13,14,FLOOR,BUILDING RELATED,large,F,5,86,118,120,51.931411547619604,82.72970537183006,late
28,13,15,BROCCOLI,VEGETABLES,small,B,8,209,153,195,55.327307798327965,17.77888174752966,late
28,13,16,ONION,VEGETABLES,small,O,5,205,80,156,52.10675368079872,72.13284428888949,late
28,14,1,PIANO,INSTRUMENTS,large,P,5,130,181,166,41.57596639423418,50.404283669996246,late
28,14,2,BOLTS,TOOLS,small,B,5,60,207,208,59.681158909572844,22.137467804184396,late
28,14,3,PROTRACTOR,TOOLS,small,P,10,206,207,248,48.41756974097066,33.0177169248717,late
28,14,4,CLARINET,INSTRUMENTS,small,C,8,96,0,43,74.21940558265939,10.436798512835676,late
28,14,5,SQUIRREL,MAMMALS,small,S,8,74,214,226,80.51692297764801,73.97285498166126,late
28,14,6,LEOPARD,MAMMALS,large,L,7,148,61,72,33.082833147097226,50.90581213220604,late
28,14,7,JAPAN,COUNTRIES,large,J,5,183,89,94,47.756165582896344,9.28544026427411,late
28,14,8,CHISEL,TOOLS,small,C,6,118,112,74,5.016967667087002,39.370262478339136,late
28,14,9,FERRET,MAMMALS,small,F,6,43,187,249,81.67521259932087,27.266335485985753,late
28,14,10,SAW,TOOLS,small,S,3,30,174,198,32.418962643271186,1.7752624019413377,late
28,14,11,KAZOO,INSTRUMENTS,small,K,5,245,40,180,27.261811044931033,28.730855552345442,late
28,14,12,ENGLAND,COUNTRIES,large,E,7,246,6,243,18.073776302146662,29.998441139178762,late
28,14,13,CAT,MAMMALS,large,C,3,163,237,200,56.97041674059008,30.536691821972358,late
28,14,14,FRANCE,COUNTRIES,large,F,6,226,252,40,15.28035182412504,60.48613250481658,late
28,14,15,DRUM,INSTRUMENTS,large,D,4,192,223,64,43.22233062950282,25.256116098416516,late
28,14,16,SWITZERLAND,COUNTRIES,large,S,11,5,103,94,30.302506127594512,26.857372662492246,late
28,15,1,SKILLET,KITCHEN-RELATED,large,S,7,253,224,146,13.94265962560695,54.7114271999575,late
28,15,2,GIRDLE,CLOTHING,small,G,6,164,81,240,65.25721184451166,54.02602230845544,late
28,15,3,UTAH,STATES,large,U,4,106,219,169,46.98332135298252,14.328965820431206,late
28,15,4,TOASTER,KITCHEN-RELATED,large,T,7,138,219,41,44.06641218491151,45.66382933438367,late
28,15,5,KNIFE,KITCHEN-RELATED,small,K,5,131,51,128,78.51599621236711,74.84225428737567,late
28,15,6,PANTS,CLOTHING,small,P,5,210,254,69,74.27099306432956,38.27021663676537,late
28,15,7,UNDERWEAR,CLOTHING,small,U,9,4,116,57,57.02941635834071,66.31910045577102,late
28,15,8,MONTANA,STATES,large,M,7,24,182,107,48.84290979055334,74.75036977116491,late
28,15,9,MAINE,STATES,large,M,5,240,44,88,26.3470108710739,62.115049684153306,late
28,15,10,LILY,FLOWERS,small,L,4,234,53,125,67.59747569279864,69.23791974520624,late
28,15,11,DAISY,FLOWERS,small,D,5,210,191,3,11.541607083591032,1.995895141653129,late
28,15,12,SUNFLOWER,FLOWERS,small,S,9,95,144,93,22.00209967860378,24.322524854435024,late
28,15,13,ARIZONA,STATES,large,A,7,247,113,40,78.42080616905032,15.471427513629978,late
28,15,14,FORK,KITCHEN-RELATED,small,F,4,175,206,75,8.40733997149296,74.68890601315687,late
28,15,15,NARCISSUS,FLOWERS,small,N,9,84,225,201,80.87387054622064,28.022311868569947,late
28,15,16,DRESS,CLOTHING,small,D,5,149,202,95,39.0113092729072,4.7516185485968325,late
29,0,1,TEAK,TREES,large,T,4,195,143,107,16.668545083848432,68.0076182416313,early
29,0,2,CEDAR,TREES,large,C,5,236,47,227,22.517324468173317,42.993248538705195,early
29,0,3,SYCAMORE,TREES,large,S,8,211,103,73,36.02771352473865,71.81949834505032,early
29,0,4,PALM,TREES,large,P,4,157,254,43,58.92160759358723,23.814650444794843,early
29,0,5,MANTIS,INSECTS,small,M,6,228,104,235,6.364024046228179,11.995275778937541,early
29,0,6,MILLIPEDE,INSECTS,small,M,9,228,33,210,14.0654579726166,18.261222796272683,early
29,0,7,MOSQUITO,INSECTS,small,M,8,0,185,13,21.163130911028052,6.066741655955487,early
29,0,8,HORNET,INSECTS,small,H,6,169,115,224,11.75275424634201,15.046532661023,early
29,0,9,TROUSERS,CLOTHING,small,T,8,210,103,117,18.470450895424996,10.21881735065353,early
29,0,10,GLOVES,CLOTHING,small,G,6,48,83,216,32.00928033403669,14.234715299954761,early
29,0,11,BRA,CLOTHING,small,B,3,177,136,146,56.52418757583596,70.44231340195196,early
29,0,12,SWEATER,CLOTHING,small,S,7,201,161,245,54.114388518846845,56.14894275711072,early
29,0,13,CHICAGO,CITIES,large,C,7,54,90,25,12.524753191709335,57.59461110981784,early
29,0,14,RENO,CITIES,large,R,4,65,200,35,77.3996752713665,35.980975017672904,early
29,0,15,BERLIN,CITIES,large,B,6,129,229,36,38.09896199349183,17.7204633099199,early
29,0,16,SYDNEY,CITIES,large,S,6,202,233,25,48.73142185469968,70.5436765526718,early
29,1,1,HEART,BODY PARTS,small,H,5,239,28,129,8.373617330019774,75.5183871687483,early
29,1,2,FACE,BODY PARTS,small,F,4,6,164,202,64.83929140997715,35.43594690097045,early
29,1,3,KNUCKLE,BODY PARTS,small,K,7,23,155,201,60.443021350989625,14.105881870957042,early
29,1,4,EAR,BODY PARTS,small,E,3,12,130,49,53.431605971364654,34.637524153387766,early
29,1,5,HIPPOPOTAMUS,MAMMALS,large,H,12,143,56,247,53.08238911394473,2.7317305316965417,early
29,1,6,TIGER,MAMMALS,large,T,5,254,201,98,34.89753138561772,39.746803121849965,early
29,1,7,DONKEY,MAMMALS,large,D,6,216,150,245,84.48864504915035,36.946794816187605,early
29,1,8,DOG,MAMMALS,large,D,3,252,36,194,28.049340303390757,77.84891005078369,early
29,1,9,ROSE,FLOWERS,small,R,4,42,250,44,50.047952204833585,63.95032107942423,early
29,1,10,TULIP,FLOWERS,small,T,5,204,214,247,19.536028532648547,58.316601649431036,early
29,1,11,CARNATION,FLOWERS,small,C,9,16,175,129,51.44294188283148,44.26991845721058,early
29,1,12,PETUNIA,FLOWERS,small,P,7,4,76,208,20.265848334665222,61.91696030937671,early
29,1,13,GAZEBO,BUILDING RELATED,large,G,6,20,254,94,46.59503989211301,56.89205286009598,early
29,1,14,KITCHEN,BUILDING RELATED,large,K,7,107,88,72,58.02032035593422,28.260282030737184,early
29,1,15,BARN,BUILDING RELATED,large,B,4,166,126,235,57.071396179900546,45.30671038372246,early
29,1,16,ALCOVE,BUILDING RELATED,large,A,6,251,24,123,2.253455720942844,29.575134860227106,early
29,2,1,PIG,MAMMALS,large,P,3,8,98,212,64.41494646793095,76.77892865154358,early
29,2,2,LION,MAMMALS,large,L,4,157,223,46,51.88371052338636,6.242919775436929,early
29,2,3,ELEPHANT,MAMMALS,large,E,8,122,238,239,2.84438448468935,37.567899304681106,early
29,2,4,ZEBRA,MAMMALS,large,Z,5,170,2,201,9.782886077623507,7.903534640917318,early
29,2,5,LETTUCE,VEGETABLES,small,L,7,214,27,73,32.40921085701334,49.285024527468,early
29,2,6,CELERY,VEGETABLES,small,C,6,90,33,84,68.10491681956351,7.285120757111566,early
29,2,7,YAMS,VEGETABLES,small,Y,4,198,143,96,53.37907406941789,16.314307747583534,early
29,2,8,CARROT,VEGETABLES,small,C,6,64,41,134,43.3832016647426,26.307046468908332,early
29,2,9,BASS,INSTRUMENTS,large,B,4,250,27,168,60.64985282924291,6.376847642521454,early
29,2,10,VIOLA,INSTRUMENTS,large,V,5,38,117,0,42.37772566778622,28.650525753417966,early
29,2,11,MARACAS,INSTRUMENTS,small,M,7,200,64,244,13.537735030352323,24.105040073518825,early
29,2,12,TROMBONE,INSTRUMENTS,large,T,8,26,173,244,47.911974596588806,69.85703962581997,early
29,2,13,ITALY,COUNTRIES,large,I,5,64,90,3,31.117764689928105,1.7356752788210328,early
29,2,14,AUSTRALIA,COUNTRIES,large,A,9,159,199,26,12.720467020383227,43.23424855634179,early
29,2,15,ETHIOPIA,COUNTRIES,large,E,8,70,170,120,55.96666976938988,11.84082385346749,early
29,2,16,POLAND,COUNTRIES,large,P,6,58,198,161,84.99913969002853,75.11996724197351,early
29,3,1,PICCOLO,INSTRUMENTS,small,P,7,175,95,129,38.82682619911605,9.728020975341769,early
29,3,2,TUBA,INSTRUMENTS,large,T,4,143,225,234,51.20984331897189,30.502920077096306,early
29,3,3,TRUMPET,INSTRUMENTS,large,T,7,171,168,164,72.94053061589203,0.30932373583943806,early
29,3,4,TAMBOURINE,INSTRUMENTS,small,T,10,14,48,150,43.241148970185954,8.576797199029944,early
29,3,5,ROME,CITIES,large,R,4,92,179,183,55.39376245657697,14.680305600116679,early
29,3,6,PARIS,CITIES,large,P,5,208,97,129,13.334935115191785,78.14824216632655,early
29,3,7,DALLAS,CITIES,large,D,6,40,59,214,56.01202336528123,17.137868707907217,early
29,3,8,MONTREAL,CITIES,large,M,8,55,138,88,58.46257763525378,66.0065338234315,early
29,3,9,THERMOMETER,KITCHEN-RELATED,small,T,11,75,121,72,18.96492992489221,19.417685432559374,early
29,3,10,MUG,KITCHEN-RELATED,small,M,3,8,241,143,76.59360964955724,48.331696131447394,early
29,3,11,BROILER,KITCHEN-RELATED,large,B,7,157,200,107,21.101972817684597,43.456313939333114,early
29,3,12,OVEN,KITCHEN-RELATED,large,O,4,101,217,210,9.07164826338246,33.18267130275507,early
29,3,13,HIP,BODY PARTS,small,H,3,250,53,133,14.414288272332044,56.903721814244044,early
29,3,14,ARMS,BODY PARTS,large,A,4,20,142,16,39.28484633185175,68.31316303547511,early
29,3,15,PELVIS,BODY PARTS,large,P,6,245,26,69,73.53764849860147,76.94597208461217,early
29,3,16,STOMACH,BODY PARTS,small,S,7,48,178,57,66.37193775890623,4.953449801512535,early
29,4,1,JUMPER,CLOTHING,small,J,6,46,48,165,72.09493468295071,63.60801550072034,early
29,4,2,ROBE,CLOTHING,small,R,4,224,240,67,40.49944166591749,49.524800459224046,early
29,4,3,BELT,CLOTHING,small,B,4,129,206,207,46.925027106380256,15.580661813558857,early
29,4,4,SHIRT,CLOTHING,small,S,5,92,138,90,53.43853445016822,84.02786145795613,early
29,4,5,BANJO,INSTRUMENTS,large,B,5,53,197,245,33.52734843885142,60.5248385298775,early
29,4,6,UKULELE,INSTRUMENTS,small,U,7,176,33,58,36.4939501169268,18.9019053361465,early
29,4,7,MARIMBA,INSTRUMENTS,large,M,7,26,109,111,9.099468269311835,6.212396834265123,early
29,4,8,HARMONICA,INSTRUMENTS,small,H,9,133,251,78,18.6904964938795,6.686449330194953,early
29,4,9,OAK,TREES,large,O,3,252,183,39,14.188522194278878,79.68363179838404,early
29,4,10,EVERGREEN,TREES,large,E,9,15,187,38,36.29580318370791,68.62859725008676,early
29,4,11,COTTONWOOD,TREES,large,C,10,226,142,67,14.197783792402083,7.524655102313657,early
29,4,12,SPRUCE,TREES,large,S,6,178,47,180,51.78258829543054,61.76874575248205,early
29,4,13,MIXER,KITCHEN-RELATED,large,M,5,123,103,142,75.72512030085593,65.72784854545378,early
29,4,14,COLANDER,KITCHEN-RELATED,small,C,8,7,145,250,8.699035787052365,52.11378656403251,early
29,4,15,CUP,KITCHEN-RELATED,small,C,3,184,225,69,12.729093757734177,90.00786338752194,early
29,4,16,BLENDER,KITCHEN-RELATED,large,B,7,227,28,169,52.61939644775168,19.30049040369314,early
29,5,1,SCORPION,INSECTS,small,S,8,233,232,230,50.81719081978924,60.33064015454728,early
29,5,2,LARVA,INSECTS,small,L,5,185,198,34,58.13351832690472,74.81178306409457,early
29,5,3,WORM,INSECTS,small,W,4,216,239,45,82.51588576030029,85.3176749580917,early
29,5,4,MONARCH,INSECTS,small,M,7,69,186,213,54.067252867331334,28.794626885330675,early
29,5,5,ACCORDION,INSTRUMENTS,large,A,9,77,91,71,81.60710864378356,8.451914787429521,early
29,5,6,GUITAR,INSTRUMENTS,large,G,6,220,254,184,35.16687043855802,68.07554347757275,early
29,5,7,XYLOPHONE,INSTRUMENTS,large,X,9,107,94,155,74.01477882695822,17.604119777162232,early
29,5,8,BONGOS,INSTRUMENTS,large,B,6,228,111,85,59.846571829076524,21.902036577750977,early
29,5,9,HAND,BODY PARTS,small,H,4,25,243,105,54.51101114551019,45.31601707890254,early
29,5,10,LIP,BODY PARTS,small,L,3,165,75,205,66.01946187229046,25.143994620522477,early
29,5,11,FINGER,BODY PARTS,small,F,6,164,94,115,79.04444797008853,1.3768571695221117,early
29,5,12,ANKLE,BODY PARTS,small,A,5,220,213,139,52.05368818575625,3.3699926815256442,early
29,5,13,WILLOW,TREES,large,W,6,157,153,51,66.91721682118963,23.602831089315654,early
29,5,14,POPLAR,TREES,large,P,6,214,236,167,26.80883872131041,26.458062357736118,early
29,5,15,ASH,TREES,large,A,3,64,4,32,47.45418091546899,33.1395171778091,early
29,5,16,EUCALYPTUS,TREES,large,E,10,77,214,217,18.81373642946982,18.14118850192542,early
29,6,1,COW,MAMMALS,large,C,3,231,141,99,35.48232385068382,89.97360692508143,early
29,6,2,MOUSE,MAMMALS,small,M,5,175,73,40,63.944983782382735,15.294014077877598,early
29,6,3,HORSE,MAMMALS,large,H,5,130,129,243,63.68869530738579,18.13256510815537,early
29,6,4,GIRAFFE,MAMMALS,large,G,7,188,27,45,64.6313082650661,41.880282342028984,early
29,6,5,KIWI,FRUITS,small,K,4,61,201,155,26.844418236974057,59.60314189690892,early
29,6,6,GUAVA,FRUITS,small,G,5,201,0,141,7.604224154671985,69.20209941958063,early
29,6,7,STRAWBERRY,FRUITS,small,S,10,250,135,65,78.7869750203049,8.816743465710823,early
29,6,8,TANGELO,FRUITS,small,T,7,99,158,156,81.04794293119376,35.572987681742454,early
29,6,9,HALL,BUILDING RELATED,large,H,4,138,158,146,4.784515548453024,79.50048359872277,early
29,6,10,WINDOW,BUILDING RELATED,large,W,6,108,11,56,23.46086834532072,74.02431219396539,early
29,6,11,DOOR,BUILDING RELATED,large,D,4,68,6,136,26.456365302841345,21.271449770744297,early
29,6,12,CORRIDOR,BUILDING RELATED,large,C,8,26,107,242,69.98220127141913,46.00048836941588,early
29,6,13,GLASS,KITCHEN-RELATED,small,G,5,222,195,167,45.404986206557645,10.085888530320204,early
29,6,14,REFRIGERATOR,KITCHEN-RELATED,large,R,12,2,226,7,4.504017287911726,51.5543618920306,early
29,6,15,SPATULA,KITCHEN-RELATED,small,S,7,35,194,9,17.941749190372537,75.01218622129979,early
29,6,16,POT,KITCHEN-RELATED,large,P,3,162,127,25,74.73558960421406,7.588698627562306,early
29,7,1,OHIO,STATES,large,O,4,25,215,85,81.57305356902249,87.13282592257343,early
29,7,2,PENNSYLVANIA,STATES,large,P,12,39,232,23,13.730975588606345,59.72962466308431,early
29,7,3,ALASKA,STATES,large,A,6,173,143,130,67.7279013653314,40.12992217221735,early
29,7,4,TEXAS,STATES,large,T,5,222,184,98,26.021238055361735,68.75088671412745,early
29,7,5,RHINOCEROS,MAMMALS,large,R,10,232,112,58,31.910842644065273,32.38570136861069,early
29,7,6,LLAMA,MAMMALS,large,L,5,174,42,6,39.63842734775471,40.09550660330797,early
29,7,7,FOX,MAMMALS,large,F,3,145,241,136,81.5088448661105,5.136731287270566,early
29,7,8,RABBIT,MAMMALS,small,R,6,29,209,39,51.79097454112078,65.26496733074411,early
29,7,9,TERMITE,INSECTS,small,T,7,113,184,168,32.61489448597778,39.08287099684442,early
29,7,10,WASP,INSECTS,small,W,4,116,28,176,19.931691827510384,23.173492433948354,early
29,7,11,CHRYSALIS,INSECTS,small,C,9,7,76,133,3.862600523591382,25.567157872790027,early
29,7,12,BEETLE,INSECTS,small,B,6,121,180,65,12.047469340795784,36.02797462737779,early
29,7,13,OKRA,VEGETABLES,small,O,4,87,61,26,0.8390230573290502,64.18831880628923,early
29,7,14,RUTABAGA,VEGETABLES,small,R,8,229,22,68,22.437894013630064,55.12243352212499,early
29,7,15,GINGER,VEGETABLES,small,G,6,183,44,159,16.031471051708326,30.911693792207494,early
29,7,16,PUMPKIN,VEGETABLES,large,P,7,6,41,237,46.329080026535095,29.883568185231496,early
29,8,1,KUMQUAT,FRUITS,small,K,7,66,110,1,78.52818138337223,20.198411104077273,late
29,8,2,VERMONT,STATES,large,V,7,29,66,251,47.78059419409671,57.219044123299035,late
29,8,3,GLUE,TOOLS,small,G,4,17,183,29,73.98172857130035,4.491018329862765,late
29,8,4,HAWAII,STATES,large,H,6,152,66,11,57.620748524027036,7.24649752406617,late
29,8,5,BANANA,FRUITS,small,B,6,126,23,224,38.75949612238768,22.152788002926535,late
29,8,6,WASHER,TOOLS,small,W,6,125,112,143,17.81949634361537,51.12797595415992,late
29,8,7,TOKYO,CITIES,large,T,5,200,114,142,36.1581151616916,31.31959205894212,late
29,8,8,WISCONSIN,STATES,large,W,9,146,44,175,22.284076437906492,62.90099574962569,late
29,8,9,CALIFORNIA,STATES,large,C,10,226,95,187,53.53616650376937,57.385819527515714,late
29,8,10,RULER,TOOLS,small,R,5,191,28,107,28.630361485811186,66.08609012463702,late
29,8,11,NUTS,TOOLS,small,N,4,54,195,170,41.16860167002624,3.1535039034241628,late
29,8,12,NECTARINE,FRUITS,small,N,9,152,181,57,62.16235331386269,57.1383781317035,late
29,8,13,JERUSALEM,CITIES,large,J,9,17,4,232,68.61340900465044,43.662308025954104,late
29,8,14,VANCOUVER,CITIES,large,V,9,208,240,221,66.75446189341942,7.509459717893119,late
29,8,15,MANGO,FRUITS,small,M,5,126,192,134,12.583735113590299,75.83507072004451,late
29,8,16,PHILADELPHIA,CITIES,large,P,12,11,48,30,29.262430713937885,37.91201270597102,late
29,9,1,AZALEA,FLOWERS,small,A,6,44,143,105,13.853003971530656,18.071086784815954,late
29,9,2,DISH,KITCHEN-RELATED,small,D,4,38,7,120,3.63462557733952,27.190209207132284,late
29,9,3,FLOOR,BUILDING RELATED,large,F,5,241,249,159,78.46674918716134,52.882368661706195,late
29,9,4,PICKLE,VEGETABLES,small,P,6,133,157,178,51.57717268218531,72.78127371849531,late
29,9,5,STRAINER,KITCHEN-RELATED,small,S,8,165,23,189,56.55054477152746,64.87911501663993,late
29,9,6,LOG,FLOWERS,small,L,3,229,26,139,7.50396719895239,12.66921631008345,late
29,9,7,ONION,VEGETABLES,small,O,5,240,85,35,77.74953340677655,33.23733647026007,late
29,9,8,BROCCOLI,VEGETABLES,small,B,8,59,28,56,74.5329960258709,24.94111739926827,late
29,9,9,ELEVATOR,BUILDING RELATED,large,E,8,104,247,223,14.178004879674486,24.436350843783185,late
29,9,10,CAULIFLOWER,VEGETABLES,small,C,11,183,22,246,52.1660783233422,41.487397868324024,late
29,9,11,GRIDDLE,KITCHEN-RELATED,small,G,7,238,35,135,41.93084490755059,0.262034731348999,late
29,9,12,SAUCER,KITCHEN-RELATED,small,S,6,190,63,98,80.50586688955833,65.27090102036422,late
29,9,13,BUTTERCUP,FLOWERS,small,B,9,28,142,209,42.20258614335453,57.74982548411497,late
29,9,14,CARPET,BUILDING RELATED,large,C,6,50,233,201,83.51124166490592,27.056436615445243,late
29,9,15,DAHLIA,FLOWERS,small,D,6,174,144,225,26.30769204677609,79.56623301712187,late
29,9,16,FOUNDATION,BUILDING RELATED,large,F,10,247,121,86,58.38984269968808,20.422633852433677,late
29,10,1,HICKORY,TREES,large,H,7,53,54,206,63.45175053014394,38.65627764272511,late
29,10,2,WEDGE,TOOLS,small,W,5,40,189,203,67.79111014926771,77.45093917467446,late
29,10,3,HONEYDEW,FRUITS,small,H,8,176,113,164,11.499657710676297,73.37542280745416,late
29,10,4,PLUM,FRUITS,small,P,4,251,220,242,65.50929560385778,34.75796768059076,late
29,10,5,HAMMER,TOOLS,small,H,6,158,104,14,45.561930886128984,19.781278488190907,late
29,10,6,ELM,TREES,large,E,3,217,252,214,15.029620606105844,82.1767131591481,late
29,10,7,SCREWS,TOOLS,small,S,6,43,72,189,62.30535624254321,60.85360704520526,late
29,10,8,TRIANGLE,INSTRUMENTS,small,T,8,229,120,106,8.646548429054171,55.95040299624711,late
29,10,9,PINE,TREES,large,P,4,250,68,149,62.939287360529605,15.081635802248352,late
29,10,10,RASPBERRY,FRUITS,small,R,9,233,100,163,6.537584732643413,19.77429642652989,late
29,10,11,FIG,FRUITS,small,F,3,202,250,148,69.74753404022614,65.08442717232617,late
29,10,12,VIOLIN,INSTRUMENTS,large,V,6,137,75,246,65.66438502334466,25.61875109608803,late
29,10,13,MAPLE,TREES,large,M,5,206,37,205,40.7909832846948,16.45789866954018,late
29,10,14,CELLO,INSTRUMENTS,large,C,5,254,172,27,30.870766015649604,72.19474210123543,late
29,10,15,SAXOPHONE,INSTRUMENTS,large,S,9,90,146,205,30.61897665749014,40.29805193994975,late
29,10,16,WIRE,TOOLS,small,W,4,138,104,58,44.681311500535145,57.228261033749106,late
29,11,1,PIANO,INSTRUMENTS,large,P,5,182,103,233,2.5923817860064267,36.186852842073854,late
29,11,2,BOLTS,TOOLS,small,B,5,19,179,189,6.014411093358775,56.08636763575994,late
29,11,3,FRANCE,COUNTRIES,large,F,6,116,28,84,37.60910105565531,64.25709819455633,late
29,11,4,KAZOO,INSTRUMENTS,small,K,5,193,187,13,5.086695506102968,40.71382533803491,late
29,11,5,CHISEL,TOOLS,small,C,6,69,44,130,2.2819389604861295,41.61242640390235,late
29,11,6,PROTRACTOR,TOOLS,small,P,10,40,27,253,14.564830001683378,23.437499956289713,late
29,11,7,SAW,TOOLS,small,S,3,190,186,80,20.45714207037875,90.95413040080463,late
29,11,8,FERRET,MAMMALS,small,F,6,223,85,22,55.26361631915162,51.02599387278586,late
29,11,9,JAPAN,COUNTRIES,large,J,5,93,65,155,24.59380835356589,26.353304932021718,late
29,11,10,SWITZERLAND,COUNTRIES,large,S,11,208,92,188,43.428848720805476,9.519530412758376,late
29,11,11,DRUM,INSTRUMENTS,large,D,4,156,130,140,2.0013429681458184,6.386912876414369,late
29,11,12,LEOPARD,MAMMALS,large,L,7,96,120,60,28.46061696672696,26.356953443473337,late
29,11,13,SQUIRREL,MAMMALS,small,S,8,164,173,191,72.59926817015258,44.84398164312845,late
29,11,14,ENGLAND,COUNTRIES,large,E,7,43,134,29,17.29939744397975,61.88850060502826,late
29,11,15,CAT,MAMMALS,large,C,3,33,133,46,48.332867706213655,14.175281366253754,late
29,11,16,CLARINET,INSTRUMENTS,small,C,8,67,148,31,43.00957276998665,52.51784065478705,late
29,12,1,STOCKHOLM,CITIES,large,S,9,172,34,31,38.02058421828953,57.682180823718454,late
29,12,2,GOAT,MAMMALS,large,G,4,250,92,29,1.321613294226377,23.293254648216077,late
29,12,3,SQUASH,VEGETABLES,small,S,6,124,53,12,34.50901336786348,3.8235803614337254,late
29,12,4,KIDNEY,BODY PARTS,small,K,6,136,223,9,54.88655238285738,56.21521636885386,late
29,12,5,ELBOW,BODY PARTS,small,E,5,104,217,244,4.074689887935793,82.79672706404763,late
29,12,6,SHOULDER,BODY PARTS,small,S,8,42,142,99,39.44619333141372,39.98717295068752,late
29,12,7,OLIVE,VEGETABLES,small,O,5,207,212,9,63.20231184551222,65.1579478344613,late
29,12,8,AUBERGINE,VEGETABLES,small,A,9,223,252,75,41.524759954904994,8.0776345916696,late
29,12,9,MIAMI,CITIES,large,M,5,149,156,100,78.52543452489286,14.031559775530681,late
29,12,10,TORONTO,CITIES,large,T,7,207,103,235,10.974433569398203,72.99355166580344,late
29,12,11,ZUCCHINI,VEGETABLES,small,Z,8,203,49,148,27.00087949904838,49.27959074404631,late
29,12,12,BOMBAY,CITIES,large,B,6,252,72,165,16.147051672292662,46.09165426922975,late
29,12,13,WOLF,MAMMALS,large,W,4,129,221,72,45.09314017660705,21.972454004815457,late
29,12,14,PANTHER,MAMMALS,large,P,7,7,157,133,0.14536101566328674,52.27234281499385,late
29,12,15,SHEEP,MAMMALS,large,S,5,241,138,55,36.37034697253205,72.04332696399726,late
29,12,16,FOOT,BODY PARTS,small,F,4,103,50,24,72.3452831548419,17.235789077236518,late
29,13,1,LILY,FLOWERS,small,L,4,186,145,131,18.428325221177214,42.38455446989227,late
29,13,2,MONTANA,STATES,large,M,7,14,154,205,8.161486348467111,56.05594976254311,late
29,13,3,MAINE,STATES,large,M,5,11,105,118,71.23945439275313,54.97353990229292,late
29,13,4,UTAH,STATES,large,U,4,228,69,225,76.04764677088541,53.63854736877907,late
29,13,5,KNIFE,KITCHEN-RELATED,small,K,5,146,232,46,33.367132356304666,59.35311318213664,late
29,13,6,DAISY,FLOWERS,small,D,5,29,58,65,69.07784226840434,22.725006642222986,late
29,13,7,SKILLET,KITCHEN-RELATED,large,S,7,27,174,176,19.139504308732214,10.091299155719584,late
29,13,8,FORK,KITCHEN-RELATED,small,F,4,218,224,244,30.576019906924166,68.77980975446665,late
29,13,9,NARCISSUS,FLOWERS,small,N,9,228,61,217,78.7236188654461,65.73026924319478,late
29,13,10,TOASTER,KITCHEN-RELATED,large,T,7,208,162,93,74.76727710648876,70.4231619911638,late
29,13,11,SUNFLOWER,FLOWERS,small,S,9,252,111,179,9.852055622978124,4.266343307187461,late
29,13,12,PANTS,CLOTHING,small,P,5,238,228,195,79.61399470933435,75.23003307641784,late
29,13,13,DRESS,CLOTHING,small,D,5,94,19,75,11.581913064982094,81.48464600040107,late
29,13,14,ARIZONA,STATES,large,A,7,181,17,133,26.2020520357635,43.56372127640732,late
29,13,15,UNDERWEAR,CLOTHING,small,U,9,152,122,20,24.391994637377138,63.503061380677686,late
29,13,16,GIRDLE,CLOTHING,small,G,6,87,194,120,83.41798140352077,42.83666938516751,late
29,14,1,POMEGRANATE,FRUITS,small,P,11,51,133,235,4.613448309936103,53.82350333114487,late
29,14,2,ANTELOPE,MAMMALS,large,A,8,20,69,233,56.428349603763806,57.65234245631332,late
29,14,3,MICHIGAN,STATES,large,M,8,4,57,234,6.365706837804883,39.60382088422121,late
29,14,4,MONKEY,MAMMALS,large,M,6,21,124,89,47.816507154514014,44.037047243823864,late
29,14,5,IOWA,STATES,large,I,4,47,131,106,44.70945275327337,87.86105086319252,late
29,14,6,MOOSE,MAMMALS,large,M,5,222,58,24,45.23584463195584,15.841293520307229,late
29,14,7,LEMON,FRUITS,small,L,5,80,160,95,80.16646530934248,41.99166197097843,late
29,14,8,RIB,BODY PARTS,small,R,3,240,240,185,21.266901046328453,83.34948882321517,late
29,14,9,TONGUE,BODY PARTS,small,T,6,124,230,30,14.769927899963761,74.75594297828164,late
29,14,10,PANCREAS,BODY PARTS,small,P,8,175,31,54,79.61576647991406,16.276438303422562,late
29,14,11,RACOON,MAMMALS,large,R,6,152,178,194,77.03526562656052,44.15766075243142,late
29,14,12,KANSAS,STATES,large,K,6,184,196,24,55.085712557888726,78.60622602741326,late
29,14,13,CLEMENTINE,FRUITS,small,C,10,117,2,3,63.26762858483303,32.8088360767656,late
29,14,14,PEAR,FRUITS,small,P,4,82,194,213,27.96352554500309,14.040202277225482,late
29,14,15,FLORIDA,STATES,large,F,7,27,221,143,67.64094813580093,68.3988501166142,late
29,14,16,TOOTH,BODY PARTS,small,T,5,151,3,71,64.2822644247038,53.96585340021605,late
29,15,1,IRAN,COUNTRIES,large,I,4,154,32,159,34.0075350380847,66.7467720694045,late
29,15,2,CUBA,COUNTRIES,large,C,4,132,58,245,52.60900512745238,85.66297991023082,late
29,15,3,POTATO,VEGETABLES,small,P,6,70,134,78,34.33607298501557,17.121690843558312,late
29,15,4,GARLIC,VEGETABLES,small,G,6,240,238,245,77.06045164331012,54.08457788065542,late
29,15,5,JACKET,CLOTHING,small,J,6,179,15,109,73.33271632851269,52.028033798024325,late
29,15,6,CHIMNEY,BUILDING RELATED,large,C,7,53,22,90,27.148044968386177,29.61056739747517,late
29,15,7,LOBBY,BUILDING RELATED,large,L,5,66,109,216,9.080353469703127,58.64191946938923,late
29,15,8,BLOUSE,CLOTHING,small,B,6,68,148,9,7.096383546260478,35.82893025290618,late
29,15,9,CLOSET,BUILDING RELATED,large,C,6,204,219,90,55.58652109387921,3.4803018756270823,late
29,15,10,ARTICHOKE,VEGETABLES,small,A,9,113,52,19,38.85554554130618,49.282809682988805,late
29,15,11,GERMANY,COUNTRIES,large,G,7,54,146,246,52.45174039191692,50.5991565510687,late
29,15,12,EGYPT,COUNTRIES,large,E,5,20,238,129,84.81169478265672,65.61924353351012,late
29,15,13,FURNACE,BUILDING RELATED,large,F,7,111,35,88,29.06654384773676,77.67387456372585,late
29,15,14,SUIT,CLOTHING,small,S,4,39,77,187,57.02198795266676,35.712928058571336,late
29,15,15,CAMISOLE,CLOTHING,small,C,8,239,12,5,15.009688875065843,28.128242125002412,late
29,15,16,SPINACH,VEGETABLES,small,S,7,137,10,212,68.10775870014763,42.572235409563845,late
