participant,list,output_position,word,category,serial_position,list_group
0,0,1,KIWI,FRUITS,2,early
0,0,2,WINDOW,BUILDING RELATED,3,early
0,0,3,HALL,BUILDING RELATED,4,early
0,0,4,SPATULA,KITCHEN-RELATED,7,early
0,0,5,GLASS,KITCHEN-RELATED,8,early
0,0,6,HORSE,MAMMALS,11,early
0,0,7,STRAWBERRY,FRUITS,16,early
0,0,8,DOOR,BUILDING RELATED,15,early
0,1,1,RUTABAGA,VEGETABLES,1,early
0,1,2,ALASKA,STATES,4,early
0,1,3,WASP,INSECTS,5,early
0,1,4,TERMITE,INSECTS,3,early
0,1,5,OHIO,STATES,14,early
0,1,6,PENNSYLVANIA,STATES,9,early
0,1,7,GIRAFFE,MAMMALS,6,early
0,1,8,GINGER,VEGETABLES,11,early
0,2,1,JUMPER,CLOTHING,1,early
0,2,2,UKULELE,INSTRUMENTS,2,early
0,2,3,SHIRT,CLOTHING,3,early
0,2,4,WINDOW,BUILDING RELATED,3,early
0,2,5,ROBE,CLOTHING,5,early
0,2,6,CUP,KITCHEN-RELATED,8,early
0,2,7,MIXER,KITCHEN-RELATED,12,early
0,2,8,BANJO,INSTRUMENTS,6,early
0,2,9,HARMONICA,INSTRUMENTS,15,early
0,2,10,SPRUCE,TREES,10,early
0,2,11,OAK,TREES,13,early
0,3,1,LEOPARD,MAMMALS,1,early
0,3,2,PIANO,INSTRUMENTS,2,early
0,3,3,FERRET,MAMMALS,3,early
0,3,4,SAW,TOOLS,4,early
0,3,5,PROTRACTOR,TOOLS,5,early
0,3,6,COW,MAMMALS,13,early
0,3,7,ENGLAND,COUNTRIES,7,early
0,3,8,FRANCE,COUNTRIES,11,early
0,3,9,SQUIRREL,MAMMALS,16,early
0,3,10,BOLTS,TOOLS,15,early
0,3,11,CLARINET,INSTRUMENTS,9,early
0,4,1,SCORPION,INSECTS,2,early
0,4,2,ANKLE,BODY PARTS,3,early
0,4,3,XYLOPHONE,INSTRUMENTS,6,early
0,4,4,ASH,TREES,8,early
0,4,5,EUCALYPTUS,TREES,5,early
0,4,6,ALCOVE,BUILDING RELATED,13,early
0,4,7,FINGER,BODY PARTS,9,early
0,4,8,LIP,BODY PARTS,16,early
0,4,9,SPRUCE,TREES,10,early
0,4,10,WILLOW,TREES,12,early
0,4,11,WORM,INSECTS,10,early
0,5,1,UTAH,STATES,1,early
0,5,2,FORK,KITCHEN-RELATED,2,early
0,5,3,SKILLET,KITCHEN-RELATED,14,early
0,5,4,MONTANA,STATES,5,early
0,5,5,MAINE,STATES,6,early
0,5,6,DAISY,FLOWERS,15,early
0,5,7,SUNFLOWER,FLOWERS,9,early
0,5,8,TOASTER,KITCHEN-RELATED,10,early
0,5,9,NARCISSUS,FLOWERS,13,early
0,6,1,FLOOR,BUILDING RELATED,14,early
0,6,2,FOUNDATION,BUILDING RELATED,4,early
0,6,3,SAUCER,KITCHEN-RELATED,6,early
0,6,4,BERLIN,CITIES,12,early
0,6,5,CAULIFLOWER,VEGETABLES,10,early
0,6,6,BROCCOLI,VEGETABLES,9,early
0,6,7,DAHLIA,FLOWERS,5,early
0,6,8,AZALEA,FLOWERS,2,early
0,6,9,ELEVATOR,BUILDING RELATED,1,early
0,7,1,TEAK,TREES,3,early
0,7,2,MANTIS,INSECTS,4,early
0,7,3,SWEATER,CLOTHING,5,early
0,7,4,ROME,CITIES,10,early
0,7,5,CHICAGO,CITIES,7,early
0,7,6,SYDNEY,CITIES,14,early
0,7,7,BERLIN,CITIES,12,early
0,7,8,MILLIPEDE,INSECTS,11,early
0,7,9,HORNET,INSECTS,13,early
0,8,1,ELEPHANT,MAMMALS,15,late
0,8,2,FACE,BODY PARTS,9,late
0,8,3,LION,MAMMALS,3,late
0,8,4,BASS,INSTRUMENTS,2,late
0,8,5,TROMBONE,INSTRUMENTS,4,late
0,8,6,MARACAS,INSTRUMENTS,11,late
0,8,7,ITALY,COUNTRIES,1,late
0,8,8,SPAIN,,8,late
0,8,9,ETHIOPIA,COUNTRIES,9,late
0,9,1,MONTREAL,CITIES,1,late
0,9,2,TUBA,INSTRUMENTS,7,late
0,9,3,PICCOLO,INSTRUMENTS,9,late
0,9,4,ELVIS,,4,late
0,9,5,HIP,BODY PARTS,11,late
0,9,6,ITALY,COUNTRIES,1,late
0,9,7,ROME,CITIES,10,late
0,10,1,TORONTO,CITIES,1,late
0,10,2,OLIVE,VEGETABLES,2,late
0,10,3,KIDNEY,BODY PARTS,3,late
0,10,4,GOAT,MAMMALS,6,late
0,10,5,LEOPARD,MAMMALS,1,late
0,10,6,PANTHER,MAMMALS,9,late
0,10,7,SHEEP,MAMMALS,8,late
0,10,8,BOMBAY,CITIES,13,late
0,10,9,WOLF,MAMMALS,15,late
0,11,1,GERMANY,COUNTRIES,2,late
0,11,2,JACKET,CLOTHING,1,late
0,11,3,POTATO,VEGETABLES,5,late
0,11,4,SPINACH,VEGETABLES,16,late
0,11,5,ARTICHOKE,VEGETABLES,15,late
0,11,6,CUBA,COUNTRIES,14,late
0,11,7,BLOUSE,CLOTHING,6,late
0,11,8,SUIT,CLOTHING,13,late
0,11,9,CAMISOLE,CLOTHING,12,late
0,11,10,POTATO,VEGETABLES,5,late
0,12,1,FLORIDA,STATES,1,late
0,12,2,LEMON,FRUITS,2,late
0,12,3,CLEMENTINE,FRUITS,5,late
0,12,4,MOOSE,MAMMALS,3,late
0,12,5,MICHIGAN,STATES,13,late
0,12,6,ANTELOPE,MAMMALS,14,late
0,12,7,IOWA,STATES,11,late
0,12,8,RACOON,MAMMALS,12,late
0,12,9,POMEGRANATE,FRUITS,15,late
0,12,10,PEAR,FRUITS,7,late
0,13,1,TOKYO,CITIES,16,late
0,13,2,CALIFORNIA,STATES,13,late
0,13,3,JERUSALEM,CITIES,15,late
0,13,4,VERMONT,STATES,14,late
0,13,5,PHILADELPHIA,CITIES,10,late
0,13,6,KUMQUAT,FRUITS,6,late
0,13,7,NUTS,TOOLS,2,late
0,13,8,BANANA,FRUITS,11,late
0,13,9,RULER,TOOLS,3,late
0,13,10,WASHER,TOOLS,9,late
0,13,11,MANGO,FRUITS,5,late
0,14,1,PETUNIA,FLOWERS,1,late
0,14,2,CARNATION,FLOWERS,2,late
0,14,3,ROSE,FLOWERS,10,late
0,14,4,TULIP,FLOWERS,11,late
0,14,5,HEART,BODY PARTS,6,late
0,14,6,FACE,BODY PARTS,9,late
0,14,7,BARN,BUILDING RELATED,7,late
0,14,8,ALCOVE,BUILDING RELATED,13,late
0,14,9,GAZEBO,BUILDING RELATED,15,late
0,14,10,HIPPOPOTAMUS,MAMMALS,16,late
0,14,11,TIGER,MAMMALS,8,late
0,14,12,DOG,MAMMALS,14,late
0,14,13,KITCHEN,BUILDING RELATED,3,late
0,14,14,PANCREAS,BODY PARTS,6,late
0,15,1,SAXOPHONE,INSTRUMENTS,16,late
0,15,2,VIOLIN,INSTRUMENTS,15,late
0,15,3,HONEYDEW,FRUITS,8,late
0,15,4,RASPBERRY,FRUITS,14,late
0,15,5,HAMMER,TOOLS,1,late
0,15,6,SCREWS,TOOLS,4,late
0,15,7,ELM,TREES,5,late
0,15,8,HICKORY,TREES,9,late
0,15,9,MAPLE,TREES,2,late
0,15,10,PLUM,FRUITS,11,late
0,15,11,WEDGE,TOOLS,12,late
1,0,1,PANTS,CLOTHING,1,early
1,0,2,UNDERWEAR,CLOTHING,3,early
1,0,3,DRESS,CLOTHING,4,early
1,0,4,GIRDLE,CLOTHING,2,early
1,0,5,SKILLET,KITCHEN-RELATED,6,early
1,0,6,TOASTER,KITCHEN-RELATED,8,early
1,0,7,KNIFE,KITCHEN-RELATED,7,early
1,0,8,FORK,KITCHEN-RELATED,5,early
1,0,9,ARIZONA,STATES,9,early
1,0,10,UTAH,STATES,11,early
1,0,11,MONTANA,STATES,10,early
1,0,12,DAISY,FLOWERS,16,early
1,0,13,LILY,FLOWERS,13,early
1,0,14,SUNFLOWER,FLOWERS,15,early
1,0,15,NARCISSUS,FLOWERS,14,early
1,1,1,DISH,KITCHEN-RELATED,14,early
1,1,2,MONKEY,MAMMALS,4,early
1,1,3,ANTELOPE,MAMMALS,1,early
1,1,4,TOOTH,BODY PARTS,5,early
1,1,5,RIB,BODY PARTS,6,early
1,1,6,PANCREAS,BODY PARTS,7,early
1,1,7,MICHIGAN,STATES,12,early
1,1,8,IOWA,STATES,9,early
1,1,9,LEMON,FRUITS,13,early
1,1,10,CARPET,BUILDING RELATED,5,early
1,1,11,REMNANTS,,11,early
1,1,12,CLEMENTINE,FRUITS,15,early
1,1,13,PANCREAS,BODY PARTS,7,early
1,2,1,ZEBRA,MAMMALS,1,early
1,2,2,ELEPHANT,MAMMALS,2,early
1,2,3,LION,MAMMALS,3,early
1,2,4,STRAINER,KITCHEN-RELATED,9,early
1,2,5,ITALY,COUNTRIES,10,early
1,2,6,POLAND,COUNTRIES,11,early
1,3,1,TORONTO,CITIES,1,early
1,3,2,MIAMI,CITIES,3,early
1,3,3,STOCKHOLM,CITIES,4,early
1,3,4,ELBOW,BODY PARTS,16,early
1,3,5,FOOT,BODY PARTS,14,early
1,3,6,AUBERGINE,VEGETABLES,11,early
1,3,7,SQUASH,VEGETABLES,9,early
1,3,8,PARIS,CITIES,4,early
1,4,1,SWITZERLAND,COUNTRIES,13,early
1,4,2,FRANCE,COUNTRIES,14,early
1,4,3,ENGLAND,COUNTRIES,15,early
1,4,4,JAPAN,COUNTRIES,16,early
1,4,5,BOLTS,TOOLS,9,early
1,4,6,CHISEL,TOOLS,12,early
1,4,7,CAT,MAMMALS,2,early
1,4,8,FERRET,MAMMALS,1,early
1,4,9,SQUIRREL,MAMMALS,3,early
1,4,10,LEOPARD,MAMMALS,4,early
1,4,11,SAW,TOOLS,11,early
1,4,12,KAZOO,INSTRUMENTS,8,early
1,5,1,MANTIS,INSECTS,16,early
1,5,2,CEDAR,TREES,1,early
1,5,3,SYDNEY,CITIES,6,early
1,5,4,BERLIN,CITIES,7,early
1,5,5,CHICAGO,CITIES,5,early
1,6,1,ELM,TREES,14,early
1,6,2,HICKORY,TREES,16,early
1,6,3,PLUM,FRUITS,9,early
1,6,4,VIOLIN,INSTRUMENTS,1,early
1,6,5,CELLO,INSTRUMENTS,2,early
1,6,6,TRIANGLE,INSTRUMENTS,3,early
1,6,7,SAXOPHONE,INSTRUMENTS,4,early
1,6,8,MIAMI,CITIES,3,early
1,6,9,SCREWS,TOOLS,7,early
1,6,10,WEDGE,TOOLS,8,early
1,6,11,PINE,TREES,15,early
1,7,1,WISCONSIN,STATES,1,early
1,7,2,PHILADELPHIA,CITIES,5,early
1,7,3,JERUSALEM,CITIES,8,early
1,7,4,HAWAII,STATES,4,early
1,8,1,MONTREAL,CITIES,1,late
1,9,1,FOUNDATION,BUILDING RELATED,16,late
1,9,2,CAULIFLOWER,VEGETABLES,15,late
1,9,3,BROCCOLI,VEGETABLES,3,late
1,9,4,GRIDDLE,KITCHEN-RELATED,4,late
1,10,1,MOUSE,MAMMALS,14,late
1,10,2,SPATULA,KITCHEN-RELATED,15,late
1,10,3,HORSE,MAMMALS,16,late
1,10,4,KIWI,FRUITS,2,late
1,10,5,STRAWBERRY,FRUITS,12,late
1,10,6,REFRIGERATOR,KITCHEN-RELATED,1,late
1,10,7,WINDOW,BUILDING RELATED,6,late
1,10,8,WOLF,MAMMALS,8,late
1,10,9,GIRAFFE,MAMMALS,5,late
1,10,10,TANGELO,FRUITS,3,late
1,11,1,JUMPER,CLOTHING,12,late
1,11,2,BELT,CLOTHING,14,late
1,11,3,COTTONWOOD,TREES,15,late
1,11,4,MARIMBA,INSTRUMENTS,16,late
1,11,5,MIXER,KITCHEN-RELATED,1,late
1,11,6,UKULELE,INSTRUMENTS,2,late
1,11,7,HARMONICA,INSTRUMENTS,11,late
1,12,1,ACCORDION,INSTRUMENTS,14,late
1,12,2,FINGER,BODY PARTS,15,late
1,12,3,ASH,TREES,16,late
1,12,4,EUCALYPTUS,TREES,8,late
1,12,5,LIP,BODY PARTS,11,late
1,12,6,HAND,BODY PARTS,12,late
1,12,7,POPLAR,TREES,5,late
1,13,1,ALASKA,STATES,16,late
1,13,2,PHILADELPHIA,CITIES,5,late
1,13,3,WASP,INSECTS,4,late
1,13,4,BEETLE,INSECTS,2,late
1,13,5,RHINOCEROS,MAMMALS,1,late
1,13,6,TERMITE,INSECTS,7,late
1,14,1,GERMANY,COUNTRIES,10,late
1,14,2,CUBA,COUNTRIES,12,late
1,14,3,CHIMNEY,BUILDING RELATED,13,late
1,14,4,BLOUSE,CLOTHING,15,late
1,14,5,GARLIC,VEGETABLES,16,late
1,14,6,CLOSET,BUILDING RELATED,9,late
1,14,7,FURNACE,BUILDING RELATED,2,late
1,15,1,APARTMENTS,,1,late
1,15,2,IN,,2,late
1,15,3,CHINO,,3,late
1,15,4,HEART,BODY PARTS,14,late
1,15,5,TULIP,FLOWERS,16,late
1,15,6,WIRE,TOOLS,5,late
1,15,7,FACE,BODY PARTS,3,late
2,0,1,VIOLA,INSTRUMENTS,16,early
2,0,2,PIG,MAMMALS,1,early
2,0,3,ZEBRA,MAMMALS,2,early
2,0,4,LION,MAMMALS,3,early
2,0,5,BASS,INSTRUMENTS,14,early
2,0,6,ITALY,COUNTRIES,8,early
2,0,7,ETHIOPIA,COUNTRIES,6,early
2,0,8,AUSTRALIA,COUNTRIES,5,early
2,0,9,AUSTRALIA,COUNTRIES,5,early
2,0,10,TROMBONE,INSTRUMENTS,13,early
2,0,11,CELERY,VEGETABLES,9,early
2,0,12,LETTUCE,VEGETABLES,12,early
2,0,13,CARROT,VEGETABLES,10,early
2,0,14,ITALY,COUNTRIES,8,early
2,0,15,ELEPHANT,MAMMALS,4,early
2,1,1,RIB,BODY PARTS,4,early
2,1,2,PANCREAS,BODY PARTS,2,early
2,1,3,IOWA,STATES,10,early
2,1,4,FLORIDA,STATES,11,early
2,1,5,KANSAS,STATES,12,early
2,1,6,MICHIGAN,STATES,9,early
2,1,7,CLEMENTINE,FRUITS,13,early
2,1,8,POMEGRANATE,FRUITS,14,early
2,1,9,LEMON,FRUITS,15,early
2,2,1,GLUE,TOOLS,13,early
2,2,2,NUTS,TOOLS,14,early
2,2,3,RULER,TOOLS,16,early
2,2,4,WASHER,TOOLS,15,early
2,2,5,VERMONT,STATES,2,early
2,2,6,WISCONSIN,STATES,4,early
2,2,7,CALIFORNIA,STATES,3,early
2,2,8,HAWAII,STATES,1,early
2,2,9,PHILADELPHIA,CITIES,8,early
2,2,10,IS,,10,early
2,2,11,JERUSALEM,CITIES,5,early
2,2,12,VANCOUVER,CITIES,6,early
2,2,13,TOKYO,CITIES,7,early
2,3,1,JACKET,CLOTHING,14,early
2,3,2,CAMISOLE,CLOTHING,15,early
2,3,3,BLOUSE,CLOTHING,16,early
2,3,4,CLOSET,BUILDING RELATED,1,early
2,3,5,FURNACE,BUILDING RELATED,4,early
2,3,6,CHIMNEY,BUILDING RELATED,3,early
2,3,7,SUIT,CLOTHING,13,early
2,3,8,IRAN,COUNTRIES,10,early
2,3,9,EGYPT,COUNTRIES,9,early
2,3,10,GERMANY,COUNTRIES,11,early
2,3,11,CUBA,COUNTRIES,12,early
2,4,1,ELEVATOR,BUILDING RELATED,16,early
2,4,2,CARPET,BUILDING RELATED,15,early
2,4,3,FOUNDATION,BUILDING RELATED,14,early
2,4,4,PICKLE,VEGETABLES,1,early
2,4,5,DAHLIA,FLOWERS,6,early
2,4,6,CAULIFLOWER,VEGETABLES,2,early
2,4,7,ONION,VEGETABLES,4,early
2,5,1,HARMONICA,INSTRUMENTS,2,early
2,5,2,UKULELE,INSTRUMENTS,1,early
2,5,3,BANJO,INSTRUMENTS,3,early
2,5,4,MIXER,KITCHEN-RELATED,6,early
2,5,5,BLENDER,KITCHEN-RELATED,8,early
2,5,6,CUP,KITCHEN-RELATED,7,early
2,5,7,SHIRT,CLOTHING,11,early
2,5,8,BELT,CLOTHING,12,early
2,5,9,COTTONWOOD,TREES,13,early
2,5,10,EVERGREEN,TREES,16,early
2,5,11,SPRUCE,TREES,15,early
2,5,12,POLAND,COUNTRIES,7,early
2,6,1,WOLF,MAMMALS,15,early
2,6,2,SHEEP,MAMMALS,16,early
2,6,3,PANTHER,MAMMALS,14,early
2,6,4,GOAT,MAMMALS,13,early
2,6,5,SHOULDER,BODY PARTS,1,early
2,6,6,ELBOW,BODY PARTS,4,early
2,6,7,KIDNEY,BODY PARTS,3,early
2,6,8,FOOT,BODY PARTS,2,early
2,6,9,FLORIDA,STATES,11,early
2,6,10,MIAMI,CITIES,5,early
2,6,11,VANCOUVER,CITIES,6,early
2,6,12,STOCKHOLM,CITIES,7,early
2,7,1,LARVA,INSECTS,16,early
2,7,2,SCORPION,INSECTS,15,early
2,7,3,LIP,BODY PARTS,11,early
2,7,4,WORM,INSECTS,14,early
2,7,5,HAND,BODY PARTS,9,early
2,7,6,FINGER,BODY PARTS,12,early
2,7,7,FOOT,BODY PARTS,2,early
2,7,8,ACCORDION,INSTRUMENTS,3,early
2,7,9,BANJO,INSTRUMENTS,3,early
2,7,10,GUITAR,INSTRUMENTS,4,early
2,7,11,ZEBRA,MAMMALS,2,early
2,7,12,NO,,12,early
2,7,13,XYLOPHONE,INSTRUMENTS,2,early
2,8,1,BRA,CLOTHING,15,late
2,8,2,BERLIN,CITIES,16,late
2,8,3,TROUSERS,CLOTHING,3,late
2,8,4,GLOVES,CLOTHING,1,late
2,8,5,SWEATER,CLOTHING,5,late
2,8,6,PALM,TREES,7,late
2,8,7,RENO,CITIES,9,late
2,8,8,SYDNEY,CITIES,6,late
2,8,9,SYCAMORE,TREES,4,late
2,8,10,TEAK,TREES,12,late
2,8,11,MOSQUITO,INSECTS,8,late
2,8,12,MONARCH,INSECTS,13,late
2,8,13,WORM,INSECTS,14,late
2,9,1,FRANCE,COUNTRIES,15,late
2,9,2,ENGLAND,COUNTRIES,3,late
2,9,3,SWITZERLAND,COUNTRIES,8,late
2,9,4,BOLTS,TOOLS,1,late
2,9,5,PIANO,INSTRUMENTS,2,late
2,9,6,CAT,MAMMALS,4,late
2,9,7,FERRET,MAMMALS,16,late
2,9,8,LEOPARD,MAMMALS,9,late
2,9,9,KAZOO,INSTRUMENTS,13,late
2,9,10,DRUM,INSTRUMENTS,6,late
2,10,1,MAPLE,TREES,16,late
2,10,2,FIG,FRUITS,1,late
2,11,1,TEXAS,STATES,8,late
2,11,2,OHIO,STATES,9,late
2,11,3,FOX,MAMMALS,1,late
2,11,4,BEETLE,INSECTS,3,late
2,11,5,OKRA,VEGETABLES,13,late
2,11,6,PUMPKIN,VEGETABLES,5,late
2,11,7,PENNSYLVANIA,STATES,2,late
2,11,8,LLAMA,MAMMALS,4,late
2,11,9,GINGER,VEGETABLES,15,late
2,11,10,RABBIT,MAMMALS,14,late
2,12,1,GUAVA,FRUITS,16,late
2,12,2,STRAWBERRY,FRUITS,15,late
2,12,3,SPATULA,KITCHEN-RELATED,2,late
2,12,4,DOOR,BUILDING RELATED,5,late
2,12,5,GLASS,KITCHEN-RELATED,3,late
2,12,6,HORSE,MAMMALS,1,late
2,12,7,HALL,BUILDING RELATED,6,late
2,13,1,FORK,KITCHEN-RELATED,1,late
2,13,2,GIRDLE,CLOTHING,2,late
2,13,3,UNDERWEAR,CLOTHING,3,late
2,13,4,UTAH,STATES,7,late
2,13,5,MAINE,STATES,14,late
2,13,6,KNIFE,KITCHEN-RELATED,5,late
2,13,7,PANTS,CLOTHING,16,late
2,13,8,LILY,FLOWERS,9,late
2,13,9,DAISY,FLOWERS,12,late
2,13,10,SUNFLOWER,FLOWERS,13,late
2,13,11,SKILLET,KITCHEN-RELATED,10,late
2,14,1,TUBA,INSTRUMENTS,16,late
2,14,2,TAMBOURINE,INSTRUMENTS,5,late
2,14,3,PICCOLO,INSTRUMENTS,14,late
2,14,4,HIP,BODY PARTS,1,late
2,14,5,ARMS,BODY PARTS,7,late
2,14,6,THERMOMETER,KITCHEN-RELATED,8,late
2,15,1,FACE,BODY PARTS,16,late
2,15,2,EAR,BODY PARTS,2,late
2,15,3,KNUCKLE,BODY PARTS,14,late
2,15,4,HEART,BODY PARTS,15,late
2,15,5,PETUNIA,FLOWERS,1,late
2,15,6,TULIP,FLOWERS,3,late
2,15,7,CARNATION,FLOWERS,10,late
2,15,8,ALCOVE,BUILDING RELATED,5,late
2,15,9,KITCHEN,BUILDING RELATED,6,late
2,15,10,TIGER,MAMMALS,4,late
2,15,11,DONKEY,MAMMALS,7,late
2,15,12,DOG,MAMMALS,13,late
3,0,1,CAMISOLE,CLOTHING,1,early
3,0,2,JACKET,CLOTHING,2,early
3,0,3,SUIT,CLOTHING,4,early
3,0,4,GERMANY,COUNTRIES,9,early
3,0,5,EGYPT,COUNTRIES,11,early
3,0,6,ARTICHOKE,VEGETABLES,13,early
3,0,7,FURNACE,BUILDING RELATED,6,early
3,1,1,PANCREAS,BODY PARTS,13,early
3,1,2,TOOTH,BODY PARTS,14,early
3,1,3,RIB,BODY PARTS,15,early
3,1,4,CLEMENTINE,FRUITS,11,early
3,1,5,MICHIGAN,STATES,3,early
3,1,6,FLORIDA,STATES,2,early
3,1,7,KANSAS,STATES,4,early
3,2,1,ROME,CITIES,4,early
3,2,2,DALLAS,CITIES,2,early
3,2,3,MONTREAL,CITIES,3,early
3,2,4,PICCOLO,INSTRUMENTS,7,early
3,2,5,TRUMPET,INSTRUMENTS,5,early
3,2,6,TAMBOURINE,INSTRUMENTS,8,early
3,2,7,STOMACH,BODY PARTS,15,early
3,3,1,AUSTRALIA,COUNTRIES,15,early
3,3,2,ITALY,COUNTRIES,14,early
3,3,3,ZEBRA,MAMMALS,11,early
3,3,4,ELEPHANT,MAMMALS,10,early
3,3,5,LION,MAMMALS,12,early
3,3,6,PIG,MAMMALS,9,early
3,3,7,VIOLA,INSTRUMENTS,5,early
3,3,8,MARACAS,INSTRUMENTS,7,early
3,4,1,RABBIT,MAMMALS,1,early
3,4,2,FOX,MAMMALS,3,early
3,4,3,GINGER,VEGETABLES,5,early
3,4,4,KRYSTAL'S,,4,early
3,4,5,ALASKA,STATES,15,early
3,5,1,FERRET,MAMMALS,15,early
3,5,2,LEOPARD,MAMMALS,16,early
3,5,3,PROTRACTOR,TOOLS,6,early
3,6,1,ROME,CITIES,4,early
3,6,2,CARNATION,FLOWERS,2,early
3,6,3,HIPPOPOTAMUS,MAMMALS,5,early
3,6,4,DOG,MAMMALS,6,early
3,6,5,KITCHEN,BUILDING RELATED,12,early
3,6,6,GAZEBO,BUILDING RELATED,10,early
3,6,7,OAK,TREES,2,early
3,6,8,KNUCKLE,BODY PARTS,15,early
3,7,1,ASH,TREES,11,early
3,7,2,WILLOW,TREES,12,early
3,7,3,MONARCH,INSECTS,5,early
3,7,4,WORM,INSECTS,6,early
3,7,5,SCORPION,INSECTS,7,early
3,7,6,EUCALYPTUS,TREES,10,early
3,8,1,BANJO,INSTRUMENTS,15,late
3,8,2,ROBE,CLOTHING,1,late
3,8,3,HARMONICA,INSTRUMENTS,3,late
3,8,4,COLANDER,KITCHEN-RELATED,8,late
3,8,5,UKULELE,INSTRUMENTS,12,late
3,9,1,CHICAGO,CITIES,6,late
3,9,2,ROME,CITIES,4,late
3,9,3,HORNET,INSECTS,2,late
3,9,4,MILLIPEDE,INSECTS,3,late
3,9,5,SWEATER,CLOTHING,14,late
3,9,6,TROUSERS,CLOTHING,4,late
3,9,7,CEDAR,TREES,5,late
3,10,1,GOAT,MAMMALS,7,late
3,10,2,PANTHER,MAMMALS,9,late
3,10,3,BOMBAY,CITIES,1,late
3,10,4,MIAMI,CITIES,14,late
3,10,5,ELBOW,BODY PARTS,10,late
3,10,6,STOCKHOLM,CITIES,15,late
3,11,1,HONEYDEW,FRUITS,9,late
3,11,2,VIOLIN,INSTRUMENTS,5,late
3,11,3,SCREWS,TOOLS,14,late
3,12,1,GUAVA,FRUITS,5,late
3,12,2,STRAWBERRY,FRUITS,8,late
3,12,3,IRAN,COUNTRIES,12,late
3,12,4,DOOR,BUILDING RELATED,11,late
3,12,5,PINE,TREES,1,late
3,12,6,HORSE,MAMMALS,3,late
3,12,7,WINDOW,BUILDING RELATED,4,late
3,13,1,WISCONSIN,STATES,13,late
3,13,2,VERMONT,STATES,14,late
3,13,3,VANCOUVER,CITIES,15,late
3,13,4,PHILADELPHIA,CITIES,2,late
3,13,5,NECTARINE,FRUITS,5,late
3,13,6,RULER,TOOLS,6,late
3,13,7,WASHER,TOOLS,1,late
3,14,1,BROCCOLI,VEGETABLES,11,late
3,14,2,CAULIFLOWER,VEGETABLES,15,late
3,14,3,FOUNDATION,BUILDING RELATED,1,late
3,14,4,CARPET,BUILDING RELATED,16,late
3,15,1,MONTANA,STATES,13,late
3,15,2,UTAH,STATES,14,late
3,15,3,DRESS,CLOTHING,15,late
3,15,4,KNIFE,KITCHEN-RELATED,16,late
3,15,5,FORK,KITCHEN-RELATED,6,late
3,15,6,DAISY,FLOWERS,8,late
3,15,7,LILY,FLOWERS,10,late
3,15,8,TOASTER,KITCHEN-RELATED,7,late
3,15,9,RENO,CITIES,16,late
3,15,10,SKILLET,KITCHEN-RELATED,9,late
3,15,11,NARCISSUS,FLOWERS,5,late
4,0,1,SYDNEY,CITIES,1,early
4,0,2,BERLIN,CITIES,2,early
4,0,3,CHICAGO,CITIES,3,early
4,0,4,RENO,CITIES,4,early
4,0,5,SWEATER,CLOTHING,5,early
4,0,6,GLOVES,CLOTHING,6,early
4,0,7,TROUSERS,CLOTHING,7,early
4,0,8,BRA,CLOTHING,8,early
4,0,9,SYCAMORE,TREES,9,early
4,0,10,CEDAR,TREES,11,early
4,0,11,HALL,BUILDING RELATED,6,early
4,0,12,MOSQUITO,INSECTS,15,early
4,0,13,HORNET,INSECTS,16,early
4,0,14,MILLIPEDE,INSECTS,14,early
4,0,15,TEAK,TREES,10,early
4,0,16,HALL,BUILDING RELATED,6,early
4,1,1,KIWI,FRUITS,1,early
4,1,2,GUAVA,FRUITS,2,early
4,1,3,TANGELO,FRUITS,3,early
4,1,4,STRAWBERRY,FRUITS,4,early
4,1,5,WINDOW,BUILDING RELATED,5,early
4,1,6,HALL,BUILDING RELATED,6,early
4,1,7,CORRIDOR,BUILDING RELATED,8,early
4,1,8,DOOR,BUILDING RELATED,7,early
4,1,9,COW,MAMMALS,13,early
4,1,10,HORSE,MAMMALS,14,early
4,1,11,GIRAFFE,MAMMALS,15,early
4,1,12,POT,KITCHEN-RELATED,9,early
4,1,13,GLASS,KITCHEN-RELATED,10,early
4,1,14,REFRIGERATOR,KITCHEN-RELATED,11,early
4,2,1,LOBBY,BUILDING RELATED,5,early
4,2,2,CLOSET,BUILDING RELATED,7,early
4,2,3,CHIMNEY,BUILDING RELATED,6,early
4,2,4,CAMISOLE,CLOTHING,16,early
4,2,5,JACKET,CLOTHING,13,early
4,2,6,BLOUSE,CLOTHING,14,early
4,2,7,CUBA,COUNTRIES,9,early
4,2,8,IRAN,COUNTRIES,10,early
4,2,9,EGYPT,COUNTRIES,11,early
4,2,10,GERMANY,COUNTRIES,12,early
4,3,1,TOASTER,KITCHEN-RELATED,1,early
4,3,2,KNIFE,KITCHEN-RELATED,2,early
4,3,3,FORK,KITCHEN-RELATED,3,early
4,3,4,SKILLET,KITCHEN-RELATED,4,early
4,3,5,NARCISSUS,FLOWERS,7,early
4,3,6,DAISY,FLOWERS,6,early
4,3,7,LILY,FLOWERS,5,early
4,3,8,SUNFLOWER,FLOWERS,8,early
4,3,9,MONTANA,STATES,9,early
4,3,10,ARIZONA,STATES,10,early
4,3,11,UTAH,STATES,11,early
4,3,12,MAINE,STATES,12,early
4,3,13,PANTS,CLOTHING,13,early
4,3,14,GIRDLE,CLOTHING,14,early
4,3,15,UNDERWEAR,CLOTHING,16,early
4,4,1,GRIDDLE,KITCHEN-RELATED,14,early
4,4,2,DISH,KITCHEN-RELATED,15,early
4,4,3,SAUCER,KITCHEN-RELATED,16,early
4,4,4,LOG,FLOWERS,9,early
4,4,5,BUTTERCUP,FLOWERS,10,early
4,4,6,DAHLIA,FLOWERS,11,early
4,4,7,AZALEA,FLOWERS,12,early
4,4,8,ELEVATOR,BUILDING RELATED,2,early
4,4,9,CARPET,BUILDING RELATED,1,early
4,4,10,FOUNDATION,BUILDING RELATED,4,early
4,4,11,FLOOR,BUILDING RELATED,3,early
4,4,12,BROCCOLI,VEGETABLES,5,early
4,4,13,ONION,VEGETABLES,8,early
4,4,14,CAULIFLOWER,VEGETABLES,7,early
4,5,1,GLUE,TOOLS,13,early
4,5,2,NUTS,TOOLS,14,early
4,5,3,WASHER,TOOLS,15,early
4,5,4,RULER,TOOLS,16,early
4,5,5,KUMQUAT,FRUITS,11,early
4,5,6,NECTARINE,FRUITS,10,early
4,5,7,BANANA,FRUITS,12,early
4,5,8,HAWAII,STATES,5,early
4,5,9,CALIFORNIA,STATES,6,early
4,5,10,WISCONSIN,STATES,7,early
4,5,11,VERMONT,STATES,8,early
4,5,12,VANCOUVER,CITIES,1,early
4,5,13,TOKYO,CITIES,2,early
4,6,1,DONKEY,MAMMALS,14,early
4,6,2,TIGER,MAMMALS,15,early
4,6,3,DOG,MAMMALS,16,early
4,6,4,ALCOVE,BUILDING RELATED,1,early
4,6,5,GAZEBO,BUILDING RELATED,3,early
4,6,6,BARN,BUILDING RELATED,2,early
4,6,7,KITCHEN,BUILDING RELATED,4,early
4,6,8,FACE,BODY PARTS,9,early
4,6,9,HEART,BODY PARTS,10,early
4,6,10,KNUCKLE,BODY PARTS,11,early
4,6,11,EAR,BODY PARTS,12,early
4,6,12,PETUNIA,FLOWERS,6,early
4,6,13,ROSE,FLOWERS,7,early
4,6,14,TULIP,FLOWERS,8,early
4,7,1,POPLAR,TREES,13,early
4,7,2,EUCALYPTUS,TREES,14,early
4,7,3,ASH,TREES,15,early
4,7,4,WILLOW,TREES,16,early
4,7,5,FINGER,BODY PARTS,1,early
4,7,6,ANKLE,BODY PARTS,2,early
4,7,7,LIP,BODY PARTS,4,early
4,7,8,HAND,BODY PARTS,3,early
4,7,9,GUITAR,INSTRUMENTS,5,early
4,7,10,BONGOS,INSTRUMENTS,6,early
4,7,11,XYLOPHONE,INSTRUMENTS,7,early
4,7,12,ACCORDION,INSTRUMENTS,8,early
4,7,13,SCORPION,INSECTS,9,early
4,7,14,WORM,INSECTS,10,early
4,7,15,MONARCH,INSECTS,11,early
4,7,16,LARVA,INSECTS,12,early
4,8,1,ROME,CITIES,16,late
4,8,2,MONTREAL,CITIES,1,late
4,8,3,PARIS,CITIES,12,late
4,8,4,DALLAS,CITIES,14,late
4,8,5,ARMS,BODY PARTS,2,late
4,8,6,HIPS,,6,late
4,8,7,PELVIS,BODY PARTS,11,late
4,8,8,STOMACH,BODY PARTS,7,late
4,8,9,OVEN,KITCHEN-RELATED,8,late
4,8,10,BROILER,KITCHEN-RELATED,13,late
4,8,11,THERMOMETER,KITCHEN-RELATED,9,late
4,8,12,TRUMPET,INSTRUMENTS,4,late
4,8,13,TUBA,INSTRUMENTS,6,late
4,8,14,PICCOLO,INSTRUMENTS,10,late
4,8,15,TAMBOURINE,INSTRUMENTS,15,late
4,8,16,MONTREAL,CITIES,1,late
4,8,17,DALLAS,CITIES,14,late
4,8,18,PARIS,CITIES,12,late
4,9,1,UKULELE,INSTRUMENTS,16,late
4,9,2,JUMPER,CLOTHING,2,late
4,9,3,SHIRT,CLOTHING,13,late
4,9,4,BELT,CLOTHING,5,late
4,9,5,ROBE,CLOTHING,14,late
4,9,6,COLANDER,KITCHEN-RELATED,1,late
4,9,7,EVERGREEN,TREES,8,late
4,9,8,BLENDER,KITCHEN-RELATED,9,late
4,9,9,MIXER,KITCHEN-RELATED,10,late
4,9,10,SPRUCE,TREES,12,late
4,9,11,BANJO,INSTRUMENTS,11,late
4,9,12,UKULELE,INSTRUMENTS,16,late
4,9,13,CUP,KITCHEN-RELATED,3,late
4,10,1,LEOPARD,MAMMALS,6,late
4,10,2,SQUIRREL,MAMMALS,1,late
4,10,3,FERRET,MAMMALS,11,late
4,10,4,PIANO,INSTRUMENTS,2,late
4,10,5,CLARINET,INSTRUMENTS,5,late
4,10,6,SAW,TOOLS,4,late
4,10,7,PROTRACTOR,TOOLS,3,late
4,10,8,BOLTS,TOOLS,14,late
4,10,9,JAPAN,COUNTRIES,12,late
4,10,10,ENGLAND,COUNTRIES,13,late
4,10,11,FRANCE,COUNTRIES,10,late
4,10,12,SWITZERLAND,COUNTRIES,7,late
4,10,13,SQUIRREL,MAMMALS,1,late
4,11,1,RUTABAGA,VEGETABLES,14,late
4,11,2,RHINOCEROS,MAMMALS,13,late
4,11,3,PENNSYLVANIA,STATES,16,late
4,11,4,BEETLE,INSECTS,6,late
4,11,5,CHRYSALIS,INSECTS,5,late
4,11,6,OKRA,VEGETABLES,2,late
4,11,7,PUMPKIN,VEGETABLES,11,late
4,11,8,ALASKA,STATES,1,late
4,11,9,FOX,MAMMALS,9,late
4,11,10,RABBIT,MAMMALS,8,late
4,11,11,OHIO,STATES,10,late
4,12,1,ANTELOPE,MAMMALS,15,late
4,12,2,MONKEY,MAMMALS,16,late
4,12,3,MOOSE,MAMMALS,10,late
4,12,4,IOWA,STATES,4,late
4,12,5,FLORIDA,STATES,6,late
4,12,6,MICHIGAN,STATES,8,late
4,12,7,PANCREAS,BODY PARTS,1,late
4,12,8,TONGUE,BODY PARTS,5,late
4,12,9,TOOTH,BODY PARTS,14,late
4,12,10,RIBS,,10,late
4,12,11,PEAR,FRUITS,7,late
4,12,12,LEMON,FRUITS,9,late
4,12,13,DONKEY,MAMMALS,14,late
4,12,14,MONKEY,MAMMALS,16,late
4,12,15,POMEGRANATE,FRUITS,2,late
4,13,1,CELLO,INSTRUMENTS,16,late
4,13,2,TRIANGLE,INSTRUMENTS,4,late
4,13,3,FIG,FRUITS,7,late
4,13,4,MAPLE,TREES,1,late
4,13,5,PIANO,INSTRUMENTS,2,late
4,13,6,WEDGE,TOOLS,9,late
4,13,7,HAMMER,TOOLS,12,late
4,13,8,BOLTS,TOOLS,14,late
4,13,9,HONEYDEW,FRUITS,15,late
4,13,10,RASPBERRY,FRUITS,14,late
4,13,11,CELLO,INSTRUMENTS,16,late
4,14,1,WOLF,MAMMALS,16,late
4,14,2,ZUCCHINI,VEGETABLES,1,late
4,14,3,SQUASH,VEGETABLES,9,late
4,14,4,AUBERGINE,VEGETABLES,12,late
4,14,5,STOCKHOLM,CITIES,5,late
4,14,6,FOOT,BODY PARTS,4,late
4,14,7,SHOULDER,BODY PARTS,8,late
4,14,8,KIDNEY,BODY PARTS,15,late
4,14,9,MIAMI,CITIES,3,late
4,14,10,PANTHER,MAMMALS,14,late
4,14,11,GOAT,MAMMALS,11,late
4,14,12,WOLF,MAMMALS,16,late
4,14,13,SHEEP,MAMMALS,2,late
4,15,1,ETHIOPIA,COUNTRIES,1,late
4,15,2,LION,MAMMALS,3,late
4,15,3,CELERY,VEGETABLES,2,late
4,15,4,LETTUCE,VEGETABLES,4,late
4,15,5,YAMS,VEGETABLES,9,late
4,15,6,CARROT,VEGETABLES,13,late
4,15,7,ELEPHANT,MAMMALS,5,late
4,15,8,ZEBRA,MAMMALS,6,late
4,15,9,ITALY,COUNTRIES,8,late
4,15,10,POLAND,COUNTRIES,10,late
4,15,11,MARACAS,INSTRUMENTS,7,late
4,15,12,ELEPHANT,MAMMALS,5,late
4,15,13,ZEBRA,MAMMALS,6,late
4,15,14,VIOLA,INSTRUMENTS,16,late
5,0,1,UKULELE,INSTRUMENTS,3,early
5,0,2,CUP,KITCHEN-RELATED,8,early
5,0,3,BELT,CLOTHING,9,early
5,0,4,SHIRT,CLOTHING,12,early
5,0,5,JUMPER,CLOTHING,11,early
5,0,6,OAK,TREES,16,early
5,0,7,COTTONWOOD,TREES,13,early
5,0,8,BLENDER,KITCHEN-RELATED,5,early
5,0,9,COLANDER,KITCHEN-RELATED,6,early
5,0,10,SPRUCE,TREES,14,early
5,0,11,ROBE,CLOTHING,10,early
5,1,1,COW,MAMMALS,9,early
5,1,2,HORSE,MAMMALS,10,early
5,1,3,GIRAFFE,MAMMALS,12,early
5,1,4,DOOR,BUILDING RELATED,13,early
5,1,5,HALL,BUILDING RELATED,14,early
5,1,6,WINDOW,BUILDING RELATED,16,early
5,1,7,KIWI,FRUITS,3,early
5,1,8,TANGELO,FRUITS,2,early
5,1,9,GUAVA,FRUITS,1,early
5,1,10,STRAWBERRY,FRUITS,4,early
5,1,11,REFRIGERATOR,KITCHEN-RELATED,8,early
5,2,1,DISH,KITCHEN-RELATED,10,early
5,2,2,SAUCER,KITCHEN-RELATED,11,early
5,2,3,STRAINER,KITCHEN-RELATED,12,early
5,2,4,FLOOR,BUILDING RELATED,13,early
5,2,5,ELEVATOR,BUILDING RELATED,14,early
5,2,6,CAULIFLOWER,VEGETABLES,1,early
5,2,7,ONION,VEGETABLES,2,early
5,2,8,LOG,FLOWERS,5,early
5,2,9,PICKLE,VEGETABLES,4,early
5,2,10,DAHLIA,FLOWERS,7,early
5,2,11,AZALEA,FLOWERS,6,early
5,2,12,BROCCOLI,VEGETABLES,3,early
5,3,1,HORNET,INSECTS,16,early
5,3,2,MOSQUITO,INSECTS,14,early
5,3,3,MILLIPEDE,INSECTS,15,early
5,3,4,RENO,CITIES,2,early
5,3,5,CHICAGO,CITIES,3,early
5,3,6,SYDNEY,CITIES,4,early
5,3,7,TROUSERS,CLOTHING,7,early
5,3,8,BRA,CLOTHING,8,early
5,3,9,GLOVES,CLOTHING,5,early
5,3,10,SWEATER,CLOTHING,6,early
5,3,11,MANTIS,INSECTS,13,early
5,3,12,PALM,TREES,10,early
5,3,13,SYCAMORE,TREES,11,early
5,3,14,TEAK,TREES,12,early
5,3,15,BERLIN,CITIES,1,early
5,4,1,CHISEL,TOOLS,16,early
5,4,2,BOLTS,TOOLS,15,early
5,4,3,SAW,TOOLS,14,early
5,4,4,PROTRACTOR,TOOLS,13,early
5,4,5,FERRET,MAMMALS,5,early
5,4,6,LEOPARD,MAMMALS,6,early
5,4,7,CAT,MAMMALS,8,early
5,4,8,SQUIRREL,MAMMALS,7,early
5,4,9,KAZOO,INSTRUMENTS,12,early
5,4,10,FRANCE,COUNTRIES,3,early
5,4,11,SWITZERLAND,COUNTRIES,2,early
5,4,12,ENGLAND,COUNTRIES,4,early
5,4,13,JAPAN,COUNTRIES,1,early
5,4,14,DRUM,INSTRUMENTS,9,early
5,4,15,CLARINET,INSTRUMENTS,10,early
5,5,1,LEMON,FRUITS,7,early
5,5,2,POMEGRANATE,FRUITS,8,early
5,5,3,MICHIGAN,STATES,9,early
5,5,4,IOWA,STATES,11,early
5,5,5,KANSAS,STATES,10,early
5,5,6,FLORIDA,STATES,12,early
5,5,7,TOOTH,BODY PARTS,3,early
5,5,8,PANCREAS,BODY PARTS,2,early
5,6,1,POPLAR,TREES,13,early
5,6,2,ASH,TREES,14,early
5,6,3,WILLOW,TREES,15,early
5,6,4,MONARCH,INSECTS,8,early
5,6,5,EUCALYPTUS,TREES,16,early
5,6,6,LARVA,INSECTS,7,early
5,6,7,WORM,INSECTS,6,early
5,6,8,SCORPION,INSECTS,5,early
5,6,9,ACCORDION,INSTRUMENTS,1,early
5,6,10,BONGOS,INSTRUMENTS,2,early
5,6,11,XYLOPHONE,INSTRUMENTS,3,early
5,6,12,GUITAR,INSTRUMENTS,4,early
5,6,13,HAND,BODY PARTS,10,early
5,6,14,FINGER,BODY PARTS,12,early
5,7,1,TRIANGLE,INSTRUMENTS,16,early
5,7,2,VIOLIN,INSTRUMENTS,13,early
5,7,3,HONEYDEW,FRUITS,9,early
5,7,4,FIG,FRUITS,10,early
5,7,5,RASPBERRY,FRUITS,12,early
5,7,6,CELLO,INSTRUMENTS,14,early
5,7,7,MAPLE,TREES,5,early
5,7,8,SCREWS,TOOLS,4,early
5,7,9,HAMMER,TOOLS,2,early
5,8,1,KUMQUAT,FRUITS,16,late
5,8,2,NECTARINE,FRUITS,4,late
5,8,3,GLUE,TOOLS,2,late
5,8,4,NUTS,TOOLS,8,late
5,8,5,VERMONT,STATES,1,late
5,8,6,VANCOUVER,CITIES,7,late
5,8,7,TOKYO,CITIES,10,late
5,8,8,PHILADELPHIA,CITIES,12,late
5,8,9,JERUSALEM,CITIES,14,late
5,9,1,OVEN,KITCHEN-RELATED,16,late
5,9,2,MUG,KITCHEN-RELATED,8,late
5,9,3,PELVIS,BODY PARTS,11,late
5,9,4,HIP,BODY PARTS,15,late
5,9,5,STOMACH,BODY PARTS,5,late
5,9,6,TUBA,INSTRUMENTS,1,late
5,9,7,TAMBOURINE,INSTRUMENTS,3,late
5,9,8,TRUMPET,INSTRUMENTS,6,late
5,9,9,ROME,CITIES,2,late
5,9,10,MONTREAL,CITIES,4,late
5,10,1,VIOLA,INSTRUMENTS,1,late
5,10,2,BASS,INSTRUMENTS,12,late
5,10,3,TROMBONE,INSTRUMENTS,15,late
5,10,4,MARACAS,INSTRUMENTS,13,late
5,10,5,POLAND,COUNTRIES,3,late
5,10,6,AUSTRALIA,COUNTRIES,16,late
5,10,7,ETHIOPIA,COUNTRIES,8,late
5,10,8,LETTUCE,VEGETABLES,2,late
5,10,9,YAMS,VEGETABLES,4,late
5,10,10,LION,MAMMALS,6,late
5,10,11,ZEBRA,MAMMALS,7,late
5,10,12,PIG,MAMMALS,11,late
5,10,13,AUSTRALIA,COUNTRIES,16,late
5,11,1,ARTICHOKE,VEGETABLES,8,late
5,11,2,IRAN,COUNTRIES,1,late
5,11,3,BLOUSE,CLOTHING,4,late
5,11,4,CHIMNEY,BUILDING RELATED,6,late
5,11,5,FURNACE,BUILDING RELATED,11,late
5,11,6,JACKET,CLOTHING,15,late
5,11,7,EGYPT,COUNTRIES,16,late
5,12,1,SQUASH,VEGETABLES,11,late
5,12,2,GOAT,MAMMALS,12,late
5,12,3,SHEEP,MAMMALS,15,late
5,12,4,PANTHER,MAMMALS,2,late
5,12,5,WOLF,MAMMALS,4,late
5,12,6,STOCKHOLM,CITIES,3,late
5,12,7,MIAMI,CITIES,5,late
5,12,8,ELBOW,BODY PARTS,9,late
5,12,9,FOOT,BODY PARTS,16,late
5,12,10,SHOULDER,BODY PARTS,13,late
5,13,1,KNUCKLE,BODY PARTS,8,late
5,13,2,FACE,BODY PARTS,5,late
5,13,3,EAR,BODY PARTS,9,late
5,13,4,HEART,BODY PARTS,14,late
5,13,5,DOG,MAMMALS,1,late
5,13,6,DONKEY,MAMMALS,7,late
5,13,7,TIGER,MAMMALS,11,late
5,13,8,ROSE,FLOWERS,2,late
5,13,9,PETUNIA,FLOWERS,4,late
5,13,10,CARNATION,FLOWERS,3,late
5,13,11,GAZEBO,BUILDING RELATED,12,late
5,13,12,KITCHEN,BUILDING RELATED,13,late
5,14,1,OHIO,STATES,7,late
5,14,2,RUTABAGA,VEGETABLES,5,late
5,14,3,TEXAS,STATES,16,late
5,14,4,PENNSYLVANIA,STATES,3,late
5,14,5,RHINOCEROS,MAMMALS,14,late
5,14,6,RABBIT,MAMMALS,1,late
5,14,7,FOX,MAMMALS,15,late
5,14,8,CHRYSALIS,INSECTS,10,late
5,14,9,TERMITE,INSECTS,6,late
5,14,10,BEETLE,INSECTS,2,late
5,14,11,GINGER,VEGETABLES,11,late
5,14,12,ALASKA,STATES,8,late
5,15,1,SUNFLOWER,FLOWERS,8,late
5,15,2,LILY,FLOWERS,14,late
5,15,3,DRESS,CLOTHING,9,late
5,15,4,KNIFE,KITCHEN-RELATED,13,late
5,15,5,FORK,KITCHEN-RELATED,15,late
5,15,6,MAINE,STATES,16,late
5,15,7,MONTANA,STATES,10,late
5,15,8,UTAH,STATES,4,late
5,15,9,UNDERWEAR,CLOTHING,5,late
5,15,10,NARCISSUS,FLOWERS,2,late
6,0,1,KUMQUAT,FRUITS,11,early
6,0,2,HAWAII,STATES,1,early
6,0,3,VERMONT,STATES,2,early
6,0,4,CALIFORNIA,STATES,3,early
6,0,5,JERUSALEM,CITIES,5,early
6,0,6,TOKYO,CITIES,6,early
6,0,7,MANGO,FRUITS,9,early
6,0,8,GLUE,TOOLS,14,early
6,0,9,RULER,TOOLS,16,early
6,0,10,VERMONT,STATES,2,early
6,0,11,WISCONSIN,STATES,4,early
6,0,12,NECTARINE,FRUITS,10,early
6,0,13,VANCOUVER,CITIES,7,early
6,0,14,BANANA,FRUITS,12,early
6,0,15,DRESS,CLOTHING,15,early
6,0,16,ANKLE,BODY PARTS,1,early
6,1,1,FLORIDA,STATES,13,early
6,1,2,MICHIGAN,STATES,14,early
6,1,3,KANSAS,STATES,15,early
6,1,4,IOWA,STATES,16,early
6,1,5,CLEMENTINE,FRUITS,1,early
6,1,6,PEAR,FRUITS,4,early
6,1,7,TONGUE,BODY PARTS,5,early
6,1,8,PANCREAS,BODY PARTS,6,early
6,1,9,MOOSE,MAMMALS,10,early
6,1,10,MOOSE,MAMMALS,10,early
6,1,11,TOOTH,BODY PARTS,7,early
6,1,12,TONGUE,BODY PARTS,5,early
6,1,13,LEMON,FRUITS,2,early
6,1,14,PEAR,FRUITS,4,early
6,1,15,IOWA,STATES,16,early
6,2,1,PENNSYLVANIA,STATES,14,early
6,2,2,TEXAS,STATES,15,early
6,2,3,RHINOCEROS,MAMMALS,10,early
6,2,4,BEETLE,INSECTS,6,early
6,2,5,OKRA,VEGETABLES,3,early
6,3,1,ROSE,FLOWERS,3,early
6,3,2,CARNATION,FLOWERS,4,early
6,3,3,TULIP,FLOWERS,2,early
6,3,4,BARN,BUILDING RELATED,5,early
6,3,5,KITCHEN,BUILDING RELATED,6,early
6,3,6,BAR,,6,early
6,3,7,GAZEBO,BUILDING RELATED,8,early
6,3,8,EAR,BODY PARTS,11,early
6,3,9,HEART,BODY PARTS,9,early
6,3,10,TIGER,MAMMALS,13,early
6,3,11,DRUM,INSTRUMENTS,5,early
6,4,1,DISH,KITCHEN-RELATED,14,early
6,4,2,GRIDDLE,KITCHEN-RELATED,15,early
6,4,3,SAUCER,KITCHEN-RELATED,16,early
6,4,4,CAULIFLOWER,VEGETABLES,1,early
6,4,5,GRIDDLE,KITCHEN-RELATED,15,early
6,5,1,PICCOLO,INSTRUMENTS,9,early
6,5,2,TULIP,FLOWERS,2,early
6,5,3,TAMBOURINE,INSTRUMENTS,10,early
6,5,4,ARMS,BODY PARTS,13,early
6,5,5,HIP,BODY PARTS,15,early
6,5,6,MONTREAL,CITIES,5,early
6,5,7,PARIS,CITIES,7,early
6,5,8,MUG,KITCHEN-RELATED,3,early
6,5,9,BROILER,KITCHEN-RELATED,1,early
6,5,10,THERMOMETER,KITCHEN-RELATED,2,early
6,5,11,DALLAS,CITIES,8,early
6,6,1,SWITZERLAND,COUNTRIES,13,early
6,6,2,JAPAN,COUNTRIES,15,early
6,6,3,FRANCE,COUNTRIES,14,early
6,6,4,ENGLAND,COUNTRIES,16,early
6,6,5,CLARINET,INSTRUMENTS,6,early
6,6,6,KAZOO,INSTRUMENTS,7,early
6,6,7,LEOPARD,MAMMALS,1,early
6,6,8,EAR,BODY PARTS,11,early
6,6,9,CAT,MAMMALS,4,early
6,6,10,SAW,TOOLS,9,early
6,6,11,CHISEL,TOOLS,11,early
6,7,1,MIXER,KITCHEN-RELATED,13,early
6,7,2,BLENDER,KITCHEN-RELATED,14,early
6,7,3,HIP,BODY PARTS,15,early
6,7,4,BLENDER,KITCHEN-RELATED,14,early
6,7,5,CUP,KITCHEN-RELATED,15,early
6,7,6,BLENDER,KITCHEN-RELATED,14,early
6,7,7,COTTONWOOD,TREES,1,early
6,7,8,EVERGREEN,TREES,2,early
6,7,9,OAK,TREES,4,early
6,7,10,SHIRT,CLOTHING,5,early
6,7,11,JUMPER,CLOTHING,6,early
6,7,12,ROBE,CLOTHING,7,early
6,7,13,BELT,CLOTHING,8,early
6,7,14,MARIMBA,INSTRUMENTS,9,early
6,8,1,ANKLE,BODY PARTS,1,late
6,8,2,GUITAR,INSTRUMENTS,2,late
6,8,3,LIP,BODY PARTS,3,late
6,8,4,LARVA,INSECTS,5,late
6,8,5,WORM,INSECTS,12,late
6,8,6,MONARCH,INSECTS,11,late
6,8,7,SCORPION,INSECTS,10,late
6,8,8,WILLOW,TREES,8,late
6,8,9,ACCORDION,INSTRUMENTS,9,late
6,8,10,EUCALYPTUS,TREES,15,late
6,9,1,KIWI,FRUITS,13,late
6,9,2,ELM,TREES,2,late
6,9,3,GUAVA,FRUITS,15,late
6,9,4,GLASS,KITCHEN-RELATED,1,late
6,9,5,SPATULA,KITCHEN-RELATED,6,late
6,9,6,WINDOW,BUILDING RELATED,10,late
6,9,7,CORRIDOR,BUILDING RELATED,8,late
6,9,8,ASH,TREES,13,late
6,10,1,SWEATER,CLOTHING,14,late
6,10,2,TROUSERS,CLOTHING,15,late
6,10,3,GLOVES,CLOTHING,16,late
6,10,4,MOSQUITO,INSECTS,9,late
6,10,5,HORNET,INSECTS,8,late
6,10,6,MANTIS,INSECTS,7,late
6,10,7,PALM,TREES,6,late
6,10,8,BERLIN,CITIES,2,late
6,10,9,SYDNEY,CITIES,3,late
6,10,10,SYCAMORE,TREES,1,late
6,10,11,CHICAGO,CITIES,5,late
6,10,12,BRA,CLOTHING,10,late
6,11,1,UNDERWEAR,CLOTHING,13,late
6,11,2,PANTS,CLOTHING,12,late
6,11,3,LILY,FLOWERS,11,late
6,11,4,SUNFLOWER,FLOWERS,16,late
6,11,5,MAINE,STATES,4,late
6,11,6,MONTANA,STATES,3,late
6,11,7,KNIFE,KITCHEN-RELATED,1,late
6,11,8,FORK,KITCHEN-RELATED,7,late
6,11,9,TOASTER,KITCHEN-RELATED,2,late
6,11,10,GIRDLE,CLOTHING,5,late
6,11,11,UTAH,STATES,9,late
6,11,12,LILY,FLOWERS,11,late
6,11,13,DRESS,CLOTHING,15,late
6,12,1,GERMANY,COUNTRIES,9,late
6,12,2,IRAN,COUNTRIES,4,late
6,12,3,EGYPT,COUNTRIES,16,late
6,12,4,ARTICHOKE,VEGETABLES,8,late
6,12,5,SUIT,CLOTHING,5,late
6,12,6,GARLIC,VEGETABLES,1,late
6,12,7,FURNACE,BUILDING RELATED,6,late
6,13,1,MIAMI,CITIES,16,late
6,13,2,FOOT,BODY PARTS,3,late
6,13,3,ELBOW,BODY PARTS,2,late
6,13,4,TORONTO,CITIES,5,late
6,13,5,SHOULDER,BODY PARTS,13,late
6,13,6,SHEEP,MAMMALS,14,late
6,14,1,TRIANGLE,INSTRUMENTS,15,late
6,14,2,SAXOPHONE,INSTRUMENTS,16,late
6,14,3,HICKORY,TREES,14,late
6,14,4,SCREWS,TOOLS,13,late
6,14,5,ELM,TREES,2,late
6,14,6,RASPBERRY,FRUITS,1,late
6,14,7,SAXOPHONE,INSTRUMENTS,16,late
6,14,8,MAINE,STATES,4,late
6,15,1,VIOLA,INSTRUMENTS,15,late
6,15,2,MARCUS,,2,late
6,15,3,POLAND,COUNTRIES,1,late
6,15,4,TROMBONE,INSTRUMENTS,2,late
6,15,5,CARROT,VEGETABLES,5,late
6,15,6,ZEBRA,MAMMALS,10,late
6,15,7,LION,MAMMALS,3,late
6,15,8,SQUASH,VEGETABLES,9,late
6,15,9,DRUM,INSTRUMENTS,5,late
7,0,1,COTTONWOOD,TREES,1,early
7,0,2,EVERGREEN,TREES,2,early
7,0,3,SPRUCE,TREES,3,early
7,0,4,OAK,TREES,4,early
7,0,5,BANJO,INSTRUMENTS,7,early
7,0,6,UKULELE,INSTRUMENTS,5,early
7,0,7,MARIMBA,INSTRUMENTS,6,early
7,0,8,HARMONICA,INSTRUMENTS,8,early
7,0,9,JUMPER,CLOTHING,9,early
7,0,10,SHIRT,CLOTHING,10,early
7,0,11,BELT,CLOTHING,12,early
7,0,12,ROBE,CLOTHING,11,early
7,0,13,COLANDER,KITCHEN-RELATED,14,early
7,0,14,CUP,KITCHEN-RELATED,13,early
7,0,15,BLENDER,KITCHEN-RELATED,15,early
7,0,16,MIXER,KITCHEN-RELATED,16,early
7,1,1,GOAT,MAMMALS,1,early
7,1,2,WOLF,MAMMALS,2,early
7,1,3,PANTHER,MAMMALS,3,early
7,1,4,SHEEP,MAMMALS,4,early
7,1,5,FOOT,BODY PARTS,5,early
7,1,6,KIDNEY,BODY PARTS,6,early
7,1,7,SHOULDER,BODY PARTS,8,early
7,1,8,MIAMI,CITIES,16,early
7,1,9,BOMBAY,CITIES,13,early
7,1,10,TORONTO,CITIES,14,early
7,1,11,STOCKHOLM,CITIES,15,early
7,1,12,AUBERGINE,VEGETABLES,9,early
7,1,13,OLIVE,VEGETABLES,10,early
7,1,14,ZUCCHINI,VEGETABLES,11,early
7,1,15,SQUASH,VEGETABLES,12,early
7,2,1,OHIO,STATES,1,early
7,2,2,SYLVANIA,,2,early
7,2,3,TEXAS,STATES,3,early
7,2,4,ALASKA,STATES,4,early
7,2,5,RUTABAGA,VEGETABLES,6,early
7,2,6,GINGER,VEGETABLES,5,early
7,2,7,PUMPKIN,VEGETABLES,8,early
7,2,8,FOX,MAMMALS,13,early
7,2,9,RHINOCEROS,MAMMALS,14,early
7,2,10,LLAMA,MAMMALS,15,early
7,2,11,RABBIT,MAMMALS,16,early
7,2,12,BEETLE,INSECTS,9,early
7,2,13,WASP,INSECTS,10,early
7,2,14,TERMITE,INSECTS,11,early
7,2,15,CHRYSALIS,INSECTS,12,early
7,3,1,WEDGE,TOOLS,1,early
7,3,2,HAMMER,TOOLS,4,early
7,3,3,SCREWS,TOOLS,3,early
7,3,4,WIRE,TOOLS,2,early
7,3,5,CELLO,INSTRUMENTS,5,early
7,3,6,TRIANGLE,INSTRUMENTS,6,early
7,3,7,VIOLIN,INSTRUMENTS,8,early
7,3,8,SAXOPHONE,INSTRUMENTS,7,early
7,3,9,HICKORY,TREES,14,early
7,3,10,WOOD,,10,early
7,3,11,HICKORY,TREES,14,early
7,3,12,PINE,TREES,15,early
7,3,13,MAPLE,TREES,13,early
7,3,14,RASPBERRY,FRUITS,11,early
7,3,15,HONEYDEW,FRUITS,12,early
7,3,16,FIG,FRUITS,9,early
7,3,17,PLUM,FRUITS,10,early
7,4,1,CAMISOLE,CLOTHING,1,early
7,4,2,JACKET,CLOTHING,2,early
7,4,3,BLOUSE,CLOTHING,3,early
7,4,4,SUIT,CLOTHING,4,early
7,4,5,CHIMNEY,BUILDING RELATED,5,early
7,4,6,CLOSET,BUILDING RELATED,6,early
7,4,7,FURNACE,BUILDING RELATED,7,early
7,4,8,LOBBY,BUILDING RELATED,8,early
7,4,9,GARLIC,VEGETABLES,9,early
7,4,10,POTATO,VEGETABLES,10,early
7,4,11,SPINACH,VEGETABLES,11,early
7,4,12,ARTICHOKE,VEGETABLES,12,early
7,4,13,EGYPT,COUNTRIES,13,early
7,4,14,GERMANY,COUNTRIES,14,early
7,4,15,IRAN,COUNTRIES,15,early
7,4,16,TUBA,INSTRUMENTS,5,early
7,5,1,PANCREAS,BODY PARTS,13,early
7,5,2,TOOTH,BODY PARTS,14,early
7,5,3,TONGUE,BODY PARTS,15,early
7,5,4,RIB,BODY PARTS,16,early
7,5,5,FLORIDA,STATES,5,early
7,5,6,IOWA,STATES,6,early
7,5,7,KANSAS,STATES,7,early
7,5,8,MICHIGAN,STATES,8,early
7,5,9,CLEMENTINE,FRUITS,9,early
7,5,10,PEAR,FRUITS,10,early
7,5,11,POMEGRANATE,FRUITS,11,early
7,5,12,LEMON,FRUITS,12,early
7,5,13,MONKEY,MAMMALS,1,early
7,5,14,ANTELOPE,MAMMALS,2,early
7,5,15,MOOSE,MAMMALS,4,early
7,6,1,DRESS,CLOTHING,13,early
7,6,2,UNDERWEAR,CLOTHING,15,early
7,6,3,GIRDLE,CLOTHING,16,early
7,6,4,MAINE,STATES,5,early
7,6,5,MONTANA,STATES,6,early
7,6,6,ARIZONA,STATES,7,early
7,6,7,UTAH,STATES,8,early
7,6,8,SUNFLOWER,FLOWERS,9,early
7,6,9,LILY,FLOWERS,10,early
7,6,10,NARCISSUS,FLOWERS,11,early
7,6,11,DAISY,FLOWERS,12,early
7,6,12,FLORIDA,STATES,5,early
7,6,13,TOASTER,KITCHEN-RELATED,2,early
7,6,14,SKILLET,KITCHEN-RELATED,3,early
7,6,15,KNIFE,KITCHEN-RELATED,4,early
7,7,1,MONTREAL,CITIES,14,early
7,7,2,DALLAS,CITIES,15,early
7,7,3,ROME,CITIES,16,early
7,7,4,HIP,BODY PARTS,9,early
7,7,5,STOMACH,BODY PARTS,10,early
7,7,6,PELVIS,BODY PARTS,11,early
7,7,7,TUBA,INSTRUMENTS,5,early
7,7,8,PICCOLO,INSTRUMENTS,6,early
7,7,9,TAMBOURINE,INSTRUMENTS,7,early
7,7,10,TRUMPET,INSTRUMENTS,8,early
7,7,11,THERMOMETER,KITCHEN-RELATED,1,early
7,7,12,BROILER,KITCHEN-RELATED,2,early
7,7,13,OVEN,KITCHEN-RELATED,3,early
7,7,14,MUG,KITCHEN-RELATED,4,early
7,8,1,CEDAR,TREES,2,late
7,8,2,SYCAMORE,TREES,12,late
7,8,3,TEAK,TREES,14,late
7,8,4,MANTIS,INSECTS,13,late
7,8,5,HORNET,INSECTS,8,late
7,8,6,ROSE,FLOWERS,8,late
7,8,7,GLOVES,CLOTHING,6,late
7,8,8,TROUSERS,CLOTHING,10,late
7,8,9,BRA,CLOTHING,11,late
7,8,10,CHICAGO,CITIES,5,late
7,8,11,RENO,CITIES,15,late
7,8,12,BERLIN,CITIES,4,late
7,8,13,SYDNEY,CITIES,3,late
7,9,1,WINDOW,BUILDING RELATED,14,late
7,9,2,GLASS,KITCHEN-RELATED,15,late
7,9,3,DOOR,BUILDING RELATED,16,late
7,9,4,HALL,BUILDING RELATED,12,late
7,9,5,CORRIDOR,BUILDING RELATED,1,late
7,9,6,MOUSE,MAMMALS,2,late
7,9,7,GIRAFFE,MAMMALS,3,late
7,9,8,HORSE,MAMMALS,9,late
7,9,9,COW,MAMMALS,13,late
7,9,10,REFRIGERATOR,KITCHEN-RELATED,4,late
7,9,11,POT,KITCHEN-RELATED,6,late
7,9,12,SPATULA,KITCHEN-RELATED,7,late
7,9,13,TANGELO,FRUITS,11,late
7,9,14,GUAVA,FRUITS,5,late
7,9,15,STRAWBERRY,FRUITS,8,late
7,10,1,PIANO,INSTRUMENTS,1,late
7,10,2,KAZOO,INSTRUMENTS,6,late
7,10,3,DRUM,INSTRUMENTS,14,late
7,10,4,CLARINET,INSTRUMENTS,11,late
7,10,5,PROTRACTOR,TOOLS,2,late
7,10,6,CHISEL,TOOLS,9,late
7,10,7,SAW,TOOLS,10,late
7,10,8,BOLTS,TOOLS,12,late
7,10,9,FERRET,MAMMALS,3,late
7,10,10,LEOPARD,MAMMALS,7,late
7,10,11,CATS,,11,late
7,10,12,FRANCE,COUNTRIES,4,late
7,10,13,ENGLAND,COUNTRIES,5,late
7,10,14,SWITZERLAND,COUNTRIES,13,late
7,10,15,JAPAN,COUNTRIES,16,late
7,11,1,HAND,BODY PARTS,12,late
7,11,2,FINGER,BODY PARTS,6,late
7,11,3,ANKLE,BODY PARTS,15,late
7,11,4,WILLOW,TREES,16,late
7,11,5,ASH,TREES,3,late
7,11,6,EUCALYPTUS,TREES,9,late
7,11,7,ACCORDION,INSTRUMENTS,1,late
7,11,8,DRUMS,,8,late
7,11,9,BONGOS,INSTRUMENTS,8,late
7,11,10,WORM,INSECTS,2,late
7,11,11,MONARCH,INSECTS,5,late
7,11,12,LARVA,INSECTS,11,late
7,12,1,AUSTRALIA,COUNTRIES,1,late
7,12,2,ETHIOPIA,COUNTRIES,6,late
7,12,3,ITALY,COUNTRIES,15,late
7,12,4,LION,MAMMALS,9,late
7,12,5,ZEBRA,MAMMALS,16,late
7,12,6,PIG,MAMMALS,12,late
7,12,7,CARROT,VEGETABLES,13,late
7,12,8,LETTUCE,VEGETABLES,3,late
7,12,9,CELERY,VEGETABLES,5,late
7,12,10,MARACAS,INSTRUMENTS,4,late
7,12,11,TROMBONE,INSTRUMENTS,7,late
7,12,12,BASS,INSTRUMENTS,14,late
7,12,13,XYLOPHONE,INSTRUMENTS,13,late
7,13,1,BANANA,FRUITS,1,late
7,13,2,KUMQUAT,FRUITS,11,late
7,13,3,MANGO,FRUITS,10,late
7,13,4,GLUE,TOOLS,4,late
7,13,5,RULER,TOOLS,6,late
7,13,6,WASHER,TOOLS,12,late
7,13,7,NUTS,TOOLS,16,late
7,13,8,CALIFORNIA,STATES,5,late
7,13,9,WISCONSIN,STATES,3,late
7,13,10,VERMONT,STATES,15,late
7,13,11,JERUSALEM,CITIES,2,late
7,13,12,PHILADELPHIA,CITIES,8,late
7,13,13,CUBA,COUNTRIES,16,late
7,14,1,DISH,KITCHEN-RELATED,2,late
7,14,2,SAUCER,KITCHEN-RELATED,3,late
7,14,3,STRAINER,KITCHEN-RELATED,16,late
7,14,4,ELEVATOR,BUILDING RELATED,4,late
7,14,5,FLOOR,BUILDING RELATED,7,late
7,14,6,CARPETS,,6,late
7,14,7,FOUNDATION,BUILDING RELATED,15,late
7,14,8,AZALEA,FLOWERS,5,late
7,14,9,DAHLIA,FLOWERS,14,late
7,14,10,BARN,BUILDING RELATED,16,late
7,14,11,CUP,KITCHEN-RELATED,13,late
7,14,12,BROCCOLI,VEGETABLES,10,late
7,14,13,CAULIFLOWER,VEGETABLES,11,late
7,14,14,ONION,VEGETABLES,8,late
7,15,1,GAZEBO,BUILDING RELATED,11,late
7,15,2,ALCOVE,BUILDING RELATED,13,late
7,15,3,BARN,BUILDING RELATED,16,late
7,15,4,FACE,BODY PARTS,1,late
7,15,5,KNUCKLE,BODY PARTS,3,late
7,15,6,EAR,BODY PARTS,14,late
7,15,7,HEART,BODY PARTS,15,late
7,15,8,TIGER,MAMMALS,4,late
7,15,9,HIPPOPOTAMUS,MAMMALS,2,late
7,15,10,DONKEY,MAMMALS,10,late
7,15,11,DOG,MAMMALS,9,late
7,15,12,JUNIOR,,12,late
7,15,13,CARNATION,FLOWERS,7,late
7,15,14,ROSE,FLOWERS,8,late
8,0,1,SYDNEY,CITIES,12,early
8,0,2,CEDAR,TREES,5,early
8,0,3,SYCAMORE,TREES,8,early
8,0,4,TROUSERS,CLOTHING,3,early
8,0,5,BRA,CLOTHING,4,early
8,0,6,SYCAMORE,TREES,8,early
8,0,7,RENO,CITIES,10,early
8,0,8,BRA,CLOTHING,4,early
8,1,1,DAISY,FLOWERS,14,early
8,1,2,LILY,FLOWERS,15,early
8,1,3,SUNFLOWER,FLOWERS,16,early
8,1,4,MONTANA,STATES,5,early
8,1,5,MAINE,STATES,8,early
8,1,6,UTAH,STATES,7,early
8,1,7,ARIZONA,STATES,6,early
8,1,8,KNIFE,KITCHEN-RELATED,9,early
8,1,9,GIRDLE,CLOTHING,2,early
8,1,10,DRESS,CLOTHING,1,early
8,1,11,PANTS,CLOTHING,3,early
8,1,12,UNDERWEAR,CLOTHING,4,early
8,2,1,UKULELE,INSTRUMENTS,13,early
8,2,2,BANJO,INSTRUMENTS,14,early
8,2,3,MARYELLEN,,3,early
8,2,4,CUP,KITCHEN-RELATED,2,early
8,2,5,CORIANDER,,5,early
8,2,6,MIXER,KITCHEN-RELATED,3,early
8,2,7,BLENDER,KITCHEN-RELATED,4,early
8,2,8,EVERGREEN,TREES,12,early
8,2,9,OAK,TREES,11,early
8,2,10,SPRUCE,TREES,9,early
8,2,11,COTTONWOOD,TREES,10,early
8,3,1,MICHIGAN,STATES,13,early
8,3,2,KANSAS,STATES,14,early
8,3,3,FLORIDA,STATES,15,early
8,3,4,TONGUE,BODY PARTS,8,early
8,3,5,RIB,BODY PARTS,6,early
8,3,6,CLEMENTINE,FRUITS,4,early
8,3,7,POMEGRANATE,FRUITS,3,early
8,3,8,PEAR,FRUITS,1,early
8,3,9,MICHIGAN,STATES,13,early
8,3,10,RACOON,MAMMALS,10,early
8,3,11,ANTELOPE,MAMMALS,9,early
8,4,1,LARVA,INSECTS,16,early
8,4,2,SCORPION,INSECTS,14,early
8,4,3,GUITAR,INSTRUMENTS,2,early
8,4,4,HAND,BODY PARTS,10,early
8,4,5,FINGER,BODY PARTS,9,early
8,4,6,LARVA,INSECTS,16,early
8,4,7,WORM,INSECTS,15,early
8,5,1,BLOUSE,CLOTHING,13,early
8,5,2,SUIT,CLOTHING,14,early
8,5,3,JACKET,CLOTHING,15,early
8,5,4,KANSAS,STATES,14,early
8,5,5,SOUL,,5,early
8,5,6,ARTICHOKE,VEGETABLES,4,early
8,5,7,LOBBY,BUILDING RELATED,9,early
8,5,8,CHIMNEY,BUILDING RELATED,10,early
8,6,1,TEXAS,STATES,13,early
8,6,2,OHIO,STATES,14,early
8,6,3,ALASKA,STATES,15,early
8,6,4,PENNSYLVANIA,STATES,16,early
8,6,5,BRA,CLOTHING,4,early
8,6,6,GINGER,VEGETABLES,10,early
8,6,7,RHINOCEROS,MAMMALS,2,early
8,6,8,DRESS,CLOTHING,1,early
8,6,9,OLIVE,VEGETABLES,10,early
8,6,10,CHRYSALIS,INSECTS,5,early
8,6,11,RAT,,11,early
8,7,1,WOLF,MAMMALS,14,early
8,7,2,SHEEP,MAMMALS,15,early
8,7,3,GOAT,MAMMALS,16,early
8,7,4,PANTHER,MAMMALS,13,early
8,7,5,KIDNEY,BODY PARTS,3,early
8,7,6,HAND,BODY PARTS,10,early
8,7,7,FOOT,BODY PARTS,1,early
8,7,8,SQUASH,VEGETABLES,12,early
8,7,9,AUBERGINE,VEGETABLES,11,early
8,7,10,PUMPKIN,VEGETABLES,11,early
8,7,11,STOCKHOLM,CITIES,8,early
8,7,12,BOMBAY,CITIES,6,early
8,8,1,HIPPOPOTAMUS,MAMMALS,15,late
8,8,2,DOG,MAMMALS,7,late
8,8,3,DONKEY,MAMMALS,16,late
8,8,4,PETUNIA,FLOWERS,1,late
8,8,5,ROSE,FLOWERS,5,late
8,8,6,KITCHEN,BUILDING RELATED,9,late
8,8,7,GAZEBO,BUILDING RELATED,8,late
8,8,8,DOG,MAMMALS,7,late
8,9,1,PICCOLO,INSTRUMENTS,14,late
8,9,2,TUBA,INSTRUMENTS,16,late
8,9,3,PARIS,CITIES,10,late
8,9,4,DALLAS,CITIES,13,late
8,10,1,VERMONT,STATES,5,late
8,10,2,KUMQUAT,FRUITS,16,late
8,10,3,BANANA,FRUITS,4,late
8,10,4,NUTS,TOOLS,13,late
8,10,5,CALIFORNIA,STATES,7,late
8,10,6,PENNSYLVANIA,STATES,16,late
8,10,7,TOKYO,CITIES,14,late
8,10,8,VANCOUVER,CITIES,12,late
8,10,9,PEAR,FRUITS,1,late
8,10,10,MONKEY,MAMMALS,11,late
8,11,1,KAZOO,INSTRUMENTS,16,late
8,11,2,DRUM,INSTRUMENTS,9,late
8,11,3,ENGLAND,COUNTRIES,15,late
8,11,4,JAPAN,COUNTRIES,14,late
8,11,5,SWITZERLAND,COUNTRIES,4,late
8,11,6,CLARINET,INSTRUMENTS,11,late
8,11,7,CAT,MAMMALS,2,late
8,11,8,SQUIRREL,MAMMALS,5,late
8,11,9,PROTRACTOR,TOOLS,1,late
8,12,1,GLASS,KITCHEN-RELATED,16,late
8,12,2,STRAWBERRY,FRUITS,9,late
8,12,3,KIWI,FRUITS,13,late
8,12,4,GUAVA,FRUITS,15,late
8,12,5,CLARINET,INSTRUMENTS,11,late
8,13,1,WIRE,TOOLS,15,late
8,13,2,SCREWS,TOOLS,8,late
8,13,3,HAMMER,TOOLS,9,late
8,13,4,PLUM,FRUITS,4,late
8,13,5,RASPBERRY,FRUITS,1,late
8,13,6,MAPLE,TREES,2,late
8,13,7,ELM,TREES,10,late
8,14,1,FOUNDATION,BUILDING RELATED,16,late
8,14,2,GRIDDLE,KITCHEN-RELATED,13,late
8,14,3,BUTTERFLY,,3,late
8,14,4,BROCCOLI,VEGETABLES,11,late
8,14,5,CAULIFLOWER,VEGETABLES,14,late
8,14,6,BUTTERCUP,FLOWERS,12,late
8,14,7,FOUNDATION,BUILDING RELATED,16,late
8,14,8,FOUNTAIN,,8,late
8,15,1,CELERY,VEGETABLES,15,late
8,15,2,ETHIOPIA,COUNTRIES,2,late
8,15,3,POLAND,COUNTRIES,3,late
8,15,4,TRUMPET,INSTRUMENTS,5,late
8,15,5,BASS,INSTRUMENTS,8,late
8,15,6,LION,MAMMALS,5,late
8,15,7,TROMBONE,INSTRUMENTS,7,late
9,0,1,COW,MAMMALS,2,early
9,0,2,GIRAFFE,MAMMALS,1,early
9,0,3,HORSE,MAMMALS,3,early
9,0,4,MOUSE,MAMMALS,4,early
9,0,5,KIWI,FRUITS,5,early
9,0,6,STRAWBERRY,FRUITS,7,early
9,0,7,GUAVA,FRUITS,6,early
9,0,8,REFRIGERATOR,KITCHEN-RELATED,11,early
9,0,9,TANGELO,FRUITS,8,early
9,0,10,POT,KITCHEN-RELATED,10,early
9,0,11,GLASS,KITCHEN-RELATED,12,early
9,0,12,WINDOW,BUILDING RELATED,13,early
9,0,13,DOOR,BUILDING RELATED,15,early
9,0,14,SPATULA,KITCHEN-RELATED,9,early
9,0,15,CAT,MAMMALS,11,early
9,1,1,ELEPHANT,MAMMALS,1,early
9,1,2,ZEBRA,MAMMALS,2,early
9,1,3,LION,MAMMALS,4,early
9,1,4,LETTUCE,VEGETABLES,5,early
9,1,5,YAMS,VEGETABLES,6,early
9,1,6,CARROT,VEGETABLES,7,early
9,1,7,ITALY,COUNTRIES,9,early
9,1,8,CELERY,VEGETABLES,8,early
9,1,9,VIOLA,INSTRUMENTS,14,early
9,1,10,BASS,INSTRUMENTS,15,early
9,1,11,MARACAS,INSTRUMENTS,13,early
9,1,12,ETHIOPIA,COUNTRIES,10,early
9,2,1,ASH,TREES,16,early
9,2,2,POPLAR,TREES,15,early
9,2,3,EUCALYPTUS,TREES,13,early
9,2,4,WILLOW,TREES,14,early
9,2,5,FINGER,BODY PARTS,1,early
9,2,6,HAND,BODY PARTS,2,early
9,2,7,LIP,BODY PARTS,3,early
9,2,8,ANKLE,BODY PARTS,4,early
9,2,9,LARVA,INSECTS,5,early
9,2,10,SCORPION,INSECTS,6,early
9,2,11,MONARCH,INSECTS,8,early
9,2,12,WORM,INSECTS,7,early
9,2,13,XYLOPHONE,INSTRUMENTS,12,early
9,2,14,ACCORDION,INSTRUMENTS,11,early
9,2,15,GUITAR,INSTRUMENTS,9,early
9,3,1,MONTANA,STATES,16,early
9,3,2,MAINE,STATES,15,early
9,3,3,UTAH,STATES,14,early
9,3,4,ARIZONA,STATES,13,early
9,3,5,FORK,KITCHEN-RELATED,1,early
9,3,6,KNIFE,KITCHEN-RELATED,2,early
9,3,7,TOASTER,KITCHEN-RELATED,3,early
9,3,8,SKILLET,KITCHEN-RELATED,4,early
9,3,9,PANTS,CLOTHING,5,early
9,3,10,DRESS,CLOTHING,6,early
9,3,11,UNDERWEAR,CLOTHING,7,early
9,3,12,GIRDLE,CLOTHING,8,early
9,3,13,NARCISSUS,FLOWERS,10,early
9,3,14,LILY,FLOWERS,12,early
9,3,15,SUNFLOWER,FLOWERS,11,early
9,4,1,RENO,CITIES,9,early
9,4,2,SYDNEY,CITIES,10,early
9,4,3,BERLIN,CITIES,12,early
9,4,4,CHICAGO,CITIES,11,early
9,4,5,SWEATER,CLOTHING,13,early
9,4,6,BRA,CLOTHING,14,early
9,4,7,HORNET,INSECTS,6,early
9,4,8,MILLIPEDE,INSECTS,5,early
9,4,9,TEAK,TREES,1,early
9,4,10,PALM,TREES,2,early
9,4,11,CEDAR,TREES,4,early
9,4,12,SYCAMORE,TREES,3,early
9,5,1,PENNSYLVANIA,STATES,16,early
9,5,2,OHIO,STATES,13,early
9,5,3,ALASKA,STATES,14,early
9,5,4,WASP,INSECTS,5,early
9,5,5,GINGER,VEGETABLES,1,early
9,5,6,OKRA,VEGETABLES,2,early
9,5,7,PUMPKIN,VEGETABLES,3,early
9,5,8,RUTABAGA,VEGETABLES,4,early
9,5,9,BEETLE,INSECTS,6,early
9,5,10,RHINOCEROS,MAMMALS,9,early
9,6,1,CUBA,COUNTRIES,5,early
9,6,2,IRAN,COUNTRIES,8,early
9,6,3,GERMANY,COUNTRIES,7,early
9,6,4,EGYPT,COUNTRIES,6,early
9,6,5,CLOSET,BUILDING RELATED,14,early
9,6,6,JACKET,CLOTHING,9,early
9,6,7,GLOVES,CLOTHING,16,early
9,6,8,TAMMY,,8,early
9,6,9,CHIMNEY,BUILDING RELATED,13,early
9,6,10,FURNACE,BUILDING RELATED,15,early
9,6,11,SPINACH,VEGETABLES,2,early
9,6,12,POTATO,VEGETABLES,1,early
9,6,13,GARLIC,VEGETABLES,4,early
9,7,1,AUBERGINE,VEGETABLES,16,early
9,7,2,KIDNEY,BODY PARTS,9,early
9,7,3,FOOT,BODY PARTS,10,early
9,7,4,ELBOW,BODY PARTS,12,early
9,7,5,STOCKHOLM,CITIES,5,early
9,7,6,BOMBAY,CITIES,7,early
9,7,7,MIAMI,CITIES,6,early
9,7,8,TORONTO,CITIES,8,early
9,7,9,PANTHER,MAMMALS,1,early
9,7,10,WOLF,MAMMALS,2,early
9,7,11,SHEEP,MAMMALS,3,early
9,7,12,GOAT,MAMMALS,4,early
9,7,13,OLIVE,VEGETABLES,14,early
9,7,14,MAINE,STATES,15,early
9,8,1,DAHLIA,FLOWERS,1,late
9,8,2,AZALEA,FLOWERS,9,late
9,8,3,CAULIFLOWER,VEGETABLES,12,late
9,8,4,ONION,VEGETABLES,13,late
9,8,5,PICKLE,VEGETABLES,7,late
9,8,6,GRIDDLE,KITCHEN-RELATED,6,late
9,8,7,STRAINER,KITCHEN-RELATED,14,late
9,8,8,SAUCER,KITCHEN-RELATED,15,late
9,8,9,LOG,FLOWERS,5,late
9,8,10,FOUNDATION,BUILDING RELATED,8,late
9,8,11,CARPET,BUILDING RELATED,2,late
9,8,12,FLOOR,BUILDING RELATED,4,late
9,8,13,BUTTERCUP,FLOWERS,11,late
9,9,1,ROME,CITIES,12,late
9,9,2,KAZOO,INSTRUMENTS,9,late
9,9,3,ENGLAND,COUNTRIES,15,late
9,9,4,FRANCE,COUNTRIES,3,late
9,9,5,SWITZERLAND,COUNTRIES,4,late
9,9,6,PIANO,INSTRUMENTS,6,late
9,9,7,CLARINET,INSTRUMENTS,2,late
9,9,8,JAPAN,COUNTRIES,12,late
9,9,9,CHISEL,TOOLS,1,late
9,9,10,BOLTS,TOOLS,7,late
9,9,11,SAW,TOOLS,8,late
9,10,1,WASHER,TOOLS,2,late
9,10,2,BANANA,FRUITS,3,late
9,10,3,NUTS,TOOLS,8,late
9,10,4,NECTARINE,FRUITS,16,late
9,10,5,KUMQUAT,FRUITS,13,late
9,10,6,TOKYO,CITIES,1,late
9,10,7,VANCOUVER,CITIES,6,late
9,10,8,VERMONT,STATES,4,late
9,10,9,PHILADELPHIA,CITIES,14,late
9,11,1,PARIS,CITIES,3,late
9,11,2,PELVIS,BODY PARTS,4,late
9,11,3,ARMS,BODY PARTS,5,late
9,11,4,MUG,KITCHEN-RELATED,1,late
9,11,5,OVEN,KITCHEN-RELATED,2,late
9,11,6,TAMBOURINE,INSTRUMENTS,14,late
9,11,7,TUBA,INSTRUMENTS,16,late
9,11,8,HIP,BODY PARTS,7,late
9,11,9,DALLAS,CITIES,8,late
9,11,10,MONTREAL,CITIES,13,late
9,11,11,PICCOLO,INSTRUMENTS,15,late
9,12,1,UKULELE,INSTRUMENTS,16,late
9,12,2,BANJO,INSTRUMENTS,6,late
9,12,3,HARMONICA,INSTRUMENTS,3,late
9,12,4,OAK,TREES,13,late
9,12,5,COTTONWOOD,TREES,4,late
9,12,6,EVERGREEN,TREES,15,late
9,12,7,SPRUCE,TREES,14,late
9,12,8,ROBE,CLOTHING,1,late
9,12,9,BELT,CLOTHING,2,late
9,12,10,SHIRT,CLOTHING,7,late
9,12,11,MIXER,KITCHEN-RELATED,5,late
9,12,12,COLANDER,KITCHEN-RELATED,9,late
9,12,13,STRAINER,KITCHEN-RELATED,14,late
9,12,14,BLENDER,KITCHEN-RELATED,11,late
9,13,1,CELLO,INSTRUMENTS,16,late
9,13,2,SAXOPHONE,INSTRUMENTS,1,late
9,13,3,TRIANGLE,INSTRUMENTS,13,late
9,13,4,PINE,TREES,3,late
9,13,5,MAPLE,TREES,6,late
9,13,6,FIG,FRUITS,5,late
9,13,7,PLUM,FRUITS,7,late
9,13,8,RASPBERRY,FRUITS,11,late
9,13,9,HONEYDEW,FRUITS,10,late
9,13,10,SCREWS,TOOLS,2,late
9,13,11,HAMMER,TOOLS,9,late
9,13,12,BOLTS,TOOLS,7,late
9,13,13,VIOLIN,INSTRUMENTS,14,late
9,14,1,PETUNIA,FLOWERS,2,late
9,14,2,TULIP,FLOWERS,6,late
9,14,3,ROSE,FLOWERS,13,late
9,14,4,CARNATION,FLOWERS,16,late
9,14,5,KITCHEN,BUILDING RELATED,9,late
9,14,6,ALCOVE,BUILDING RELATED,15,late
9,14,7,GAZEBO,BUILDING RELATED,7,late
9,14,8,DONKEY,MAMMALS,1,late
9,14,9,HIPPOPOTAMUS,MAMMALS,4,late
9,14,10,DOG,MAMMALS,12,late
9,14,11,HEART,BODY PARTS,3,late
9,14,12,EAR,BODY PARTS,5,late
9,15,1,FLORIDA,STATES,16,late
9,15,2,KANSAS,STATES,13,late
9,15,3,MICHIGAN,STATES,10,late
9,15,4,IOWA,STATES,3,late
9,15,5,POMEGRANATE,FRUITS,1,late
9,15,6,LEMON,FRUITS,2,late
9,15,7,PEAR,FRUITS,6,late
9,15,8,CLEMENTINE,FRUITS,8,late
9,15,9,MOOSE,MAMMALS,14,late
9,15,10,MONKEY,MAMMALS,11,late
9,15,11,ANTELOPE,MAMMALS,15,late
9,15,12,TOOTH,BODY PARTS,4,late
9,15,13,RIB,BODY PARTS,5,late
10,0,1,ROME,CITIES,9,early
10,0,2,TREON,,2,early
10,0,3,HARRIS,,3,early
10,0,4,DOG,MAMMALS,15,early
10,0,5,TRUMPET,INSTRUMENTS,14,early
10,0,6,TUBA,INSTRUMENTS,16,early
10,0,7,PICCOLO,INSTRUMENTS,13,early
10,0,8,BROILER,KITCHEN-RELATED,3,early
10,0,9,OVEN,KITCHEN-RELATED,4,early
10,0,10,THERMOMETER,KITCHEN-RELATED,1,early
10,0,11,LETTUCE,VEGETABLES,10,early
10,0,12,PELVIS,BODY PARTS,8,early
10,1,1,UNDERWEAR,CLOTHING,1,early
10,1,2,DRESS,CLOTHING,4,early
10,1,3,BASS,INSTRUMENTS,4,early
10,1,4,FORK,KITCHEN-RELATED,6,early
10,1,5,TOASTER,KITCHEN-RELATED,7,early
10,1,6,SUNFLOWER,FLOWERS,9,early
10,1,7,LILY,FLOWERS,10,early
10,1,8,DAISY,FLOWERS,11,early
10,1,9,MONTANA,STATES,13,early
10,1,10,ARIZONA,STATES,14,early
10,1,11,UTAH,STATES,16,early
10,1,12,MAINE,STATES,15,early
10,1,13,NARCISSUS,FLOWERS,12,early
10,2,1,SPINACH,VEGETABLES,11,early
10,2,2,GARLIC,VEGETABLES,12,early
10,2,3,ARTICHOKE,VEGETABLES,9,early
10,2,4,CAMISOLE,CLOTHING,8,early
10,2,5,MARACAS,INSTRUMENTS,2,early
10,2,6,EGYPT,COUNTRIES,4,early
10,2,7,GERMANY,COUNTRIES,1,early
10,2,8,FURNACE,BUILDING RELATED,16,early
10,2,9,CHIMNEY,BUILDING RELATED,15,early
10,2,10,JACKET,CLOTHING,5,early
10,2,11,BLOUSE,CLOTHING,7,early
10,3,1,RE,,1,early
10,3,2,TORONTO,CITIES,16,early
10,3,3,MIAMI,CITIES,14,early
10,3,4,BOMBAY,CITIES,15,early
10,3,5,STOCKHOLM,CITIES,13,early
10,3,6,SHOULDER,BODY PARTS,2,early
10,3,7,ELBOW,BODY PARTS,4,early
10,3,8,KIDNEY,BODY PARTS,3,early
10,3,9,FOOT,BODY PARTS,1,early
10,4,1,ETHIOPIA,COUNTRIES,14,early
10,4,2,ITALY,COUNTRIES,15,early
10,4,3,AUSTRALIA,COUNTRIES,16,early
10,4,4,YAMS,VEGETABLES,9,early
10,4,5,LETTUCE,VEGETABLES,10,early
10,4,6,VIOLA,INSTRUMENTS,1,early
10,4,7,TUBA,INSTRUMENTS,16,early
10,4,8,MARACAS,INSTRUMENTS,2,early
10,4,9,TROMBONE,INSTRUMENTS,3,early
10,4,10,ZEBRA,MAMMALS,7,early
10,4,11,LION,MAMMALS,8,early
10,4,12,ELEPHANT,MAMMALS,6,early
10,4,13,PIG,MAMMALS,5,early
10,5,1,HICKORY,TREES,14,early
10,5,2,MAPLE,TREES,16,early
10,5,3,SAXOPHONE,INSTRUMENTS,11,early
10,5,4,VIOLIN,INSTRUMENTS,12,early
10,5,5,HONEYDEW,FRUITS,7,early
10,5,6,RASPBERRY,FRUITS,8,early
10,5,7,WEDGE,TOOLS,1,early
10,5,8,WIRE,TOOLS,2,early
10,5,9,SCREWS,TOOLS,3,early
10,5,10,HAMMER,TOOLS,4,early
10,6,1,ASH,TREES,8,early
10,6,2,WILLOW,TREES,6,early
10,6,3,ACCORDION,INSTRUMENTS,15,early
10,6,4,HAND,BODY PARTS,4,early
10,7,1,FINGER,BODY PARTS,3,early
10,7,2,HIPPOPOTAMUS,MAMMALS,14,early
10,7,3,DOG,MAMMALS,15,early
10,7,4,CARNATION,FLOWERS,6,early
10,7,5,TULIP,FLOWERS,5,early
10,7,6,KITCHEN,BUILDING RELATED,1,early
10,7,7,AR,,7,early
10,7,8,ALCOVE,BUILDING RELATED,4,early
10,7,9,KNUCKLE,BODY PARTS,10,early
10,7,10,EAR,BODY PARTS,11,early
10,7,11,LETTUCE,VEGETABLES,10,early
10,8,1,TROUSERS,CLOTHING,3,late
10,8,2,SWEATER,CLOTHING,8,late
10,8,3,GLOVES,CLOTHING,15,late
10,8,4,TEAK,TREES,13,late
10,8,5,CEDAR,TREES,7,late
10,8,6,MOSQUITO,INSECTS,2,late
10,8,7,HORNET,INSECTS,12,late
10,8,8,MILLIPEDE,INSECTS,9,late
10,8,9,SYDNEY,CITIES,1,late
10,8,10,RULER,TOOLS,12,late
10,8,11,CHICAGO,CITIES,6,late
10,8,12,BRA,CLOTHING,11,late
10,9,1,HORSE,MAMMALS,16,late
10,9,2,GLASS,KITCHEN-RELATED,13,late
10,9,3,WINDOW,BUILDING RELATED,11,late
10,9,4,HALL,BUILDING RELATED,7,late
10,9,5,CORRIDOR,BUILDING RELATED,5,late
10,9,6,KIWI,FRUITS,6,late
10,9,7,STRAWBERRY,FRUITS,8,late
10,9,8,GUAVA,FRUITS,12,late
10,9,9,POT,KITCHEN-RELATED,2,late
10,9,10,REFRIGERATOR,KITCHEN-RELATED,3,late
10,9,11,TANGELO,FRUITS,9,late
10,10,1,WISCONSIN,STATES,15,late
10,10,2,NECTARINE,FRUITS,10,late
10,10,3,BANANA,FRUITS,16,late
10,10,4,MANGO,FRUITS,2,late
10,10,5,RULER,TOOLS,12,late
10,10,6,PHILADELPHIA,CITIES,14,late
10,10,7,JERUSALEM,CITIES,3,late
10,11,1,JAPAN,COUNTRIES,16,late
10,11,2,FRANCE,COUNTRIES,8,late
10,11,3,ENGLAND,COUNTRIES,3,late
10,11,4,SWITZERLAND,COUNTRIES,11,late
10,11,5,PROTRACTOR,TOOLS,2,late
10,11,6,BOLTS,TOOLS,9,late
10,11,7,WIRE,TOOLS,2,late
10,11,8,FURNACE,BUILDING RELATED,16,late
10,12,1,OKRA,VEGETABLES,16,late
10,12,2,RUTABAGA,VEGETABLES,11,late
10,12,3,ALASKA,STATES,5,late
10,12,4,OHIO,STATES,3,late
10,12,5,TERMITE,INSECTS,6,late
10,12,6,RHINOCEROS,MAMMALS,2,late
10,12,7,RABBIT,MAMMALS,4,late
10,12,8,PENNSYLVANIA,STATES,14,late
10,13,1,BROCCOLI,VEGETABLES,6,late
10,13,2,ONION,VEGETABLES,8,late
10,13,3,CAULIFLOWER,VEGETABLES,16,late
10,13,4,GRIDDLE,KITCHEN-RELATED,5,late
10,13,5,AZALEA,FLOWERS,7,late
10,13,6,FOUNDATION,BUILDING RELATED,13,late
10,13,7,CARPET,BUILDING RELATED,3,late
10,13,8,FLORIDA,STATES,14,late
10,14,1,HALL,BUILDING RELATED,7,late
10,14,2,UNDERWEAR,CLOTHING,1,late
10,14,3,UKULELE,INSTRUMENTS,11,late
10,14,4,MARIMBA,INSTRUMENTS,10,late
10,14,5,SHIRT,CLOTHING,3,late
10,14,6,BELT,CLOTHING,4,late
10,15,1,MIAMI,CITIES,14,late
10,15,2,FLORIDA,STATES,14,late
10,15,3,RIB,BODY PARTS,12,late
10,15,4,MOOSE,MAMMALS,10,late
10,15,5,TOOTH,BODY PARTS,7,late
11,0,1,PELVIS,BODY PARTS,1,early
11,0,2,STOMACH,BODY PARTS,2,early
11,0,3,HIP,BODY PARTS,4,early
11,0,4,ARMS,BODY PARTS,3,early
11,0,5,DALLAS,CITIES,5,early
11,0,6,MONTREAL,CITIES,7,early
11,0,7,OVEN,KITCHEN-RELATED,16,early
11,0,8,PICCOLO,INSTRUMENTS,11,early
11,0,9,TUBA,INSTRUMENTS,12,early
11,0,10,PARIS,CITIES,8,early
11,1,1,HONEYDEW,FRUITS,1,early
11,1,2,FIG,FRUITS,2,early
11,1,3,PLUM,FRUITS,3,early
11,1,4,RASPBERRY,FRUITS,4,early
11,1,5,SCREWS,TOOLS,5,early
11,1,6,WIRE,TOOLS,6,early
11,1,7,WEDGE,TOOLS,7,early
11,1,8,HAMMER,TOOLS,8,early
11,1,9,SAXOPHONE,INSTRUMENTS,12,early
11,1,10,TRIANGLE,INSTRUMENTS,11,early
11,1,11,PINE,TREES,14,early
11,1,12,HICKORY,TREES,16,early
11,2,1,ELBOW,BODY PARTS,1,early
11,2,2,SHOULDER,BODY PARTS,4,early
11,2,3,KIDNEY,BODY PARTS,2,early
11,2,4,FOOT,BODY PARTS,3,early
11,2,5,AUBERGINE,VEGETABLES,5,early
11,2,6,SQUASH,VEGETABLES,6,early
11,2,7,ZUCCHINI,VEGETABLES,7,early
11,2,8,TORONTO,CITIES,13,early
11,2,9,STOCKHOLM,CITIES,14,early
11,2,10,BOMBAY,CITIES,16,early
11,2,11,MIAMI,CITIES,15,early
11,3,1,KIWI,FRUITS,2,early
11,3,2,TANGELO,FRUITS,3,early
11,3,3,STRAWBERRY,FRUITS,4,early
11,3,4,REFRIGERATOR,KITCHEN-RELATED,5,early
11,3,5,GLASS,KITCHEN-RELATED,6,early
11,3,6,SPATULA,KITCHEN-RELATED,7,early
11,3,7,POT,KITCHEN-RELATED,8,early
11,3,8,MOUSE,MAMMALS,9,early
11,3,9,HORSE,MAMMALS,11,early
11,3,10,COW,MAMMALS,10,early
11,3,11,DOOR,BUILDING RELATED,13,early
11,3,12,CORRIDOR,BUILDING RELATED,14,early
11,3,13,HALL,BUILDING RELATED,16,early
11,4,1,NECTARINE,FRUITS,8,early
11,4,2,KUMQUAT,FRUITS,6,early
11,4,3,KNIFE,KITCHEN-RELATED,14,early
11,4,4,WASHER,TOOLS,10,early
11,4,5,WISCONSIN,STATES,1,early
11,4,6,CALIFORNIA,STATES,3,early
11,4,7,HAWAII,STATES,2,early
11,4,8,VERMONT,STATES,4,early
11,4,9,BANANA,FRUITS,5,early
11,4,10,MANGO,FRUITS,7,early
11,4,11,TOKYO,CITIES,14,early
11,4,12,JERUSALEM,CITIES,13,early
11,4,13,PHILADELPHIA,CITIES,15,early
11,5,1,BUTTERCUP,FLOWERS,1,early
11,5,2,DAHLIA,FLOWERS,3,early
11,5,3,AZALEA,FLOWERS,2,early
11,5,4,LOG,FLOWERS,4,early
11,5,5,PICKLE,VEGETABLES,9,early
11,5,6,BROCCOLI,VEGETABLES,10,early
11,5,7,CAULIFLOWER,VEGETABLES,11,early
11,5,8,ONION,VEGETABLES,12,early
11,5,9,ELEVATOR,BUILDING RELATED,5,early
11,5,10,FOUNDATION,BUILDING RELATED,7,early
11,5,11,CARPET,BUILDING RELATED,6,early
11,5,12,SAUCER,KITCHEN-RELATED,14,early
11,6,1,CEDAR,TREES,4,early
11,6,2,PALM,TREES,2,early
11,6,3,TEAK,TREES,3,early
11,6,4,HICKORY,TREES,16,early
11,6,5,CHICAGO,CITIES,10,early
11,6,6,SYDNEY,CITIES,9,early
11,6,7,GLOVES,CLOTHING,15,early
11,6,8,SWEATER,CLOTHING,13,early
11,7,1,OKRA,VEGETABLES,3,early
11,7,2,RUTABAGA,VEGETABLES,2,early
11,7,3,GINGER,VEGETABLES,1,early
11,7,4,PUMPKIN,VEGETABLES,4,early
11,7,5,OHIO,STATES,5,early
11,7,6,PENNSYLVANIA,STATES,6,early
11,7,7,ALASKA,STATES,7,early
11,7,8,TEXAS,STATES,8,early
11,7,9,CHRYSALIS,INSECTS,11,early
11,7,10,BEETLE,INSECTS,9,early
11,7,11,RABBIT,MAMMALS,13,early
11,7,12,RHINOCEROS,MAMMALS,14,early
11,8,1,CLARINET,INSTRUMENTS,1,late
11,8,2,PROTRACTOR,TOOLS,2,late
11,8,3,BOLTS,TOOLS,3,late
11,8,4,CHISEL,TOOLS,4,late
11,8,5,SAW,TOOLS,15,late
11,8,6,ENGLAND,COUNTRIES,5,late
11,8,7,JAPAN,COUNTRIES,14,late
11,8,8,SWITZERLAND,COUNTRIES,12,late
11,8,9,PIANO,INSTRUMENTS,9,late
11,8,10,LEOPARD,MAMMALS,6,late
11,8,11,CAT,MAMMALS,10,late
11,9,1,FACE,BODY PARTS,1,late
11,9,2,CARNATION,FLOWERS,2,late
11,9,3,KNUCKLE,BODY PARTS,3,late
11,9,4,BARN,BUILDING RELATED,4,late
11,9,5,HEART,BODY PARTS,5,late
11,9,6,TIGER,MAMMALS,6,late
11,9,7,PETUNIA,FLOWERS,7,late
11,9,8,ALCOVE,BUILDING RELATED,8,late
11,9,9,HIPPOPOTAMUS,MAMMALS,11,late
11,9,10,DONKEY,MAMMALS,15,late
11,9,11,KITCHEN,BUILDING RELATED,9,late
11,9,12,GAZEBO,BUILDING RELATED,13,late
11,10,1,HARMONICA,INSTRUMENTS,1,late
11,10,2,EVERGREEN,TREES,2,late
11,10,3,SPRUCE,TREES,3,late
11,10,4,COTTONWOOD,TREES,6,late
11,10,5,BANJO,INSTRUMENTS,5,late
11,10,6,UKULELE,INSTRUMENTS,7,late
11,10,7,MARIMBA,INSTRUMENTS,11,late
11,10,8,CUP,KITCHEN-RELATED,12,late
11,10,9,SHIRT,CLOTHING,8,late
11,10,10,BELT,CLOTHING,9,late
11,10,11,JUMPER,CLOTHING,10,late
11,10,12,MIXER,KITCHEN-RELATED,13,late
11,11,1,TOASTER,KITCHEN-RELATED,1,late
11,11,2,DAISY,FLOWERS,16,late
11,11,3,SUNFLOWER,FLOWERS,2,late
11,11,4,NARCISSUS,FLOWERS,3,late
11,11,5,DRESS,CLOTHING,5,late
11,11,6,ARIZONA,STATES,4,late
11,11,7,UTAH,STATES,6,late
11,11,8,MONTANA,STATES,8,late
11,11,9,MAINE,STATES,7,late
11,11,10,SKILLET,KITCHEN-RELATED,13,late
11,11,11,KNIFE,KITCHEN-RELATED,14,late
11,11,12,FORK,KITCHEN-RELATED,15,late
11,12,1,MONKEY,MAMMALS,1,late
11,12,2,FLORIDA,STATES,2,late
11,12,3,CLEMENTINE,FRUITS,5,late
11,12,4,TOOTH,BODY PARTS,8,late
11,13,1,ZEBRA,MAMMALS,1,late
11,13,2,AUSTRALIA,COUNTRIES,2,late
11,13,3,CELERY,VEGETABLES,3,late
11,13,4,ITALY,COUNTRIES,5,late
11,13,5,VIOLA,INSTRUMENTS,4,late
11,13,6,TROMBONE,INSTRUMENTS,6,late
11,13,7,POLAND,COUNTRIES,7,late
11,13,8,PIG,MAMMALS,8,late
11,13,9,MARACAS,INSTRUMENTS,9,late
11,13,10,LION,MAMMALS,10,late
11,13,11,ETHIOPIA,COUNTRIES,13,late
11,13,12,YAMS,VEGETABLES,16,late
11,13,13,ELEPHANT,MAMMALS,14,late
11,14,1,MONARCH,INSECTS,1,late
11,14,2,ASH,TREES,2,late
11,14,3,POPULAR,,3,late
11,14,4,SCORPION,INSECTS,3,late
11,14,5,WORM,INSECTS,4,late
11,14,6,GUITAR,INSTRUMENTS,9,late
11,14,7,HAND,BODY PARTS,5,late
11,14,8,EUCALYPTUS,TREES,7,late
11,14,9,ANKLE,BODY PARTS,8,late
11,14,10,LARVAE,,10,late
11,14,11,LIPS,,11,late
11,14,12,FINGER,BODY PARTS,16,late
11,14,13,ACCORDION,INSTRUMENTS,14,late
11,15,1,CAMISOLE,CLOTHING,1,late
11,15,2,GERMANY,COUNTRIES,2,late
11,15,3,CLOSET,BUILDING RELATED,7,late
11,15,4,CHIMNEY,BUILDING RELATED,4,late
11,15,5,SUIT,CLOTHING,6,late
11,15,6,JACKET,CLOTHING,14,late
11,15,7,EGYPT,COUNTRIES,12,late
11,15,8,LOBBY,BUILDING RELATED,10,late
11,15,9,ARTICHOKE,VEGETABLES,9,late
11,15,10,SPINACH,VEGETABLES,11,late
11,15,11,IRAN,COUNTRIES,13,late
11,15,12,CUBA,COUNTRIES,8,late
12,0,1,SPRUCE,TREES,5,early
12,0,2,COTTONWOOD,TREES,8,early
12,0,3,BLENDER,KITCHEN-RELATED,2,early
12,0,4,UKULELE,INSTRUMENTS,9,early
12,0,5,BANJO,INSTRUMENTS,10,early
12,0,6,HARMONICA,INSTRUMENTS,11,early
12,0,7,SHIRT,CLOTHING,15,early
12,0,8,JUMPER,CLOTHING,14,early
12,0,9,ROME,CITIES,12,early
12,0,10,MIXER,KITCHEN-RELATED,3,early
12,1,1,CARNATION,FLOWERS,11,early
12,1,2,HEART,BODY PARTS,7,early
12,1,3,EAR,BODY PARTS,5,early
12,1,4,HIPPOPOTAMUS,MAMMALS,2,early
12,1,5,DONKEY,MAMMALS,1,early
12,1,6,EAR,BODY PARTS,5,early
12,1,7,TIGER,MAMMALS,4,early
12,1,8,FACE,BODY PARTS,6,early
12,2,1,COW,MAMMALS,3,early
12,2,2,CORRIDOR,BUILDING RELATED,12,early
12,2,3,DOOR,BUILDING RELATED,11,early
12,2,4,REFRIGERATOR,KITCHEN-RELATED,13,early
12,2,5,SPATULA,KITCHEN-RELATED,16,early
12,2,6,GUAVA,FRUITS,5,early
12,2,7,KIWI,FRUITS,6,early
12,2,8,STRAWBERRY,FRUITS,8,early
12,2,9,WINDOW,BUILDING RELATED,10,early
12,2,10,GLASS,KITCHEN-RELATED,14,early
12,2,11,TANGELO,FRUITS,7,early
12,2,12,HORSE,MAMMALS,1,early
12,2,13,GIRAFFE,MAMMALS,2,early
12,2,14,MOUSE,MAMMALS,4,early
12,2,15,COW,MAMMALS,3,early
12,2,16,DOOR,BUILDING RELATED,11,early
12,3,1,FORK,KITCHEN-RELATED,1,early
12,3,2,NAME,,2,early
12,3,3,SKILLET,KITCHEN-RELATED,3,early
12,3,4,TOASTER,KITCHEN-RELATED,4,early
12,3,5,NARCISSUS,FLOWERS,13,early
12,3,6,SUNFLOWER,FLOWERS,15,early
12,3,7,DAISY,FLOWERS,16,early
12,3,8,GIRDLE,CLOTHING,5,early
12,3,9,DRESS,CLOTHING,6,early
12,3,10,PANTS,CLOTHING,8,early
12,3,11,UNDERWEAR,CLOTHING,7,early
12,3,12,MONTANA,STATES,9,early
12,3,13,ARIZONA,STATES,10,early
12,3,14,UTAH,STATES,11,early
12,3,15,MAINE,STATES,12,early
12,4,1,FLORIDA,STATES,1,early
12,4,2,IOWA,STATES,2,early
12,4,3,KANSAS,STATES,3,early
12,4,4,MICHIGAN,STATES,4,early
12,4,5,PEAR,FRUITS,5,early
12,4,6,LEMON,FRUITS,6,early
12,4,7,CLEMENTINE,FRUITS,7,early
12,4,8,RIB,BODY PARTS,9,early
12,4,9,TOOTH,BODY PARTS,10,early
12,4,10,ANTELOPE,MAMMALS,13,early
12,4,11,MONKEY,MAMMALS,14,early
12,4,12,RACOON,MAMMALS,15,early
12,4,13,MOOSE,MAMMALS,16,early
12,5,1,PALM,TREES,1,early
12,5,2,SHEEP,MAMMALS,7,early
12,5,3,LETTUCE,VEGETABLES,8,early
12,5,4,SYCAMORE,TREES,4,early
12,5,5,TROUSERS,CLOTHING,6,early
12,5,6,BRA,CLOTHING,5,early
12,5,7,SWEATER,CLOTHING,7,early
12,5,8,RENO,CITIES,10,early
12,5,9,SYDNEY,CITIES,11,early
12,5,10,CHICAGO,CITIES,12,early
12,5,11,MANTIS,INSECTS,13,early
12,5,12,MILLIPEDE,INSECTS,14,early
12,5,13,HORNET,INSECTS,16,early
12,6,1,CHISEL,TOOLS,1,early
12,6,2,SAW,TOOLS,3,early
12,6,3,PROTRACTOR,TOOLS,4,early
12,6,4,ENGLAND,COUNTRIES,5,early
12,6,5,PEAR,FRUITS,5,early
12,6,6,FRANCE,COUNTRIES,7,early
12,6,7,CAT,MAMMALS,9,early
12,6,8,SWITZERLAND,COUNTRIES,8,early
12,6,9,SQUIRREL,MAMMALS,10,early
12,6,10,CLARINET,INSTRUMENTS,13,early
12,6,11,LEOPARD,MAMMALS,11,early
12,6,12,FERRET,MAMMALS,12,early
12,6,13,DRUM,INSTRUMENTS,14,early
12,6,14,PIANO,INSTRUMENTS,15,early
12,6,15,KAZOO,INSTRUMENTS,16,early
12,7,1,STOMACH,BODY PARTS,1,early
12,7,2,HIP,BODY PARTS,2,early
12,7,3,PELVIS,BODY PARTS,4,early
12,7,4,ARMS,BODY PARTS,3,early
12,7,5,OVEN,KITCHEN-RELATED,5,early
12,7,6,MUG,KITCHEN-RELATED,7,early
12,7,7,BROILER,KITCHEN-RELATED,8,early
12,7,8,DALLAS,CITIES,9,early
12,7,9,MONTREAL,CITIES,10,early
12,7,10,PARIS,CITIES,11,early
12,7,11,ROME,CITIES,12,early
12,7,12,PICCOLO,INSTRUMENTS,13,early
12,7,13,TRUMPET,INSTRUMENTS,14,early
12,7,14,TUBA,INSTRUMENTS,15,early
12,7,15,TAMBOURINE,INSTRUMENTS,16,early
12,8,1,GARLIC,VEGETABLES,1,late
12,8,2,JACKET,CLOTHING,2,late
12,8,3,POTATO,VEGETABLES,3,late
12,8,4,CAMISOLE,CLOTHING,4,late
12,8,5,GERMANY,COUNTRIES,5,late
12,8,6,EGYPT,COUNTRIES,6,late
12,8,7,LOBBY,BUILDING RELATED,7,late
12,8,8,CLOSET,BUILDING RELATED,8,late
12,8,9,CUBA,COUNTRIES,11,late
12,8,10,BLOUSE,CLOTHING,12,late
12,8,11,IRAN,COUNTRIES,14,late
12,8,12,ARTICHOKE,VEGETABLES,16,late
12,8,13,FURNACE,BUILDING RELATED,15,late
12,9,1,AUBERGINE,VEGETABLES,2,late
12,9,2,SQUASH,VEGETABLES,3,late
12,9,3,MIAMI,CITIES,8,late
12,9,4,ELBOW,BODY PARTS,5,late
12,9,5,WOLF,MAMMALS,4,late
12,9,6,SHEEP,MAMMALS,7,late
12,9,7,ZUCCHINI,VEGETABLES,6,late
12,9,8,TORONTO,CITIES,10,late
12,9,9,STOCKHOLM,CITIES,12,late
12,9,10,GOAT,MAMMALS,11,late
12,9,11,KIDNEY,BODY PARTS,13,late
12,9,12,OLIVE,VEGETABLES,14,late
12,9,13,PALM,TREES,1,late
12,9,14,BAY,,14,late
12,9,15,PANTHER,MAMMALS,9,late
12,9,16,PANTHER,MAMMALS,9,late
12,10,1,ELM,TREES,1,late
12,10,2,WEDGE,TOOLS,2,late
12,10,3,HICKORY,TREES,3,late
12,10,4,HOLLOW,,4,late
12,10,5,SAXOPHONE,INSTRUMENTS,5,late
12,10,6,PINE,TREES,6,late
12,10,7,TRIANGLE,INSTRUMENTS,7,late
12,10,8,HAMMER,TOOLS,8,late
12,10,9,SCREWS,TOOLS,9,late
12,10,10,VIOLIN,INSTRUMENTS,11,late
12,10,11,HONEYDEW,FRUITS,10,late
12,10,12,FIG,FRUITS,13,late
12,10,13,DRUM,INSTRUMENTS,14,late
12,11,1,PICKLE,VEGETABLES,16,late
12,11,2,QUEENS,,2,late
12,11,3,DAHLIA,FLOWERS,9,late
12,11,4,DISH,KITCHEN-RELATED,15,late
12,11,5,CARPET,BUILDING RELATED,7,late
12,11,6,BROCCOLI,VEGETABLES,13,late
12,11,7,ONION,VEGETABLES,12,late
12,11,8,SAUCER,KITCHEN-RELATED,11,late
12,11,9,STRAINER,KITCHEN-RELATED,10,late
12,11,10,CARPET,BUILDING RELATED,7,late
12,11,11,LOG,FLOWERS,8,late
12,11,12,FOUNDATION,BUILDING RELATED,6,late
12,11,13,GRIDDLE,KITCHEN-RELATED,4,late
12,11,14,ELEVATOR,BUILDING RELATED,2,late
12,11,15,AZALEA,FLOWERS,3,late
12,11,16,BROCCOLI,VEGETABLES,13,late
12,11,17,FLOOR,BUILDING RELATED,1,late
12,12,1,MANGO,FRUITS,1,late
12,12,2,NECTARINE,FRUITS,3,late
12,12,3,HAWAII,STATES,2,late
12,12,4,JERUSALEM,CITIES,4,late
12,12,5,RULER,TOOLS,5,late
12,12,6,KUMQUAT,FRUITS,6,late
12,12,7,TOKYO,CITIES,7,late
12,12,8,BANANA,FRUITS,8,late
12,12,9,WISCONSIN,STATES,9,late
12,12,10,NUTS,TOOLS,10,late
12,12,11,GLUE,TOOLS,11,late
12,12,12,CALIFORNIA,STATES,12,late
12,12,13,VERMONT,STATES,13,late
12,12,14,WASHER,TOOLS,14,late
12,12,15,PHILADELPHIA,CITIES,16,late
12,12,16,VANCOUVER,CITIES,15,late
12,13,1,ALASKA,STATES,1,late
12,13,2,RUTABAGA,VEGETABLES,2,late
12,13,3,RUTABAGA,VEGETABLES,2,late
12,13,4,FOX,MAMMALS,4,late
12,13,5,GINGER,VEGETABLES,3,late
12,13,6,CHRYSALIS,INSECTS,5,late
12,13,7,CHRYSALIS,INSECTS,5,late
12,13,8,PUMPKIN,VEGETABLES,6,late
12,13,9,BEETLE,INSECTS,7,late
12,13,10,RHINOCEROS,MAMMALS,8,late
12,13,11,LLAMA,MAMMALS,9,late
12,13,12,TERMITE,INSECTS,10,late
12,13,13,OHIO,STATES,11,late
12,13,14,RABBIT,MAMMALS,12,late
12,13,15,OKRA,VEGETABLES,13,late
12,13,16,TEXAS,STATES,15,late
12,13,17,PHILADELPHIA,CITIES,16,late
12,13,18,PENNSYLVANIA,STATES,16,late
12,14,1,ANKLE,BODY PARTS,1,late
12,14,2,SCORPION,INSECTS,2,late
12,14,3,GUITAR,INSTRUMENTS,3,late
12,14,4,MONARCH,INSECTS,4,late
12,14,5,LARVA,INSECTS,5,late
12,14,6,HORNET,INSECTS,16,late
12,14,7,ASH,TREES,11,late
12,14,8,EUCALYPTUS,TREES,12,late
12,14,9,ARMS,BODY PARTS,3,late
12,14,10,XYLOPHONE,INSTRUMENTS,10,late
12,14,11,POPLAR,TREES,9,late
12,14,12,BONGOS,INSTRUMENTS,15,late
12,14,13,WILLOW,TREES,16,late
12,15,1,ZEBRA,MAMMALS,1,late
12,15,2,MARACAS,INSTRUMENTS,2,late
12,15,3,CELERY,VEGETABLES,4,late
12,15,4,ITALY,COUNTRIES,3,late
12,15,5,AUSTRALIA,COUNTRIES,5,late
12,15,6,POLAND,COUNTRIES,7,late
12,15,7,PIG,MAMMALS,6,late
12,15,8,LETTUCE,VEGETABLES,8,late
12,15,9,YAMS,VEGETABLES,9,late
12,15,10,ETHIOPIA,COUNTRIES,10,late
12,15,11,VIOLA,INSTRUMENTS,11,late
12,15,12,LION,MAMMALS,12,late
12,15,13,ELEPHANT,MAMMALS,14,late
12,15,14,BASS,INSTRUMENTS,13,late
12,15,15,TROMBONE,INSTRUMENTS,15,late
12,15,16,CARROT,VEGETABLES,16,late
13,0,1,GARDENIA,,1,early
13,0,2,ALCOVE,BUILDING RELATED,5,early
13,0,3,GAZEBO,BUILDING RELATED,6,early
13,0,4,KITCHEN,BUILDING RELATED,7,early
13,0,5,DOG,MAMMALS,13,early
13,0,6,HIPPOPOTAMUS,MAMMALS,16,early
13,0,7,HEART,BODY PARTS,10,early
13,0,8,FACE,BODY PARTS,12,early
13,1,1,UTAH,STATES,1,early
13,1,2,MONTANA,STATES,4,early
13,1,3,MAINE,STATES,2,early
13,1,4,ROME,CITIES,15,early
13,1,5,DRESS,CLOTHING,5,early
13,1,6,PANTS,CLOTHING,6,early
13,1,7,UNDERWEAR,CLOTHING,7,early
13,1,8,KNIFE,KITCHEN-RELATED,10,early
13,1,9,FOR,,9,early
13,1,10,SKILLET,KITCHEN-RELATED,11,early
13,1,11,TOASTER,KITCHEN-RELATED,12,early
13,1,12,SUNFLOWER,FLOWERS,14,early
13,1,13,NARCISSUS,FLOWERS,13,early
13,1,14,LILY,FLOWERS,16,early
13,2,1,VERMONT,STATES,13,early
13,2,2,CALIFORNIA,STATES,14,early
13,2,3,HAWAII,STATES,16,early
13,2,4,WISCONSIN,STATES,15,early
13,2,5,VANCOUVER,CITIES,5,early
13,2,6,TOKYO,CITIES,8,early
13,2,7,PHILADELPHIA,CITIES,7,early
13,2,8,GLUE,TOOLS,9,early
13,2,9,WASHER,TOOLS,10,early
13,2,10,RULER,TOOLS,11,early
13,3,1,CEDAR,TREES,16,early
13,3,2,GOAT,MAMMALS,16,early
13,3,3,ZUCCHINI,VEGETABLES,2,early
13,3,4,STOCKHOLM,CITIES,5,early
13,3,5,TORONTO,CITIES,8,early
13,3,6,BOMBAY,CITIES,6,early
13,3,7,ELBOW,BODY PARTS,9,early
13,3,8,SHOULDER,BODY PARTS,11,early
13,3,9,KIDNEY,BODY PARTS,10,early
13,4,1,PIANO,INSTRUMENTS,14,early
13,4,2,CLARINET,INSTRUMENTS,15,early
13,4,3,KAZOO,INSTRUMENTS,16,early
13,4,4,PROTRACTOR,TOOLS,3,early
13,4,5,CHISEL,TOOLS,2,early
13,4,6,SAW,TOOLS,1,early
13,4,7,SWITZERLAND,COUNTRIES,6,early
13,4,8,ENGLAND,COUNTRIES,8,early
13,4,9,FRANCE,COUNTRIES,5,early
13,4,10,FERRET,MAMMALS,12,early
13,4,11,SQUIRREL,MAMMALS,11,early
13,5,1,LETTUCE,VEGETABLES,9,early
13,5,2,CELERY,VEGETABLES,11,early
13,5,3,CARROTS,,3,early
13,5,4,YAMS,VEGETABLES,12,early
13,5,5,ITALY,COUNTRIES,15,early
13,5,6,ETHIOPIA,COUNTRIES,13,early
13,5,7,ZEBRA,MAMMALS,1,early
13,5,8,ELEPHANT,MAMMALS,3,early
13,5,9,PIG,MAMMALS,2,early
13,5,10,LION,MAMMALS,4,early
13,5,11,TROMBONE,INSTRUMENTS,6,early
13,5,12,BASS,INSTRUMENTS,5,early
13,5,13,ROACHES,,13,early
13,5,14,JAPAN,COUNTRIES,7,early
13,6,1,JACKET,CLOTHING,13,early
13,6,2,SUIT,CLOTHING,14,early
13,6,3,CAMISOLE,CLOTHING,15,early
13,6,4,BASS,INSTRUMENTS,5,early
13,6,5,IRAN,COUNTRIES,1,early
13,6,6,GERMANY,COUNTRIES,2,early
13,6,7,SPINACH,VEGETABLES,5,early
13,6,8,ARTICHOKE,VEGETABLES,7,early
13,7,1,HONEYDEW,FRUITS,13,early
13,7,2,FIG,FRUITS,14,early
13,7,3,HICKORY,TREES,1,early
13,7,4,ELM,TREES,2,early
13,7,5,MAPLE,TREES,3,early
13,7,6,TRIANGLE,INSTRUMENTS,10,early
13,7,7,SAXOPHONE,INSTRUMENTS,9,early
13,8,1,TOOTH,BODY PARTS,2,late
13,8,2,FRANCE,COUNTRIES,5,late
13,8,3,MOOSE,MAMMALS,8,late
13,8,4,MONKEY,MAMMALS,10,late
13,8,5,TONGUE,BODY PARTS,7,late
13,8,6,IOWA,STATES,9,late
13,8,7,MICHIGAN,STATES,12,late
13,8,8,FLORIDA,STATES,15,late
13,8,9,PEAR,FRUITS,14,late
13,8,10,PANCREAS,BODY PARTS,13,late
13,9,1,HARMONICA,INSTRUMENTS,14,late
13,9,2,UKULELE,INSTRUMENTS,15,late
13,9,3,COTTONWOOD,TREES,16,late
13,9,4,EVERGREEN,TREES,13,late
13,9,5,OAK,TREES,9,late
13,9,6,SPRUCE,TREES,4,late
13,9,7,BELT,CLOTHING,5,late
13,9,8,ROBE,CLOTHING,6,late
13,9,9,SHIRT,CLOTHING,8,late
13,9,10,BANJO,INSTRUMENTS,2,late
13,9,11,BLENDER,KITCHEN-RELATED,12,late
13,9,12,MIXER,KITCHEN-RELATED,11,late
13,9,13,JUMPER,CLOTHING,1,late
13,10,1,AZALEA,FLOWERS,13,late
13,10,2,CAULIFLOWER,VEGETABLES,14,late
13,10,3,ELEVATOR,BUILDING RELATED,15,late
13,10,4,DISH,KITCHEN-RELATED,16,late
13,10,5,BROCCOLI,VEGETABLES,11,late
13,10,6,CARPET,BUILDING RELATED,12,late
13,10,7,FLOOR,BUILDING RELATED,10,late
13,10,8,LOG,FLOWERS,7,late
13,10,9,PICKLE,VEGETABLES,8,late
13,10,10,GRIDDLE,KITCHEN-RELATED,1,late
13,10,11,ONION,VEGETABLES,2,late
13,10,12,BUTTERCUP,FLOWERS,3,late
13,10,13,SAUCER,KITCHEN-RELATED,4,late
13,10,14,STRING,,14,late
13,11,1,GUAVA,FRUITS,16,late
13,11,2,KIWI,FRUITS,15,late
13,11,3,GLASS,KITCHEN-RELATED,14,late
13,11,4,DOOR,BUILDING RELATED,13,late
13,11,5,GIRAFFE,MAMMALS,12,late
13,11,6,TANGELO,FRUITS,10,late
13,11,7,CORRIDOR,BUILDING RELATED,11,late
13,11,8,STRAWBERRY,FRUITS,9,late
13,11,9,WINDOW,BUILDING RELATED,8,late
13,11,10,SPATULA,KITCHEN-RELATED,7,late
13,11,11,REFRIGERATOR,KITCHEN-RELATED,6,late
13,11,12,COW,MAMMALS,1,late
13,11,13,POT,KITCHEN-RELATED,2,late
13,11,14,MOUSE,MAMMALS,3,late
13,11,15,HORSE,MAMMALS,4,late
13,12,1,TEAK,TREES,14,late
13,12,2,HALL,BUILDING RELATED,5,late
13,12,3,CEDAR,TREES,16,late
13,12,4,RENO,CITIES,13,late
13,12,5,TROUSERS,CLOTHING,11,late
13,12,6,BERLIN,CITIES,10,late
13,12,7,CHICAGO,CITIES,5,late
13,12,8,SYDNEY,CITIES,7,late
13,12,9,BRA,CLOTHING,2,late
13,12,10,GLOVES,CLOTHING,4,late
13,12,11,TROUSERS,CLOTHING,11,late
13,12,12,SWEATER,CLOTHING,8,late
13,12,13,MILLIPEDE,INSECTS,3,late
13,12,14,HORNET,INSECTS,6,late
13,12,15,MANTIS,INSECTS,9,late
13,13,1,EUCALYPTUS,TREES,1,late
13,13,2,LIP,BODY PARTS,15,late
13,13,3,WORM,INSECTS,16,late
13,13,4,MONARCH,INSECTS,2,late
13,13,5,ASH,TREES,3,late
13,13,6,ANKLE,BODY PARTS,4,late
13,13,7,HAND,BODY PARTS,5,late
13,13,8,LARVA,INSECTS,14,late
13,13,9,FINGER,BODY PARTS,11,late
13,13,10,GUITAR,INSTRUMENTS,12,late
13,13,11,SCORPION,INSECTS,6,late
13,13,12,BONGOS,INSTRUMENTS,9,late
13,13,13,ACCORDION,INSTRUMENTS,8,late
13,13,14,POPLAR,TREES,7,late
13,14,1,PINE,TREES,4,late
13,14,2,THERMOMETER,KITCHEN-RELATED,2,late
13,14,3,TAMBOURINE,INSTRUMENTS,13,late
13,14,4,MONTREAL,CITIES,14,late
13,14,5,HIP,BODY PARTS,16,late
13,14,6,PELVIS,BODY PARTS,3,late
13,14,7,PARIS,CITIES,4,late
13,14,8,PICCOLO,INSTRUMENTS,5,late
13,14,9,RULER,TOOLS,11,late
13,14,10,STOMACH,BODY PARTS,7,late
13,14,11,DALLAS,CITIES,10,late
13,14,12,ARMS,BODY PARTS,11,late
13,14,13,MUG,KITCHEN-RELATED,12,late
13,14,14,TUBA,INSTRUMENTS,8,late
13,14,15,OVEN,KITCHEN-RELATED,9,late
13,15,1,RHINOCEROS,MAMMALS,10,late
13,15,2,TERMITE,INSECTS,13,late
13,15,3,FOX,MAMMALS,14,late
13,15,4,RABBIT,MAMMALS,16,late
13,15,5,ALASKA,STATES,15,late
13,15,6,OHIO,STATES,12,late
13,15,7,PENNSYLVANIA,STATES,2,late
13,15,8,TEXAS,STATES,8,late
13,15,9,LLAMA,MAMMALS,11,late
13,15,10,RUTABAGA,VEGETABLES,9,late
13,15,11,OKRA,VEGETABLES,4,late
13,15,12,GINGER,VEGETABLES,5,late
13,15,13,PUMPKIN,VEGETABLES,6,late
13,15,14,WASP,INSECTS,7,late
13,15,15,BEETLE,INSECTS,1,late
13,15,16,BEETLE,INSECTS,1,late
14,0,1,ELEVATOR,BUILDING RELATED,12,early
14,0,2,FLOOR,BUILDING RELATED,11,early
14,0,3,GRIDDLE,KITCHEN-RELATED,4,early
14,0,4,CEILING,,4,early
14,0,5,PICKLE,VEGETABLES,5,early
14,0,6,DAHLIA,FLOWERS,16,early
14,1,1,TIGER,MAMMALS,2,early
14,1,2,TOOTH,BODY PARTS,1,early
14,1,3,PETUNIA,FLOWERS,7,early
14,1,4,CARNATION,FLOWERS,8,early
14,1,5,ALCOVE,BUILDING RELATED,10,early
14,1,6,HEART,BODY PARTS,15,early
14,1,7,FACE,BODY PARTS,16,early
14,1,8,EAR,BODY PARTS,13,early
14,2,1,BERLIN,CITIES,1,early
14,2,2,GERMANY,COUNTRIES,10,early
14,2,3,IRAN,COUNTRIES,12,early
14,2,4,SPINACH,VEGETABLES,13,early
14,2,5,ARTICHOKE,VEGETABLES,15,early
14,2,6,CAMISOLE,CLOTHING,1,early
14,3,1,HORSE,MAMMALS,4,early
14,3,2,MOUSE,MAMMALS,3,early
14,3,3,WINDOW,BUILDING RELATED,9,early
14,3,4,HALL,BUILDING RELATED,11,early
14,3,5,GLASS,KITCHEN-RELATED,15,early
14,3,6,SPATULA,KITCHEN-RELATED,16,early
14,3,7,DRUM,INSTRUMENTS,16,early
14,3,8,BEARING,,8,early
14,3,9,GUAVA,FRUITS,6,early
14,3,10,TANGELO,FRUITS,8,early
14,3,11,CORRIDOR,BUILDING RELATED,12,early
14,3,12,FLOOR,BUILDING RELATED,11,early
14,3,13,POT,KITCHEN-RELATED,13,early
14,3,14,REFRIGERATOR,KITCHEN-RELATED,14,early
14,4,1,ETHIOPIA,COUNTRIES,13,early
14,4,2,AUSTRALIA,COUNTRIES,14,early
14,4,3,POLAND,COUNTRIES,15,early
14,4,4,ROBE,CLOTHING,4,early
14,4,5,PIG,MAMMALS,7,early
14,4,6,ZEBRA,MAMMALS,5,early
14,4,7,CARROT,VEGETABLES,10,early
14,4,8,TROMBONE,INSTRUMENTS,3,early
14,4,9,BASS,INSTRUMENTS,1,early
14,4,10,VIOLA,INSTRUMENTS,2,early
14,5,1,MIXER,KITCHEN-RELATED,16,early
14,5,2,BELT,CLOTHING,1,early
14,5,3,SHIRT,CLOTHING,2,early
14,5,4,JUMPER,CLOTHING,3,early
14,5,5,BLOUSE,CLOTHING,4,early
14,5,6,WORM,INSECTS,15,early
14,5,7,EVERGREEN,TREES,8,early
14,5,8,ROBE,CLOTHING,4,early
14,6,1,TORONTO,CITIES,15,early
14,6,2,AZALEA,FLOWERS,15,early
14,6,3,MIAMI,CITIES,14,early
14,6,4,GOAT,MAMMALS,1,early
14,6,5,WOLF,MAMMALS,2,early
14,6,6,SHEEP,MAMMALS,3,early
14,6,7,PANTHER,MAMMALS,4,early
14,6,8,SQUASH,VEGETABLES,5,early
14,6,9,ZUCCHINI,VEGETABLES,6,early
14,6,10,SHOULDER,BODY PARTS,9,early
14,6,11,FOOT,BODY PARTS,10,early
14,6,12,KIDNEY,BODY PARTS,12,early
14,6,13,ELBOW,BODY PARTS,11,early
14,7,1,WASHER,TOOLS,9,early
14,7,2,NUTS,TOOLS,12,early
14,7,3,KUMQUAT,FRUITS,13,early
14,7,4,MANGO,FRUITS,14,early
14,7,5,NECTARINE,FRUITS,15,early
14,7,6,CALIFORNIA,STATES,1,early
14,7,7,VERMONT,STATES,2,early
14,7,8,WISCONSIN,STATES,3,early
14,7,9,HAWAII,STATES,4,early
14,7,10,VANCOUVER,CITIES,6,early
14,7,11,PHILADELPHIA,CITIES,5,early
14,7,12,TOKYO,CITIES,7,early
14,7,13,BANANA,FRUITS,16,early
14,8,1,LEMON,FRUITS,16,late
14,8,2,TOOTH,BODY PARTS,1,late
14,8,3,PANCREAS,BODY PARTS,8,late
14,8,4,MOOSE,MAMMALS,3,late
14,8,5,ELBOW,BODY PARTS,11,late
14,8,6,POMEGRANATE,FRUITS,11,late
14,9,1,MOSQUITO,INSECTS,6,late
14,9,2,BRA,CLOTHING,16,late
14,9,3,SYDNEY,CITIES,7,late
14,10,1,GOAT,MAMMALS,1,late
14,10,2,SCORPION,INSECTS,5,late
14,10,3,LARVA,INSECTS,6,late
14,11,1,BERLIN,CITIES,1,late
14,12,1,UTAH,STATES,7,late
14,12,2,MAINE,STATES,2,late
14,12,3,GIRL,,3,late
14,12,4,UNDERWEAR,CLOTHING,4,late
14,12,5,LILY,FLOWERS,5,late
14,13,1,TAMBOURINE,INSTRUMENTS,15,late
14,13,2,TRUMPET,INSTRUMENTS,9,late
14,13,3,ROME,CITIES,1,late
14,13,4,OLIVE,VEGETABLES,7,late
14,13,5,PELVIS,BODY PARTS,4,late
14,14,1,OHIO,STATES,4,late
14,14,2,PENNSYLVANIA,STATES,12,late
14,14,3,CHRYSALIS,INSECTS,3,late
14,14,4,WASP,INSECTS,5,late
14,14,5,GINGER,VEGETABLES,11,late
14,15,1,RASPBERRY,FRUITS,16,late
14,15,2,HONEYDEW,FRUITS,6,late
14,15,3,WIRE,TOOLS,11,late
14,15,4,SCREWS,TOOLS,9,late
14,15,5,WIRE,TOOLS,11,late
15,0,1,SCORPION,INSECTS,15,early
15,0,2,LARVA,INSECTS,16,early
15,0,3,WILLOW,TREES,11,early
15,0,4,POPLAR,TREES,10,early
15,0,5,ACCORDION,INSTRUMENTS,5,early
15,0,6,BONGOS,INSTRUMENTS,7,early
15,0,7,FINGER,BODY PARTS,1,early
15,0,8,LIP,BODY PARTS,2,early
15,0,9,ANKLE,BODY PARTS,3,early
15,1,1,IRAN,COUNTRIES,13,early
15,1,2,CUBA,COUNTRIES,15,early
15,1,3,GERMANY,COUNTRIES,14,early
15,1,4,EGYPT,COUNTRIES,16,early
15,1,5,MOOSE,MAMMALS,11,early
15,1,6,FURNACE,BUILDING RELATED,3,early
15,1,7,CHIMNEY,BUILDING RELATED,2,early
15,1,8,CLOSET,BUILDING RELATED,1,early
15,1,9,POTATO,VEGETABLES,6,early
15,1,10,ARTICHOKE,VEGETABLES,5,early
15,2,1,RASPBERRY,FRUITS,13,early
15,2,2,HONEYDEW,FRUITS,14,early
15,2,3,FIG,FRUITS,15,early
15,2,4,PLUM,FRUITS,16,early
15,2,5,CELLO,INSTRUMENTS,1,early
15,2,6,TEXAS,STATES,3,early
15,2,7,WEDGE,TOOLS,9,early
15,2,8,SCREWS,TOOLS,12,early
15,2,9,ELM,TREES,5,early
15,2,10,HICKORY,TREES,6,early
15,3,1,MANGO,FRUITS,13,early
15,3,2,BANANA,FRUITS,14,early
15,3,3,NECTARINE,FRUITS,15,early
15,3,4,KUMQUAT,FRUITS,16,early
15,3,5,CALIFORNIA,STATES,9,early
15,3,6,DRUM,INSTRUMENTS,7,early
15,3,7,WISCONSIN,STATES,11,early
15,3,8,JERUSALEM,CITIES,6,early
15,3,9,TOKYO,CITIES,7,early
15,3,10,VANCOUVER,CITIES,5,early
15,3,11,PHILADELPHIA,CITIES,8,early
15,3,12,WASHER,TOOLS,2,early
15,3,13,RULER,TOOLS,1,early
15,3,14,GLUE,TOOLS,3,early
15,3,15,KNIFE,KITCHEN-RELATED,9,early
15,4,1,BLENDER,KITCHEN-RELATED,13,early
15,4,2,COLANDER,KITCHEN-RELATED,14,early
15,4,3,CUP,KITCHEN-RELATED,15,early
15,4,4,MIXER,KITCHEN-RELATED,16,early
15,4,5,UKULELE,INSTRUMENTS,10,early
15,4,6,HARMONICA,INSTRUMENTS,9,early
15,4,7,MARIMBA,INSTRUMENTS,12,early
15,4,8,SHIRT,CLOTHING,8,early
15,4,9,JUMPER,CLOTHING,6,early
15,4,10,ROBE,CLOTHING,5,early
15,4,11,BELT,CLOTHING,7,early
15,5,1,MUG,KITCHEN-RELATED,13,early
15,5,2,THERMOMETER,KITCHEN-RELATED,15,early
15,5,3,BROILER,KITCHEN-RELATED,14,early
15,5,4,OVEN,KITCHEN-RELATED,16,early
15,5,5,TULIP,FLOWERS,12,early
15,5,6,TAMBOURINE,INSTRUMENTS,3,early
15,5,7,PICCOLO,INSTRUMENTS,2,early
15,5,8,TRUMPET,INSTRUMENTS,4,early
15,5,9,ROME,CITIES,11,early
15,5,10,PARIS,CITIES,10,early
15,5,11,PELVIS,BODY PARTS,5,early
15,5,12,STOMACH,BODY PARTS,7,early
15,6,1,HORNET,INSECTS,13,early
15,6,2,MANTIS,INSECTS,14,early
15,6,3,MOSQUITO,INSECTS,15,early
15,6,4,MILLIPEDE,INSECTS,16,early
15,6,5,EAR,BODY PARTS,8,early
15,6,6,SYDNEY,CITIES,12,early
15,6,7,COLE,,7,early
15,7,1,BARN,BUILDING RELATED,13,early
15,7,2,KITCHEN,BUILDING RELATED,14,early
15,7,3,ALCOVE,BUILDING RELATED,15,early
15,7,4,GAZEBO,BUILDING RELATED,16,early
15,7,5,CARNATION,FLOWERS,9,early
15,7,6,PETUNIA,FLOWERS,10,early
15,7,7,ROSE,FLOWERS,11,early
15,7,8,LIP,BODY PARTS,2,early
15,7,9,TIGER,MAMMALS,2,early
15,7,10,EPONYMOUS,,10,early
15,7,11,KNUCKLE,BODY PARTS,5,early
15,7,12,HEART,BODY PARTS,6,early
15,7,13,FACE,BODY PARTS,7,early
15,7,14,EAR,BODY PARTS,8,early
15,8,1,PENNSYLVANIA,STATES,13,late
15,8,2,OHIO,STATES,1,late
15,8,3,ALASKA,STATES,5,late
15,8,4,WASP,INSECTS,16,late
15,8,5,WORM,INSECTS,14,late
15,8,6,RABBIT,MAMMALS,2,late
15,8,7,RHINOCEROS,MAMMALS,11,late
15,9,1,DAHLIA,FLOWERS,11,late
15,9,2,CARNATION,FLOWERS,9,late
15,9,3,CAULIFLOWER,VEGETABLES,1,late
15,9,4,PICKLE,VEGETABLES,15,late
15,9,5,AZALEA,FLOWERS,3,late
15,10,1,CELERY,VEGETABLES,16,late
15,10,2,YAMS,VEGETABLES,11,late
15,10,3,MARACAS,INSTRUMENTS,3,late
15,10,4,BASS,INSTRUMENTS,6,late
15,10,5,ETHIOPIA,COUNTRIES,13,late
15,10,6,LION,MAMMALS,8,late
15,10,7,ELEPHANT,MAMMALS,12,late
15,11,1,KIWI,FRUITS,5,late
15,11,2,STRAWBERRY,FRUITS,6,late
15,11,3,JELL-O,,3,late
15,11,4,HORSE,MAMMALS,1,late
15,11,5,COW,MAMMALS,15,late
15,11,6,WINDOW,BUILDING RELATED,2,late
15,11,7,HALL,BUILDING RELATED,10,late
15,11,8,GLASS,KITCHEN-RELATED,12,late
15,11,9,SPATULA,KITCHEN-RELATED,7,late
15,11,10,DOOR,BUILDING RELATED,8,late
15,12,1,PANCREAS,BODY PARTS,16,late
15,12,2,FLORIDA,STATES,1,late
15,12,3,MICHIGAN,STATES,7,late
15,12,4,IOWA,STATES,6,late
15,13,1,CHISEL,TOOLS,15,late
15,13,2,BOLTS,TOOLS,9,late
15,13,3,SAW,TOOLS,10,late
15,13,4,PROTRACTOR,TOOLS,16,late
15,13,5,ENGLAND,COUNTRIES,5,late
15,13,6,FRANCE,COUNTRIES,14,late
15,13,7,SWITZERLAND,COUNTRIES,12,late
15,13,8,CLARINET,INSTRUMENTS,6,late
15,14,1,ARIZONA,STATES,16,late
15,14,2,UTAH,STATES,3,late
15,14,3,MONTANA,STATES,7,late
15,14,4,EAR,BODY PARTS,8,late
15,14,5,HAND,BODY PARTS,4,late
15,14,6,DRESS,CLOTHING,13,late
15,14,7,KNIFE,KITCHEN-RELATED,9,late
15,14,8,GIRDLE,CLOTHING,15,late
15,14,9,FORK,KITCHEN-RELATED,4,late
15,14,10,SKILLET,KITCHEN-RELATED,14,late
15,14,11,TOASTER,KITCHEN-RELATED,2,late
15,14,12,LILY,FLOWERS,5,late
15,14,13,NARCISSUS,FLOWERS,6,late
15,14,14,DAISY,FLOWERS,8,late
15,15,1,SHOULDER,BODY PARTS,14,late
15,15,2,ELBOW,BODY PARTS,12,late
15,15,3,STOCKHOLM,CITIES,13,late
15,15,4,TORONTO,CITIES,1,late
15,15,5,WOLF,MAMMALS,5,late
15,15,6,PANTHER,MAMMALS,7,late
16,0,1,GERMANY,COUNTRIES,3,early
16,0,2,CUBA,COUNTRIES,1,early
16,0,3,EGYPT,COUNTRIES,2,early
16,0,4,CLOSET,BUILDING RELATED,13,early
16,0,5,SPINACH,VEGETABLES,6,early
16,0,6,ARTICHOKE,VEGETABLES,7,early
16,0,7,CHIMNEY,BUILDING RELATED,15,early
16,0,8,CLOSET,BUILDING RELATED,13,early
16,0,9,CAMISOLE,CLOTHING,12,early
16,0,10,SUIT,CLOTHING,9,early
16,0,11,IRAN,COUNTRIES,4,early
16,0,12,POTATO,VEGETABLES,5,early
16,1,1,LEMON,FRUITS,13,early
16,1,2,POMEGRANATE,FRUITS,14,early
16,1,3,PEAR,FRUITS,15,early
16,1,4,CLEMENTINE,FRUITS,16,early
16,1,5,IOWA,STATES,9,early
16,1,6,KANSAS,STATES,11,early
16,1,7,MICHIGAN,STATES,12,early
16,1,8,FLORIDA,STATES,10,early
16,1,9,TONGUE,BODY PARTS,1,early
16,1,10,PANCREAS,BODY PARTS,2,early
16,1,11,MOOSE,MAMMALS,8,early
16,1,12,ANTELOPE,MAMMALS,6,early
16,1,13,RIB,BODY PARTS,4,early
16,2,1,GIRDLE,CLOTHING,13,early
16,2,2,PLANT,,2,early
16,2,3,PANTS,CLOTHING,14,early
16,2,4,DRESS,CLOTHING,15,early
16,2,5,DAISY,FLOWERS,10,early
16,2,6,LILY,FLOWERS,12,early
16,2,7,SUNFLOWER,FLOWERS,11,early
16,2,8,NARCISSUS,FLOWERS,9,early
16,2,9,UTAH,STATES,5,early
16,2,10,ARIZONA,STATES,6,early
16,2,11,MONTANA,STATES,8,early
16,2,12,KNIFE,KITCHEN-RELATED,1,early
16,2,13,TOASTER,KITCHEN-RELATED,2,early
16,3,1,TROUSERS,CLOTHING,13,early
16,3,2,SWEATER,CLOTHING,14,early
16,3,3,BRA,CLOTHING,15,early
16,3,4,MANTIS,INSECTS,12,early
16,3,5,MILLIPEDE,INSECTS,9,early
16,3,6,RENO,CITIES,7,early
16,3,7,BERLIN,CITIES,5,early
16,3,8,CHICAGO,CITIES,6,early
16,3,9,SYCAMORE,TREES,1,early
16,3,10,TIGER,MAMMALS,8,early
16,3,11,CEDAR,TREES,3,early
16,3,12,CENTIPEDE,,12,early
16,4,1,GOAT,MAMMALS,13,early
16,4,2,PANTHER,MAMMALS,14,early
16,4,3,SHEEP,MAMMALS,15,early
16,4,4,WOLF,MAMMALS,16,early
16,4,5,KIDNEY,BODY PARTS,6,early
16,4,6,SHOULDER,BODY PARTS,7,early
16,4,7,ELBOW,BODY PARTS,5,early
16,4,8,BOMBAY,CITIES,9,early
16,4,9,ZUCCHINI,VEGETABLES,3,early
16,4,10,OLIVE,VEGETABLES,4,early
16,4,11,AUBURN,,11,early
16,5,1,PARIS,CITIES,14,early
16,5,2,DALLAS,CITIES,15,early
16,5,3,MONTREAL,CITIES,16,early
16,5,4,TUBA,INSTRUMENTS,11,early
16,5,5,TRUMPET,INSTRUMENTS,12,early
16,5,6,PICCOLO,INSTRUMENTS,10,early
16,5,7,OVEN,KITCHEN-RELATED,4,early
16,5,8,BROILER,KITCHEN-RELATED,1,early
16,5,9,STOMACH,BODY PARTS,5,early
16,5,10,ARMS,BODY PARTS,6,early
16,5,11,TAMBOURINE,INSTRUMENTS,9,early
16,6,1,CORRIDOR,BUILDING RELATED,13,early
16,6,2,DOOR,BUILDING RELATED,16,early
16,6,3,WINDOW,BUILDING RELATED,14,early
16,6,4,HALL,BUILDING RELATED,15,early
16,6,5,REFRIGERATOR,KITCHEN-RELATED,9,early
16,6,6,GLASS,KITCHEN-RELATED,10,early
16,6,7,POT,KITCHEN-RELATED,11,early
16,6,8,GUAVA,FRUITS,5,early
16,6,9,KIWI,FRUITS,6,early
16,6,10,STRAWBERRY,FRUITS,8,early
16,6,11,HORSE,MAMMALS,2,early
16,6,12,MOUSE,MAMMALS,1,early
16,6,13,COW,MAMMALS,4,early
16,7,1,CALIFORNIA,STATES,13,early
16,7,2,WISCONSIN,STATES,14,early
16,7,3,VERMONT,STATES,15,early
16,7,4,HAWAII,STATES,16,early
16,7,5,NUTS,TOOLS,8,early
16,7,6,KUMQUAT,FRUITS,11,early
16,7,7,NECTARINE,FRUITS,12,early
16,7,8,WASHER,TOOLS,6,early
16,7,9,GLUE,TOOLS,5,early
16,8,1,PENNSYLVANIA,STATES,16,late
16,8,2,RUTABAGA,VEGETABLES,13,late
16,8,3,CHRYSALIS,INSECTS,11,late
16,8,4,TERMITE,INSECTS,5,late
16,8,5,BEETLE,INSECTS,6,late
16,8,6,OKRA,VEGETABLES,15,late
16,9,1,JUMPER,CLOTHING,13,late
16,9,2,SHIRT,CLOTHING,14,late
16,9,3,COLANDER,KITCHEN-RELATED,16,late
16,9,4,EVERGREEN,TREES,8,late
16,9,5,SPRUCE,TREES,11,late
16,9,6,OAK,TREES,4,late
16,10,1,HAMMER,TOOLS,14,late
16,10,2,WEDGE,TOOLS,9,late
16,10,3,SCREWS,TOOLS,15,late
16,10,4,HONEYDEW,FRUITS,16,late
16,10,5,ELM,TREES,12,late
16,10,6,MAPLE,TREES,11,late
16,10,7,PLUM,FRUITS,1,late
16,10,8,TRIANGLE,INSTRUMENTS,3,late
16,11,1,ACCORDION,INSTRUMENTS,1,late
16,11,2,LARVA,INSECTS,13,late
16,11,3,ANKLE,BODY PARTS,14,late
16,11,4,LIP,BODY PARTS,15,late
16,11,5,HAND,BODY PARTS,2,late
16,11,6,ASH,TREES,4,late
16,11,7,BONGOS,INSTRUMENTS,3,late
16,11,8,GUITAR,INSTRUMENTS,5,late
16,12,1,YAMS,VEGETABLES,16,late
16,12,2,CARROT,VEGETABLES,10,late
16,12,3,ETHIOPIA,COUNTRIES,2,late
16,12,4,AUSTRALIA,COUNTRIES,11,late
16,12,5,VIOLA,INSTRUMENTS,9,late
16,12,6,BASS,INSTRUMENTS,12,late
16,12,7,POLAND,COUNTRIES,5,late
16,13,1,FERRET,MAMMALS,16,late
16,13,2,CAT,MAMMALS,1,late
16,13,3,BOLTS,TOOLS,13,late
16,13,4,PROTRACTOR,TOOLS,9,late
16,13,5,SAW,TOOLS,8,late
16,13,6,CHINA,,6,late
16,13,7,SWITZERLAND,COUNTRIES,4,late
16,13,8,LEOPARD,MAMMALS,14,late
16,14,1,LOG,FLOWERS,12,late
16,14,2,STRAINER,KITCHEN-RELATED,13,late
16,14,3,BUTTERCUP,FLOWERS,14,late
16,14,4,AZALEA,FLOWERS,7,late
16,14,5,DAHLIA,FLOWERS,5,late
16,14,6,PICKLE,VEGETABLES,4,late
16,14,7,CAULIFLOWER,VEGETABLES,1,late
16,14,8,CUCUMBER,,8,late
16,15,1,EAR,BODY PARTS,12,late
16,15,2,KITCHEN,BUILDING RELATED,16,late
16,15,3,ALCOVE,BUILDING RELATED,15,late
16,15,4,DONKEY,MAMMALS,1,late
16,15,5,TIGER,MAMMALS,8,late
16,15,6,DOG,MAMMALS,5,late
16,15,7,CARNATION,FLOWERS,4,late
16,15,8,ROSE,FLOWERS,11,late
16,15,9,DONKEY,MAMMALS,1,late
17,0,1,TOOTH,BODY PARTS,1,early
17,0,2,PETUNIA,FLOWERS,2,early
17,0,3,ROSE,FLOWERS,3,early
17,0,4,HEART,BODY PARTS,13,early
17,0,5,DOG,MAMMALS,5,early
17,0,6,HIPPOPOTAMUS,MAMMALS,8,early
17,0,7,ALCOVE,BUILDING RELATED,9,early
17,0,8,GAZEBO,BUILDING RELATED,11,early
17,0,9,CARNATION,FLOWERS,4,early
17,1,1,HONEYDEW,FRUITS,16,early
17,1,2,TRIANGLE,INSTRUMENTS,1,early
17,1,3,HAMMER,TOOLS,8,early
17,1,4,HONEYDEW,FRUITS,16,early
17,1,5,PINE,TREES,11,early
17,1,6,ELM,TREES,12,early
17,2,1,WINDOW,BUILDING RELATED,15,early
17,2,2,GLASS,KITCHEN-RELATED,5,early
17,2,3,CORRIDOR,BUILDING RELATED,13,early
17,2,4,DOOR,BUILDING RELATED,14,early
17,2,5,STRAWBERRY,FRUITS,4,early
17,2,6,SPATULA,KITCHEN-RELATED,8,early
17,2,7,TANGELO,FRUITS,3,early
17,3,1,ETHIOPIA,COUNTRIES,14,early
17,3,2,AUSTRALIA,COUNTRIES,15,early
17,3,3,ITALY,COUNTRIES,16,early
17,3,4,ZEBRA,MAMMALS,9,early
17,3,5,VIOLA,INSTRUMENTS,8,early
17,3,6,LIP,BODY PARTS,4,early
17,3,7,ELEPHANT,MAMMALS,11,early
17,3,8,TROMBONE,INSTRUMENTS,6,early
17,3,9,MARACAS,INSTRUMENTS,7,early
17,3,10,BASS,INSTRUMENTS,5,early
17,4,1,WISCONSIN,STATES,1,early
17,4,2,HAWAII,STATES,3,early
17,4,3,VERMONT,STATES,2,early
17,4,4,TOKYO,CITIES,15,early
17,4,5,JERUSALEM,CITIES,13,early
17,4,6,WASHER,TOOLS,10,early
17,5,1,MONTANA,STATES,9,early
17,5,2,ARIZONA,STATES,10,early
17,5,3,SKILLET,KITCHEN-RELATED,15,early
17,5,4,FORK,KITCHEN-RELATED,13,early
17,5,5,KNIFE,KITCHEN-RELATED,14,early
17,5,6,NARCISSUS,FLOWERS,1,early
17,5,7,DAISY,FLOWERS,2,early
17,5,8,TULIP,FLOWERS,1,early
17,5,9,SUNFLOWER,FLOWERS,3,early
17,5,10,PANTS,CLOTHING,5,early
17,6,1,GOAT,MAMMALS,13,early
17,6,2,PANTHER,MAMMALS,14,early
17,6,3,SQUASH,VEGETABLES,2,early
17,6,4,STOCKHOLM,CITIES,5,early
17,7,1,FACE,BODY PARTS,16,early
17,7,2,PARIS,CITIES,1,early
17,7,3,DALLAS,CITIES,2,early
17,7,4,ROME,CITIES,3,early
17,7,5,MONTREAL,CITIES,4,early
17,7,6,TRUMPET,INSTRUMENTS,5,early
17,7,7,TUBA,INSTRUMENTS,6,early
17,7,8,PICCOLO,INSTRUMENTS,7,early
17,7,9,TAMBOURINE,INSTRUMENTS,8,early
17,8,1,WASP,INSECTS,1,late
17,8,2,RABBIT,MAMMALS,2,late
17,8,3,TEXAS,STATES,13,late
17,8,4,RUTABAGA,VEGETABLES,4,late
17,8,5,PENNSYLVANIA,STATES,14,late
17,9,1,FOUNDATION,BUILDING RELATED,16,late
17,9,2,FERRET,MAMMALS,16,late
17,9,3,FLOOR,BUILDING RELATED,11,late
17,9,4,BROCCOLI,VEGETABLES,3,late
17,9,5,ONION,VEGETABLES,2,late
17,9,6,SAUCER,KITCHEN-RELATED,6,late
17,9,7,CAULIFLOWER,VEGETABLES,14,late
17,10,1,SHIRT,CLOTHING,3,late
17,10,2,EVERGREEN,TREES,5,late
17,10,3,ROAD,,3,late
17,10,4,HARMONICA,INSTRUMENTS,1,late
17,10,5,MARIMBA,INSTRUMENTS,13,late
17,10,6,MIXER,KITCHEN-RELATED,2,late
17,10,7,JUMPER,CLOTHING,14,late
17,10,8,COTTONWOOD,TREES,12,late
17,10,9,SPRUCE,TREES,10,late
17,10,10,OAK,TREES,4,late
17,11,1,ROSE,FLOWERS,3,late
17,11,2,JACKET,CLOTHING,2,late
17,11,3,EGYPT,COUNTRIES,3,late
17,11,4,SUIT,CLOTHING,7,late
17,11,5,SPINACH,VEGETABLES,15,late
17,11,6,ARTICHOKE,VEGETABLES,10,late
17,11,7,GARLIC,VEGETABLES,11,late
17,11,8,GERMANY,COUNTRIES,16,late
17,11,9,CUBA,COUNTRIES,9,late
17,11,10,POTATO,VEGETABLES,12,late
17,11,11,LOBBY,BUILDING RELATED,5,late
17,11,12,CHIMNEY,BUILDING RELATED,4,late
17,11,13,FURNACE,BUILDING RELATED,8,late
17,11,14,CAMISOLE,CLOTHING,14,late
17,12,1,FINGER,BODY PARTS,1,late
17,12,2,XYLOPHONE,INSTRUMENTS,2,late
17,12,3,MONARCH,INSECTS,3,late
17,12,4,LIPS,,4,late
17,12,5,ANKLE,BODY PARTS,5,late
17,12,6,SCORPION,INSECTS,10,late
17,12,7,WORM,INSECTS,11,late
17,12,8,HAND,BODY PARTS,9,late
17,12,9,LARVA,INSECTS,13,late
17,12,10,EUCALYPTUS,TREES,6,late
17,12,11,WILLOW,TREES,7,late
17,12,12,GUITAR,INSTRUMENTS,15,late
17,13,1,BERLIN,CITIES,6,late
17,13,2,SYDNEY,CITIES,9,late
17,13,3,RENO,CITIES,5,late
17,13,4,CHICAGO,CITIES,11,late
17,13,5,HORNET,INSECTS,7,late
17,13,6,MILLIPEDE,INSECTS,10,late
17,13,7,MOSQUITO,INSECTS,1,late
17,13,8,BRA,CLOTHING,15,late
17,13,9,MANTIS,INSECTS,12,late
17,13,10,SYCAMORE,TREES,13,late
17,14,1,CAT,MAMMALS,1,late
17,14,2,KAZOO,INSTRUMENTS,4,late
17,14,3,LEOPARD,MAMMALS,6,late
17,14,4,SWITZERLAND,COUNTRIES,5,late
17,14,5,CHISEL,TOOLS,11,late
17,14,6,DRUM,INSTRUMENTS,10,late
17,14,7,PROTRACTOR,TOOLS,12,late
17,14,8,FERRET,MAMMALS,16,late
17,14,9,FRANCE,COUNTRIES,9,late
17,14,10,JAPAN,COUNTRIES,8,late
17,14,11,CLARINET,INSTRUMENTS,15,late
17,14,12,PIANO,INSTRUMENTS,14,late
17,15,1,PANCREAS,BODY PARTS,9,late
17,15,2,MOOSE,MAMMALS,10,late
17,15,3,RIBS,,3,late
17,15,4,MONKEY,MAMMALS,3,late
17,15,5,TOOTH,BODY PARTS,1,late
17,15,6,IOWA,STATES,2,late
17,15,7,CLEMENTINE,FRUITS,7,late
17,15,8,LEMON,FRUITS,4,late
18,0,1,ITALY,COUNTRIES,1,early
18,0,2,POLAND,COUNTRIES,2,early
18,0,3,AUSTRALIA,COUNTRIES,3,early
18,0,4,ETHIOPIA,COUNTRIES,4,early
18,0,5,LETTUCE,VEGETABLES,6,early
18,0,6,LAMB,,6,early
18,0,7,YAMS,VEGETABLES,7,early
18,0,8,CELERY,VEGETABLES,8,early
18,0,9,LION,MAMMALS,9,early
18,0,10,ZEBRA,MAMMALS,12,early
18,0,11,ELEPHANT,MAMMALS,10,early
18,0,12,BASS,INSTRUMENTS,13,early
18,0,13,VIOLA,INSTRUMENTS,16,early
18,0,14,TROMBONE,INSTRUMENTS,15,early
18,1,1,PEAR,FRUITS,1,early
18,1,2,LEMON,FRUITS,4,early
18,1,3,POMEGRANATE,FRUITS,3,early
18,1,4,CLEMENTINE,FRUITS,2,early
18,1,5,KANSAS,STATES,9,early
18,1,6,IOWA,STATES,10,early
18,1,7,MICHIGAN,STATES,11,early
18,1,8,FLORIDA,STATES,12,early
18,1,9,TOOTH,BODY PARTS,5,early
18,1,10,RIB,BODY PARTS,6,early
18,1,11,PANCREAS,BODY PARTS,8,early
18,1,12,ANTELOPE,MAMMALS,14,early
18,1,13,RACOON,MAMMALS,15,early
18,1,14,MONKEY,MAMMALS,16,early
18,2,1,GARLIC,VEGETABLES,1,early
18,2,2,ARTICHOKE,VEGETABLES,2,early
18,2,3,POTATO,VEGETABLES,3,early
18,2,4,SPINACH,VEGETABLES,4,early
18,2,5,CHIMNEY,BUILDING RELATED,13,early
18,2,6,LOBBY,BUILDING RELATED,15,early
18,2,7,FURNACE,BUILDING RELATED,16,early
18,2,8,BLOUSE,CLOTHING,5,early
18,2,9,CAMISOLE,CLOTHING,7,early
18,2,10,JACKET,CLOTHING,6,early
18,2,11,SUIT,CLOTHING,8,early
18,3,1,TANGELO,FRUITS,16,early
18,3,2,STRAWBERRY,FRUITS,13,early
18,3,3,KIWI,FRUITS,15,early
18,3,4,CORRIDOR,BUILDING RELATED,1,early
18,3,5,DOOR,BUILDING RELATED,2,early
18,3,6,HALL,BUILDING RELATED,3,early
18,3,7,WINDOW,BUILDING RELATED,4,early
18,3,8,GIRAFFE,MAMMALS,5,early
18,3,9,HORSE,MAMMALS,6,early
18,3,10,COW,MAMMALS,7,early
18,3,11,MOUSE,MAMMALS,8,early
18,3,12,REFRIGERATOR,KITCHEN-RELATED,11,early
18,3,13,GLASS,KITCHEN-RELATED,12,early
18,3,14,POT,KITCHEN-RELATED,9,early
18,3,15,SPATULA,KITCHEN-RELATED,10,early
18,4,1,KIDNEY,BODY PARTS,1,early
18,4,2,FOOT,BODY PARTS,2,early
18,4,3,SHOULDER,BODY PARTS,3,early
18,4,4,ELBOW,BODY PARTS,4,early
18,4,5,TORONTO,CITIES,5,early
18,4,6,MIAMI,CITIES,6,early
18,4,7,STOCKHOLM,CITIES,7,early
18,4,8,BOMBAY,CITIES,8,early
18,4,9,ZUCCHINI,VEGETABLES,9,early
18,4,10,SQUASH,VEGETABLES,10,early
18,4,11,OLIVE,VEGETABLES,11,early
18,4,12,AUBERGINE,VEGETABLES,12,early
18,4,13,SHEEP,MAMMALS,15,early
18,4,14,PANTHER,MAMMALS,14,early
18,4,15,GOAT,MAMMALS,16,early
18,5,1,ANKLE,BODY PARTS,5,early
18,5,2,LIP,BODY PARTS,7,early
18,5,3,HAND,BODY PARTS,8,early
18,5,4,FINGER,BODY PARTS,6,early
18,5,5,XYLOPHONE,INSTRUMENTS,9,early
18,5,6,BONGOS,INSTRUMENTS,10,early
18,5,7,ASH,TREES,13,early
18,5,8,WILLOW,TREES,14,early
18,5,9,EUCALYPTUS,TREES,15,early
18,5,10,PINE,TREES,8,early
18,6,1,DALLAS,CITIES,1,early
18,6,2,MONTREAL,CITIES,2,early
18,6,3,ROME,CITIES,3,early
18,6,4,PARIS,CITIES,4,early
18,6,5,TUBA,INSTRUMENTS,8,early
18,6,6,TRUMPET,INSTRUMENTS,6,early
18,6,7,TAMBOURINE,INSTRUMENTS,7,early
18,6,8,ARMS,BODY PARTS,12,early
18,6,9,HIP,BODY PARTS,9,early
18,6,10,STOMACH,BODY PARTS,10,early
18,6,11,OVEN,KITCHEN-RELATED,13,early
18,6,12,THERMOMETER,KITCHEN-RELATED,15,early
18,6,13,MUG,KITCHEN-RELATED,14,early
18,7,1,RASPBERRY,FRUITS,1,early
18,7,2,MAPLE,TREES,5,early
18,7,3,ELM,TREES,6,early
18,7,4,HONEYDEW,FRUITS,2,early
18,7,5,HICKORY,TREES,7,early
18,7,6,PINE,TREES,8,early
18,7,7,CELLO,INSTRUMENTS,12,early
18,7,8,VIOLIN,INSTRUMENTS,10,early
18,7,9,TRIANGLE,INSTRUMENTS,9,early
18,7,10,SAXOPHONE,INSTRUMENTS,11,early
18,7,11,SCREWS,TOOLS,16,early
18,7,12,WIRE,TOOLS,14,early
18,7,13,HAMMER,TOOLS,15,early
18,8,1,COTTONWOOD,TREES,16,late
18,8,2,BELT,CLOTHING,5,late
18,8,3,COLANDER,KITCHEN-RELATED,9,late
18,8,4,UKULELE,INSTRUMENTS,3,late
18,8,5,EVERGREEN,TREES,2,late
18,8,6,OAK,TREES,10,late
18,8,7,SPRUCE,TREES,4,late
18,8,8,SHIRT,CLOTHING,1,late
18,8,9,BLENDER,KITCHEN-RELATED,11,late
18,8,10,CUP,KITCHEN-RELATED,6,late
18,8,11,BELT,CLOTHING,5,late
18,9,1,BROCCOLI,VEGETABLES,2,late
18,9,2,CAULIFLOWER,VEGETABLES,3,late
18,9,3,ONION,VEGETABLES,5,late
18,9,4,PICKLE,VEGETABLES,14,late
18,9,5,DAHLIA,FLOWERS,9,late
18,9,6,AZALEA,FLOWERS,10,late
18,9,7,BUTTERCUP,FLOWERS,15,late
18,9,8,FOUNDATION,BUILDING RELATED,1,late
18,9,9,FLOOR,BUILDING RELATED,4,late
18,9,10,LOG,FLOWERS,6,late
18,9,11,DISH,KITCHEN-RELATED,13,late
18,9,12,GRIDDLE,KITCHEN-RELATED,8,late
18,10,1,RULER,TOOLS,1,late
18,10,2,KUMQUAT,FRUITS,3,late
18,10,3,NECTARINE,FRUITS,4,late
18,10,4,MANGO,FRUITS,16,late
18,10,5,GLUE,TOOLS,14,late
18,10,6,TOKYO,CITIES,12,late
18,10,7,VANCOUVER,CITIES,2,late
18,10,8,CALIFORNIA,STATES,7,late
18,10,9,WISCONSIN,STATES,15,late
18,10,10,PENNSYLVANIA,STATES,9,late
18,10,11,VERMONT,STATES,10,late
18,11,1,SQUIRREL,MAMMALS,1,late
18,11,2,LEOPARD,MAMMALS,4,late
18,11,3,KAZOO,INSTRUMENTS,2,late
18,11,4,PIANO,INSTRUMENTS,5,late
18,11,5,JAPAN,COUNTRIES,15,late
18,11,6,ENGLAND,COUNTRIES,10,late
18,11,7,SAW,TOOLS,7,late
18,11,8,BOLTS,TOOLS,12,late
18,11,9,PROTRACTOR,TOOLS,8,late
18,11,10,FERRET,MAMMALS,14,late
18,12,1,HIPPOPOTAMUS,MAMMALS,16,late
18,12,2,CARNATION,FLOWERS,1,late
18,12,3,TULIP,FLOWERS,4,late
18,12,4,ROSES,,4,late
18,12,5,KNUCKLE,BODY PARTS,5,late
18,12,6,FACE,BODY PARTS,9,late
18,12,7,ALCOVE,BUILDING RELATED,12,late
18,12,8,ARMS,BODY PARTS,12,late
18,12,9,KITCHEN,BUILDING RELATED,8,late
18,12,10,HEART,BODY PARTS,2,late
18,12,11,PETUNIA,FLOWERS,7,late
18,13,1,RUTABAGA,VEGETABLES,2,late
18,13,2,OKRA,VEGETABLES,5,late
18,13,3,GINGER,VEGETABLES,11,late
18,13,4,CHRYSALIS,INSECTS,13,late
18,13,5,TERMITE,INSECTS,14,late
18,13,6,PENNSYLVANIA,STATES,9,late
18,13,7,TEXAS,STATES,1,late
18,13,8,RHINOCEROS,MAMMALS,7,late
18,13,9,WASP,INSECTS,15,late
18,13,10,ALASKA,STATES,16,late
18,13,11,OHIO,STATES,10,late
18,14,1,LILY,FLOWERS,1,late
18,14,2,DAISY,FLOWERS,8,late
18,14,3,MONTANA,STATES,4,late
18,14,4,MAINE,STATES,6,late
18,14,5,UTAH,STATES,10,late
18,14,6,UNDERWEAR,CLOTHING,3,late
18,14,7,DRESS,CLOTHING,5,late
18,14,8,PANTS,CLOTHING,7,late
18,14,9,GIRDLE,CLOTHING,9,late
18,14,10,FORK,KITCHEN-RELATED,2,late
18,14,11,KNIFE,KITCHEN-RELATED,11,late
18,14,12,SKILLET,KITCHEN-RELATED,13,late
18,14,13,ARIZONA,STATES,16,late
18,15,1,TROUSERS,CLOTHING,4,late
18,15,2,GLOVES,CLOTHING,13,late
18,15,3,MILLIPEDE,INSECTS,2,late
18,15,4,MOSQUITO,INSECTS,9,late
18,15,5,MOSQUITO,INSECTS,9,late
18,15,6,HORNET,INSECTS,11,late
18,15,7,HALL,BUILDING RELATED,3,late
18,15,8,SWEATER,CLOTHING,16,late
18,15,9,TEAK,TREES,8,late
18,15,10,SYDNEY,CITIES,1,late
18,15,11,RENO,CITIES,5,late
18,15,12,CHICAGO,CITIES,3,late
18,15,13,BERLIN,CITIES,6,late
18,15,14,MILLIPEDE,INSECTS,2,late
18,15,15,MANTIS,INSECTS,12,late
19,0,1,DOOR,BUILDING RELATED,2,early
19,0,2,CORRIDOR,BUILDING RELATED,1,early
19,0,3,HORSE,MAMMALS,16,early
19,0,4,MOUSE,MAMMALS,13,early
19,0,5,GIRAFFE,MAMMALS,15,early
19,0,6,WINDOW,BUILDING RELATED,3,early
19,0,7,SPATULA,KITCHEN-RELATED,11,early
19,0,8,GUAVA,FRUITS,5,early
19,0,9,STRAWBERRY,FRUITS,6,early
19,0,10,COW,MAMMALS,14,early
19,0,11,POT,KITCHEN-RELATED,9,early
19,1,1,WOLF,MAMMALS,15,early
19,1,2,MIAMI,CITIES,7,early
19,1,3,BOMBAY,CITIES,6,early
19,1,4,FOOT,BODY PARTS,3,early
19,1,5,ELBOW,BODY PARTS,1,early
19,1,6,SHOULDER,BODY PARTS,4,early
19,1,7,PANTHER,MAMMALS,14,early
19,1,8,SHEEP,MAMMALS,16,early
19,1,9,GOAT,MAMMALS,13,early
19,2,1,MONTANA,STATES,8,early
19,2,2,MAINE,STATES,7,early
19,2,3,KNIFE,KITCHEN-RELATED,13,early
19,2,4,FORK,KITCHEN-RELATED,16,early
19,3,1,ZEBRA,MAMMALS,14,early
19,3,2,ELEPHANT,MAMMALS,15,early
19,3,3,LION,MAMMALS,16,early
19,3,4,ETHIOPIA,COUNTRIES,1,early
19,3,5,ITALY,COUNTRIES,2,early
19,3,6,PIG,MAMMALS,13,early
19,3,7,CARROT,VEGETABLES,7,early
19,3,8,LETTUCE,VEGETABLES,5,early
19,4,1,HARMONICA,INSTRUMENTS,3,early
19,4,2,UKULELE,INSTRUMENTS,2,early
19,4,3,SHIRT,CLOTHING,13,early
19,4,4,ROBE,CLOTHING,14,early
19,4,5,JUMPER,CLOTHING,16,early
19,4,6,BLENDER,KITCHEN-RELATED,9,early
19,4,7,MARACAS,INSTRUMENTS,11,early
19,5,1,SWEATER,CLOTHING,1,early
19,5,2,BRA,CLOTHING,4,early
19,5,3,TEAK,TREES,9,early
19,5,4,CEDAR,TREES,12,early
19,5,5,CHICAGO,CITIES,16,early
19,5,6,MILLIPEDE,INSECTS,8,early
19,5,7,MANTIS,INSECTS,6,early
19,6,1,ASH,TREES,1,early
19,6,2,EUCALYPTUS,TREES,4,early
19,6,3,WILLOW,TREES,3,early
19,6,4,SCORPION,INSECTS,15,early
19,6,5,HAND,BODY PARTS,10,early
19,6,6,FINGER,BODY PARTS,11,early
19,6,7,WORM,INSECTS,13,early
19,7,1,CALIFORNIA,STATES,16,early
19,7,2,VERMONT,STATES,15,early
19,7,3,WISCONSIN,STATES,13,early
19,7,4,HAWAII,STATES,14,early
19,7,5,NUTS,TOOLS,11,early
19,7,6,GLUE,TOOLS,9,early
19,7,7,RULER,TOOLS,10,early
19,7,8,TOKYO,CITIES,2,early
19,7,9,VANCOUVER,CITIES,3,early
19,8,1,OHIO,STATES,16,late
19,8,2,TERMITE,INSECTS,3,late
19,8,3,PENNSYLVANIA,STATES,1,late
19,8,4,OHIO,STATES,16,late
19,8,5,BEETLE,INSECTS,8,late
19,8,6,CHERRY,,6,late
19,8,7,SAUCE,,7,late
19,9,1,POTATO,VEGETABLES,1,late
19,9,2,IRAN,COUNTRIES,2,late
19,9,3,LOBBY,BUILDING RELATED,13,late
19,9,4,FURNACE,BUILDING RELATED,3,late
19,10,1,TIGER,MAMMALS,1,late
19,10,2,KNUCKLE,BODY PARTS,2,late
19,10,3,FACE,BODY PARTS,5,late
19,10,4,EAR,BODY PARTS,4,late
19,10,5,DONKEY,MAMMALS,9,late
19,10,6,DOG,MAMMALS,10,late
19,10,7,HIPPOPOTAMUS,MAMMALS,8,late
19,10,8,HEART,BODY PARTS,6,late
19,11,1,TRIANGLE,INSTRUMENTS,7,late
19,11,2,HAMMER,TOOLS,11,late
19,11,3,WIRE,TOOLS,15,late
19,11,4,WEDGE,TOOLS,12,late
19,11,5,RASPBERRY,FRUITS,14,late
19,11,6,VIOLIN,INSTRUMENTS,3,late
19,11,7,ELM,TREES,1,late
19,11,8,MAPLE,TREES,5,late
19,11,9,PLUM,FRUITS,8,late
19,12,1,CARPET,BUILDING RELATED,4,late
19,12,2,FLOOR,BUILDING RELATED,2,late
19,12,3,FOUNDATION,BUILDING RELATED,7,late
19,12,4,DISH,KITCHEN-RELATED,1,late
19,12,5,STRAINER,KITCHEN-RELATED,6,late
19,12,6,BROCCOLI,VEGETABLES,9,late
19,12,7,LOG,FLOWERS,13,late
19,12,8,CAULIFLOWER,VEGETABLES,3,late
19,13,1,ENGLAND,COUNTRIES,16,late
19,13,2,FRANCE,COUNTRIES,5,late
19,13,3,PROTRACTOR,TOOLS,1,late
19,13,4,SWITZERLAND,COUNTRIES,8,late
19,13,5,SQUIRREL,MAMMALS,4,late
19,13,6,BASS,INSTRUMENTS,9,late
19,13,7,DRUM,INSTRUMENTS,12,late
19,13,8,PIANO,INSTRUMENTS,11,late
19,14,1,TRUMPET,INSTRUMENTS,14,late
19,14,2,TUBA,INSTRUMENTS,15,late
19,14,3,PELVIS,BODY PARTS,5,late
19,14,4,DALLAS,CITIES,16,late
19,14,5,MUG,KITCHEN-RELATED,10,late
19,14,6,ARMS,BODY PARTS,8,late
19,14,7,STOMACH,BODY PARTS,13,late
19,14,8,PARIS,CITIES,12,late
19,14,9,THERMOMETER,KITCHEN-RELATED,7,late
19,15,1,PANCREAS,BODY PARTS,1,late
19,15,2,MICHIGAN,STATES,16,late
19,15,3,FLORIDA,STATES,10,late
19,15,4,IOWA,STATES,2,late
19,15,5,CLEMENTINE,FRUITS,9,late
19,15,6,PEAR,FRUITS,15,late
19,15,7,RIB,BODY PARTS,5,late
19,15,8,TOOTH,BODY PARTS,14,late
19,15,9,TONGUE,BODY PARTS,11,late
20,0,1,BANJO,INSTRUMENTS,16,early
20,0,2,UKULELE,INSTRUMENTS,15,early
20,0,3,COLANDER,KITCHEN-RELATED,3,early
20,0,4,OAK,TREES,5,early
20,0,5,EVERGREEN,TREES,6,early
20,0,6,JUMPER,CLOTHING,9,early
20,0,7,ROBE,CLOTHING,11,early
20,0,8,BELT,CLOTHING,10,early
20,0,9,SHIRT,CLOTHING,12,early
20,0,10,MIXER,KITCHEN-RELATED,1,early
20,0,11,CUP,KITCHEN-RELATED,2,early
20,1,1,STRAWBERRY,FRUITS,15,early
20,1,2,DOOR,BUILDING RELATED,1,early
20,1,3,CORRIDOR,BUILDING RELATED,3,early
20,1,4,KIWI,FRUITS,13,early
20,1,5,GIRAFFE,MAMMALS,5,early
20,1,6,HORSE,MAMMALS,7,early
20,1,7,REFRIGERATOR,KITCHEN-RELATED,9,early
20,1,8,WINDOW,BUILDING RELATED,2,early
20,1,9,SPATULA,KITCHEN-RELATED,12,early
20,2,1,DOG,MAMMALS,4,early
20,2,2,MOOSE,MAMMALS,5,early
20,2,3,DONKEY,MAMMALS,1,early
20,2,4,TIGER,MAMMALS,3,early
20,2,5,ROSE,FLOWERS,15,early
20,2,6,TULIP,FLOWERS,13,early
20,2,7,KITCHEN,BUILDING RELATED,10,early
20,2,8,GAZEBO,BUILDING RELATED,9,early
20,2,9,EAR,BODY PARTS,5,early
20,2,10,KNUCKLE,BODY PARTS,6,early
20,2,11,FACE,BODY PARTS,7,early
20,2,12,WORM,INSECTS,11,early
20,2,13,ALCOVE,BUILDING RELATED,12,early
20,3,1,AZALEA,FLOWERS,9,early
20,3,2,FLOOR,BUILDING RELATED,7,early
20,3,3,STRAINER,KITCHEN-RELATED,16,early
20,3,4,LOG,FLOWERS,12,early
20,3,5,RULER,TOOLS,9,early
20,3,6,BROCCOLI,VEGETABLES,2,early
20,3,7,CAULIFLOWER,VEGETABLES,1,early
20,3,8,ONION,VEGETABLES,3,early
20,3,9,PICCOLO,INSTRUMENTS,12,early
20,4,1,TULIP,FLOWERS,13,early
20,4,2,WASP,INSECTS,15,early
20,4,3,BEETLE,INSECTS,14,early
20,4,4,TERMITE,INSECTS,13,early
20,4,5,ALASKA,STATES,12,early
20,4,6,OKRA,VEGETABLES,5,early
20,4,7,RUTABAGA,VEGETABLES,6,early
20,4,8,RHINOCEROS,MAMMALS,4,early
20,4,9,FOX,MAMMALS,3,early
20,4,10,TEXAS,STATES,10,early
20,4,11,OHIO,STATES,9,early
20,5,1,EUCALYPTUS,TREES,7,early
20,5,2,ASH,TREES,8,early
20,5,3,WILLOW,TREES,5,early
20,5,4,POPLAR,TREES,6,early
20,5,5,HAND,BODY PARTS,1,early
20,5,6,FINGER,BODY PARTS,2,early
20,5,7,ANKLE,BODY PARTS,3,early
20,5,8,LIP,BODY PARTS,4,early
20,5,9,GUITAR,INSTRUMENTS,13,early
20,5,10,LARVA,INSECTS,12,early
20,5,11,WORM,INSECTS,11,early
20,5,12,MONARCH,INSECTS,9,early
20,5,13,SCORPION,INSECTS,10,early
20,6,1,MONTREAL,CITIES,13,early
20,6,2,DALLAS,CITIES,14,early
20,6,3,PARIS,CITIES,15,early
20,6,4,ROME,CITIES,16,early
20,6,5,TUBA,INSTRUMENTS,11,early
20,6,6,ARMS,BODY PARTS,4,early
20,6,7,HIP,BODY PARTS,3,early
20,6,8,STOMACH,BODY PARTS,1,early
20,6,9,PELVIS,BODY PARTS,2,early
20,6,10,MUG,KITCHEN-RELATED,5,early
20,6,11,BROILER,KITCHEN-RELATED,6,early
20,6,12,THERMOMETER,KITCHEN-RELATED,7,early
20,6,13,OVEN,KITCHEN-RELATED,8,early
20,6,14,TAMBOURINE,INSTRUMENTS,9,early
20,6,15,PICCOLO,INSTRUMENTS,12,early
20,6,16,TRUMPET,INSTRUMENTS,10,early
20,7,1,HICKORY,TREES,15,early
20,7,2,ELM,TREES,13,early
20,7,3,PINE,TREES,14,early
20,7,4,MAPLE,TREES,16,early
20,7,5,HAMMER,TOOLS,11,early
20,7,6,WIRE,TOOLS,10,early
20,7,7,WEDGE,TOOLS,9,early
20,7,8,SCREWS,TOOLS,12,early
20,7,9,PLUM,FRUITS,1,early
20,7,10,FIG,FRUITS,2,early
20,7,11,HONEYDEW,FRUITS,4,early
20,7,12,RASPBERRY,FRUITS,3,early
20,8,1,NARCISSUS,FLOWERS,15,late
20,8,2,KNIFE,KITCHEN-RELATED,16,late
20,8,3,UTAH,STATES,3,late
20,8,4,ARIZONA,STATES,10,late
20,8,5,MONTANA,STATES,9,late
20,8,6,UNDERWEAR,CLOTHING,1,late
20,8,7,FORK,KITCHEN-RELATED,4,late
20,8,8,GIRDLE,CLOTHING,5,late
20,8,9,SKILLET,KITCHEN-RELATED,14,late
20,8,10,DRESS,CLOTHING,13,late
20,8,11,SUNFLOWER,FLOWERS,8,late
20,8,12,LILY,FLOWERS,6,late
20,8,13,DAISY,FLOWERS,7,late
20,9,1,FACE,BODY PARTS,7,late
20,9,2,TROMBONE,INSTRUMENTS,12,late
20,9,3,KIWI,FRUITS,13,late
20,9,4,ZEBRA,MAMMALS,10,late
20,9,5,ITALY,COUNTRIES,7,late
20,10,1,CUBA,COUNTRIES,16,late
20,10,2,LOBBY,BUILDING RELATED,11,late
20,10,3,IRAN,COUNTRIES,14,late
20,10,4,GARLIC,VEGETABLES,2,late
20,10,5,EGYPT,COUNTRIES,5,late
20,10,6,ARTICHOKE,VEGETABLES,7,late
20,10,7,SUIT,CLOTHING,4,late
20,10,8,CHIMNEY,BUILDING RELATED,6,late
20,10,9,CAMISOLE,CLOTHING,10,late
20,10,10,FURNACE,BUILDING RELATED,9,late
20,11,1,PEAR,FRUITS,6,late
20,11,2,TOOTH,BODY PARTS,9,late
20,11,3,PANCREAS,BODY PARTS,8,late
20,11,4,MICHIGAN,STATES,13,late
20,11,5,FLORIDA,STATES,10,late
20,11,6,IOWA,STATES,1,late
20,11,7,MONKEY,MAMMALS,2,late
20,11,8,MOOSE,MAMMALS,5,late
20,11,9,RACOON,MAMMALS,11,late
20,12,1,CLARINET,INSTRUMENTS,7,late
20,12,2,ROME,CITIES,16,late
20,12,3,PROTRACTOR,TOOLS,15,late
20,12,4,LEOPARD,MAMMALS,13,late
20,12,5,SQUIRREL,MAMMALS,9,late
20,12,6,CAT,MAMMALS,11,late
20,12,7,ENGLAND,COUNTRIES,10,late
20,12,8,FRANCE,COUNTRIES,6,late
20,13,1,KUMQUAT,FRUITS,4,late
20,13,2,NUTS,TOOLS,3,late
20,13,3,VANCOUVER,CITIES,12,late
20,13,4,HAWAII,STATES,6,late
20,13,5,CALIFORNIA,STATES,7,late
20,13,6,VERMONT,STATES,2,late
20,13,7,JAPAN,COUNTRIES,1,late
20,13,8,TOKYO,CITIES,1,late
20,13,9,WASHER,TOOLS,5,late
20,13,10,RULER,TOOLS,9,late
20,13,11,GLUE,TOOLS,10,late
20,14,1,TORONTO,CITIES,12,late
20,14,2,SQUASH,VEGETABLES,13,late
20,14,3,MAINE,STATES,11,late
20,14,4,GOAT,MAMMALS,1,late
20,14,5,WOLF,MAMMALS,3,late
20,14,6,LEOPARD,MAMMALS,13,late
20,14,7,SHEEP,MAMMALS,11,late
20,14,8,AUBERGINE,VEGETABLES,15,late
20,14,9,FOOT,BODY PARTS,6,late
20,15,1,SYCAMORE,TREES,16,late
20,15,2,CEDAR,TREES,15,late
20,15,3,TEAK,TREES,2,late
20,15,4,SYDNEY,CITIES,4,late
20,15,5,RENO,CITIES,8,late
20,15,6,CHICAGO,CITIES,9,late
20,15,7,BERLIN,CITIES,12,late
20,15,8,SWEATER,CLOTHING,3,late
20,15,9,BRA,CLOTHING,14,late
20,15,10,MILLIPEDE,INSECTS,5,late
20,15,11,HORNET,INSECTS,1,late
20,15,12,MANTIS,INSECTS,11,late
20,15,13,TROUSERS,CLOTHING,6,late
21,0,1,DAISY,FLOWERS,1,early
21,0,2,LILY,FLOWERS,2,early
21,0,3,UNDERWEAR,CLOTHING,13,early
21,0,4,PANTS,CLOTHING,16,early
21,0,5,DRESS,CLOTHING,15,early
21,0,6,MONTANA,STATES,5,early
21,0,7,UTAH,STATES,6,early
21,0,8,SUNFLOWER,FLOWERS,3,early
21,0,9,KNIFE,KITCHEN-RELATED,9,early
21,0,10,FORK,KITCHEN-RELATED,10,early
21,0,11,NARCISSIST,,11,early
21,0,12,NARCISSUS,FLOWERS,4,early
21,0,13,NARCISSIST,,13,early
21,0,14,MONTANA,STATES,5,early
21,0,15,UTAH,STATES,6,early
21,0,16,GRANOLA,,16,early
21,0,17,SKILLET,KITCHEN-RELATED,11,early
21,0,18,GIRL,,0,early
21,0,19,SKILLET,KITCHEN-RELATED,11,early
21,0,20,FORK,KITCHEN-RELATED,10,early
21,0,21,KNIFE,KITCHEN-RELATED,9,early
21,1,1,STOMACH,BODY PARTS,1,early
21,1,2,ARMS,BODY PARTS,2,early
21,1,3,HIP,BODY PARTS,3,early
21,1,4,ELVIS,,4,early
21,1,5,PARIS-DALLAS,,5,early
21,1,6,MONTREAL,CITIES,15,early
21,1,7,ROME,CITIES,16,early
21,1,8,TRUMPET,INSTRUMENTS,5,early
21,1,9,TROMBONE,INSTRUMENTS,2,early
21,1,10,TUBA,INSTRUMENTS,6,early
21,1,11,TAMBOURINE,INSTRUMENTS,7,early
21,1,12,OVEN,KITCHEN-RELATED,9,early
21,1,13,MUG,KITCHEN-RELATED,10,early
21,1,14,BROILER,KITCHEN-RELATED,12,early
21,1,15,GIRDLE,CLOTHING,14,early
21,2,1,CAULIFLOWER,VEGETABLES,13,early
21,2,2,BROCCOLI,VEGETABLES,14,early
21,2,3,PICKLE,VEGETABLES,15,early
21,2,4,ONION,VEGETABLES,16,early
21,2,5,DAHLIA,FLOWERS,1,early
21,2,6,AZALEA,FLOWERS,2,early
21,2,7,LOG,FLOWERS,3,early
21,2,8,SUNFLOWER,FLOWERS,3,early
21,2,9,GRIDDLE,KITCHEN-RELATED,10,early
21,2,10,GRIDDLE,KITCHEN-RELATED,10,early
21,2,11,OVEN,KITCHEN-RELATED,9,early
21,2,12,STRAINER,KITCHEN-RELATED,12,early
21,2,13,DISH,KITCHEN-RELATED,11,early
21,2,14,FOUNDATION,BUILDING RELATED,5,early
21,2,15,ELEVATOR,BUILDING RELATED,6,early
21,2,16,CARPET,BUILDING RELATED,7,early
21,2,17,FLOOR,BUILDING RELATED,8,early
21,3,1,DOOR,BUILDING RELATED,15,early
21,3,2,WINDOW,BUILDING RELATED,13,early
21,3,3,HALL,BUILDING RELATED,14,early
21,3,4,DOOR,BUILDING RELATED,15,early
21,3,5,WINDOW,BUILDING RELATED,13,early
21,3,6,HALL,BUILDING RELATED,14,early
21,3,7,ROOM,,7,early
21,3,8,OHANA,,8,early
21,3,9,KIWI,FRUITS,5,early
21,3,10,STRAWBERRY,FRUITS,6,early
21,3,11,TANGELO,FRUITS,7,early
21,3,12,REFRIGERATOR,KITCHEN-RELATED,1,early
21,3,13,HOT,,13,early
21,3,14,GRIDDLE,KITCHEN-RELATED,10,early
21,3,15,SPATULA,KITCHEN-RELATED,4,early
21,3,16,SPATULA,KITCHEN-RELATED,4,early
21,3,17,WINDOW,BUILDING RELATED,13,early
21,4,1,IOWA,STATES,13,early
21,4,2,KANSAS,STATES,14,early
21,4,3,MICHIGAN,STATES,15,early
21,4,4,FLORIDA,STATES,16,early
21,4,5,GUAVA,FRUITS,8,early
21,4,6,KIWI,FRUITS,5,early
21,4,7,STRAWBERRY,FRUITS,6,early
21,4,8,TANGERINE,,8,early
21,4,9,MOOSE,MAMMALS,1,early
21,4,10,MONKEY,MAMMALS,2,early
21,4,11,HORSE,MAMMALS,10,early
21,4,12,MOUSE,MAMMALS,12,early
21,4,13,LOOSE,,13,early
21,4,14,MONKEY,MAMMALS,2,early
21,4,15,HORSE,MAMMALS,10,early
21,4,16,HALF,,16,early
21,4,17,HORSE,MAMMALS,10,early
21,4,18,MOUSE,MAMMALS,12,early
21,4,19,CLEMENTINE,FRUITS,11,early
21,4,20,PAIR,,0,early
21,4,21,LEMON,FRUITS,9,early
21,4,22,LIME,,0,early
21,5,1,TRAIN,,1,early
21,5,2,MAPLE,TREES,14,early
21,5,3,HICKORY,TREES,16,early
21,5,4,ELM,TREES,15,early
21,5,5,RASPBERRY,FRUITS,1,early
21,5,6,HONEYDEW,FRUITS,2,early
21,5,7,PLUM,FRUITS,4,early
21,5,8,SHAG,,8,early
21,5,9,WIRE,TOOLS,5,early
21,5,10,HAMMER,TOOLS,6,early
21,5,11,VIOLIN,INSTRUMENTS,9,early
21,5,12,SAXOPHONE,INSTRUMENTS,10,early
21,5,13,CELLO,INSTRUMENTS,11,early
21,5,14,HARP,,14,early
21,5,15,WIRE,TOOLS,5,early
21,5,16,HAMMER,TOOLS,6,early
21,5,17,TOOL,,0,early
21,5,18,SCREW,,0,early
21,6,1,LARVA,INSECTS,13,early
21,6,2,SCORPION,INSECTS,14,early
21,6,3,MONARCH,INSECTS,15,early
21,6,4,WORM,INSECTS,16,early
21,6,5,AND,,5,early
21,6,6,ANKLE,BODY PARTS,2,early
21,6,7,SINGER,,7,early
21,6,8,LIP,BODY PARTS,4,early
21,6,9,WILLOW,TREES,9,early
21,6,10,EUCALYPTUS,TREES,10,early
21,6,11,POPLAR,TREES,12,early
21,6,12,XYLOPHONE,INSTRUMENTS,5,early
21,6,13,ACCORDION,INSTRUMENTS,6,early
21,6,14,MUSIC,,14,early
21,6,15,VIOLIN,INSTRUMENTS,9,early
21,6,16,SHALLOW,,16,early
21,7,1,RULER,TOOLS,13,early
21,7,2,GLUE,TOOLS,16,early
21,7,3,NUTS,TOOLS,15,early
21,7,4,BOLTS,TOOLS,5,early
21,7,5,VANCOUVER,CITIES,10,early
21,7,6,TOKYO,CITIES,11,early
21,7,7,PHILADELPHIA,CITIES,12,early
21,7,8,PARIS,CITIES,13,early
21,7,9,CLAREMONT,,9,early
21,7,10,CALIFORNIA,STATES,6,early
21,7,11,HAWAII,STATES,7,early
21,7,12,MEAN,,12,early
21,7,13,MANGO,FRUITS,1,early
21,7,14,BANANA,FRUITS,2,early
21,7,15,APPLE,,15,early
21,7,16,NECTARINE,FRUITS,4,early
21,8,1,SHEEP,MAMMALS,1,late
21,8,2,WOLF,MAMMALS,7,late
21,8,3,LAMB,,3,late
21,8,4,GO,,4,late
21,8,5,TOKYO,CITIES,11,late
21,8,6,TORONTO,CITIES,4,late
21,8,7,STOCKHOLM,CITIES,15,late
21,8,8,MIAMI,CITIES,6,late
21,8,9,OLIVE,VEGETABLES,8,late
21,8,10,ZUCCHINI,VEGETABLES,14,late
21,8,11,SQUASH,VEGETABLES,12,late
21,8,12,BROCCOLI,VEGETABLES,14,late
21,8,13,ELBOW,BODY PARTS,9,late
21,8,14,SHOULDER,BODY PARTS,16,late
21,8,15,ARM,,15,late
21,8,16,ANKLE,BODY PARTS,2,late
21,8,17,HAND,BODY PARTS,1,late
21,9,1,MILLIPEDE,INSECTS,12,late
21,9,2,HORNET,INSECTS,15,late
21,9,3,TEAK,TREES,16,late
21,9,4,CHICAGO,CITIES,10,late
21,9,5,MIAMI,CITIES,6,late
21,9,6,HAND,BODY PARTS,1,late
21,9,7,SHOULDER,BODY PARTS,16,late
21,9,8,FRY,,8,late
21,9,9,SHIRT,CLOTHING,2,late
21,9,10,CHANCE,,10,late
21,9,11,OLIVES,,11,late
21,9,12,ZUCCHINI,VEGETABLES,14,late
21,9,13,BROCCOLI,VEGETABLES,14,late
21,9,14,SQUASH,VEGETABLES,12,late
21,10,1,CAT,MAMMALS,14,late
21,10,2,ENGLAND,COUNTRIES,3,late
21,10,3,SWITZERLAND,COUNTRIES,6,late
21,10,4,FRANCE,COUNTRIES,13,late
21,10,5,CLARINET,INSTRUMENTS,7,late
21,10,6,DRUM,INSTRUMENTS,8,late
21,10,7,SAXOPHONE,INSTRUMENTS,10,late
21,10,8,PROTRACTOR,TOOLS,1,late
21,10,9,PIANO,INSTRUMENTS,2,late
21,10,10,BOLTS,TOOLS,5,late
21,10,11,CLARINET,INSTRUMENTS,7,late
21,10,12,DRUM,INSTRUMENTS,8,late
21,10,13,HARP,,13,late
21,11,1,POTATO,VEGETABLES,15,late
21,11,2,CUBA,COUNTRIES,16,late
21,11,3,CUBA,COUNTRIES,16,late
21,11,4,POTATO,VEGETABLES,15,late
21,11,5,SPINACH,VEGETABLES,1,late
21,11,6,CAULIFLOWER,VEGETABLES,13,late
21,11,7,ENGLAND,COUNTRIES,3,late
21,11,8,TORONTO,CITIES,4,late
21,11,9,CANADA,,9,late
21,11,10,MIAMI,CITIES,6,late
21,11,11,CHIMNEY,BUILDING RELATED,2,late
21,11,12,FLOOR,BUILDING RELATED,8,late
21,11,13,FOUNDATION,BUILDING RELATED,5,late
21,11,14,CLOSET,BUILDING RELATED,9,late
21,11,15,CAMISOLE,CLOTHING,4,late
21,11,16,DRESS,CLOTHING,15,late
21,11,17,PANTS,CLOTHING,16,late
21,11,18,SUIT,CLOTHING,7,late
21,12,1,JUMPER,CLOTHING,16,late
21,12,2,ROBE,CLOTHING,8,late
21,12,3,BELT,CLOTHING,7,late
21,12,4,DRESS,CLOTHING,15,late
21,12,5,CORIANDER,,5,late
21,12,6,MIXER,KITCHEN-RELATED,9,late
21,12,7,BLENDER,KITCHEN-RELATED,5,late
21,12,8,GIRDLE,CLOTHING,14,late
21,12,9,HARMONICA,INSTRUMENTS,11,late
21,12,10,CLARINET,INSTRUMENTS,7,late
21,12,11,VIOLIN,INSTRUMENTS,9,late
21,12,12,TRUMPET,INSTRUMENTS,5,late
21,12,13,STOVE,,13,late
21,12,14,UKULELE,INSTRUMENTS,15,late
21,12,15,HARMONICA,INSTRUMENTS,11,late
21,12,16,MARIN,,16,late
21,12,17,DAY,,0,late
21,13,1,ETHIOPIA,COUNTRIES,1,late
21,13,2,AUSTRALIA,COUNTRIES,3,late
21,13,3,POLAND,COUNTRIES,16,late
21,13,4,ZEBRA,MAMMALS,4,late
21,13,5,LETTUCE,VEGETABLES,5,late
21,13,6,ZEBRA,MAMMALS,4,late
21,13,7,ELEPHANT,MAMMALS,14,late
21,13,8,LETTERS,,8,late
21,13,9,SPINACH,VEGETABLES,1,late
21,13,10,CORIANDER,,10,late
21,13,11,RIO,,11,late
21,13,12,SONG,,12,late
21,13,13,HARMONICA,INSTRUMENTS,11,late
21,13,14,CLARINET,INSTRUMENTS,7,late
21,13,15,DRUM,INSTRUMENTS,8,late
21,13,16,EUCALYPTUS,TREES,10,late
21,13,17,WILLOW,TREES,9,late
21,13,18,POPLAR,TREES,12,late
21,14,1,TULIP,FLOWERS,11,late
21,14,2,ROSE,FLOWERS,15,late
21,14,3,AZ,,3,late
21,14,4,PETUNIA,FLOWERS,16,late
21,14,5,YEAR,,5,late
21,14,6,DOG,MAMMALS,2,late
21,14,7,BARN,BUILDING RELATED,3,late
21,14,8,YOUR,,8,late
21,14,9,SHOULDER,BODY PARTS,16,late
21,14,10,ANKLE,BODY PARTS,2,late
21,14,11,DOG,MAMMALS,2,late
21,14,12,ZEBRA,MAMMALS,4,late
21,14,13,ELEPHANT,MAMMALS,14,late
21,14,14,FINE,,14,late
21,14,15,BLENDER,KITCHEN-RELATED,5,late
21,14,16,CORIANDER,,16,late
21,14,17,MIXER,KITCHEN-RELATED,9,late
21,14,18,E,,0,late
21,14,19,R,,0,late
21,14,20,ANKLE,BODY PARTS,2,late
21,14,21,HAND,BODY PARTS,1,late
21,15,1,TEXAS,STATES,16,late
21,15,2,ALASKA,STATES,9,late
21,15,3,PENNSYLVANIA,STATES,4,late
21,15,4,OHIO,STATES,5,late
21,15,5,RHINOCEROS,MAMMALS,13,late
21,15,6,ZEBRA,MAMMALS,4,late
21,15,7,BEETLE,INSECTS,12,late
21,15,8,TERMITE,INSECTS,1,late
21,15,9,OKRA,VEGETABLES,8,late
21,15,10,RUTABAGA,VEGETABLES,6,late
21,15,11,HIPPOPOTAMUS,MAMMALS,8,late
21,15,12,OKRA,VEGETABLES,8,late
21,15,13,RUTABAGA,VEGETABLES,6,late
21,15,14,SQUASH,VEGETABLES,12,late
21,15,15,SPINACH,VEGETABLES,1,late
21,15,16,TERMITE,INSECTS,1,late
21,15,17,BEETLE,INSECTS,12,late
21,15,18,FOX,MAMMALS,14,late
21,15,19,RHINOCEROS,MAMMALS,13,late
21,15,20,CHRYSALIS,INSECTS,10,late
21,15,21,ALCOVE,BUILDING RELATED,12,late
22,0,1,FOOT,BODY PARTS,1,early
22,0,2,KIDNEY,BODY PARTS,2,early
22,0,3,SHOULDER,BODY PARTS,4,early
22,0,4,ELBOW,BODY PARTS,3,early
22,0,5,WOLF,MAMMALS,7,early
22,0,6,PANTHER,MAMMALS,8,early
22,0,7,GOAT,MAMMALS,5,early
22,0,8,SHEEP,MAMMALS,6,early
22,0,9,ZUCCHINI,VEGETABLES,10,early
22,0,10,SQUASH,VEGETABLES,11,early
22,0,11,TORONTO,CITIES,13,early
22,0,12,STOCKHOLM,CITIES,16,early
22,0,13,MIAMI,CITIES,15,early
22,0,14,WOLF,MAMMALS,7,early
22,0,15,AUBERGINE,VEGETABLES,12,early
22,1,1,FLORIDA,STATES,13,early
22,1,2,IOWA,STATES,14,early
22,1,3,KANSAS,STATES,15,early
22,1,4,MICHIGAN,STATES,16,early
22,1,5,TOOTH,BODY PARTS,5,early
22,1,6,RIB,BODY PARTS,7,early
22,1,7,TONGUE,BODY PARTS,6,early
22,1,8,PANCREAS,BODY PARTS,8,early
22,2,1,UTAH,STATES,9,early
22,2,2,MAIN,,2,early
22,2,3,ARIZONA,STATES,11,early
22,2,4,MONTANA,STATES,12,early
22,2,5,NICE,,5,early
22,2,6,FORK,KITCHEN-RELATED,16,early
22,2,7,SKILLET,KITCHEN-RELATED,15,early
22,2,8,DRESS,CLOTHING,1,early
22,2,9,PANTS,CLOTHING,3,early
22,2,10,UNDERWEAR,CLOTHING,2,early
22,2,11,GIRDLE,CLOTHING,4,early
22,2,12,LILY,FLOWERS,8,early
22,2,13,NARCISSUS,FLOWERS,6,early
22,2,14,TOASTER,KITCHEN-RELATED,14,early
22,3,1,PALACE,,1,early
22,3,2,ROME,CITIES,2,early
22,3,3,CHARIS,,3,early
22,3,4,MONTREAL,CITIES,4,early
22,3,5,TRUMPET,INSTRUMENTS,11,early
22,3,6,SAXOPHONE,INSTRUMENTS,13,early
22,3,7,PICCOLO,INSTRUMENTS,12,early
22,3,8,R,,8,early
22,3,9,OVEN,KITCHEN-RELATED,5,early
22,3,10,THERMOMETER,KITCHEN-RELATED,7,early
22,3,11,BROILER,KITCHEN-RELATED,6,early
22,3,12,SAXOPHONE,INSTRUMENTS,13,early
22,3,13,PELVIS,BODY PARTS,14,early
22,3,14,STOMACH,BODY PARTS,15,early
22,3,15,THERMOMETER,KITCHEN-RELATED,7,early
22,3,16,OVEN,KITCHEN-RELATED,5,early
22,3,17,BROILER,KITCHEN-RELATED,6,early
22,4,1,PETUNIA,FLOWERS,1,early
22,4,2,CARNATION,FLOWERS,4,early
22,4,3,ROSE,FLOWERS,2,early
22,4,4,TOILET,,4,early
22,4,5,KNUCKLE,BODY PARTS,5,early
22,4,6,E,,6,early
22,4,7,R,,7,early
22,4,8,GAZEBO,BUILDING RELATED,9,early
22,4,9,FACE,BODY PARTS,8,early
22,4,10,BARN,BUILDING RELATED,11,early
22,4,11,DOG,MAMMALS,13,early
22,4,12,DONKEY,MAMMALS,16,early
22,4,13,HIPPOPOTAMUS,MAMMALS,15,early
22,4,14,TIGER,MAMMALS,14,early
22,4,15,KITCHEN,BUILDING RELATED,12,early
22,5,1,BANANA,FRUITS,6,early
22,5,2,NUT,,2,early
22,5,3,WASHER,TOOLS,9,early
22,5,4,RULER,TOOLS,10,early
22,5,5,GLUE,TOOLS,11,early
22,5,6,VERMONT,STATES,14,early
22,5,7,HAWAII,STATES,16,early
22,5,8,WISCONSIN,STATES,15,early
22,5,9,VANCOUVER,CITIES,2,early
22,5,10,TRUE,,10,early
22,5,11,QUAD,,11,early
22,5,12,NECTARINE,FRUITS,8,early
22,5,13,BLUE,,13,early
22,5,14,LANE,,14,early
22,6,1,STRAWBERRY,FRUITS,9,early
22,6,2,GUAVA,FRUITS,10,early
22,6,3,SHEWEE,,3,early
22,6,4,ANGELO,,4,early
22,6,5,MOOSE,MAMMALS,9,early
22,6,6,CHOW,,6,early
22,6,7,GIRAFFE,MAMMALS,16,early
22,6,8,HORSE,MAMMALS,15,early
22,6,9,GLASS,KITCHEN-RELATED,1,early
22,6,10,SPATULA,KITCHEN-RELATED,3,early
22,6,11,DOOR,BUILDING RELATED,6,early
22,6,12,CORRIDOR,BUILDING RELATED,7,early
22,6,13,REFRIGERATOR,KITCHEN-RELATED,4,early
22,6,14,WINDOW,BUILDING RELATED,8,early
22,7,1,COTTONWOOD,TREES,14,early
22,7,2,EVERGREEN,TREES,15,early
22,7,3,SPRUCE,TREES,13,early
22,7,4,OAK,TREES,16,early
22,7,5,ROBE,CLOTHING,1,early
22,7,6,SHIRT,CLOTHING,2,early
22,7,7,JUMPER,CLOTHING,4,early
22,7,8,UKULELE,INSTRUMENTS,7,early
22,7,9,BANJO,INSTRUMENTS,5,early
22,7,10,HARMONICA,INSTRUMENTS,8,early
22,7,11,POP,,11,early
22,7,12,SLENDER,,12,early
22,7,13,MIXER,KITCHEN-RELATED,9,early
22,7,14,JUMPER,CLOTHING,4,early
22,7,15,BELT,CLOTHING,3,early
22,7,16,HARAMBE,,16,early
22,8,1,AS,,1,late
22,8,2,YOU,,2,late
22,8,3,NEED,,3,late
22,8,4,CARPET,BUILDING RELATED,2,late
22,8,5,ELEVATOR,BUILDING RELATED,3,late
22,8,6,FOUNDATION,BUILDING RELATED,6,late
22,8,7,CAULIFLOWER,VEGETABLES,5,late
22,8,8,BROCCOLI,VEGETABLES,4,late
22,8,9,STRAINER,KITCHEN-RELATED,7,late
22,8,10,SAUCER,KITCHEN-RELATED,8,late
22,8,11,4,,11,late
22,8,12,KITCHEN,BUILDING RELATED,12,late
22,8,13,BUTTERCUP,FLOWERS,9,late
22,8,14,LOG,FLOWERS,13,late
22,8,15,ONION,VEGETABLES,12,late
22,8,16,HOLLY,,16,late
22,9,1,SHOOT,,1,late
22,9,2,GERMANY,COUNTRIES,16,late
22,9,3,IRAN,COUNTRIES,1,late
22,9,4,FURNACE,BUILDING RELATED,4,late
22,9,5,JACKET,CLOTHING,5,late
22,9,6,BLOUSE,CLOTHING,6,late
22,9,7,EGYPT,COUNTRIES,14,late
22,9,8,CHIMNEY,BUILDING RELATED,13,late
22,9,9,GARLIC,VEGETABLES,10,late
22,9,10,ARTICHOKE,VEGETABLES,11,late
22,9,11,POTATO,VEGETABLES,12,late
22,10,1,OKRA,VEGETABLES,12,late
22,10,2,RUTABAGA,VEGETABLES,14,late
22,10,3,RHINOCEROS,MAMMALS,15,late
22,10,4,TEXAS,STATES,1,late
22,10,5,GINGER,VEGETABLES,2,late
22,10,6,ALASKA,STATES,3,late
22,10,7,BEETLE,INSECTS,9,late
22,10,8,TERMITE,INSECTS,4,late
22,10,9,MAMA,,9,late
22,10,10,OHIO,STATES,7,late
22,10,11,PUMPKIN,VEGETABLES,10,late
22,10,12,CRYSTALIS,,12,late
22,11,1,HAND,BODY PARTS,9,late
22,11,2,WILLOW,TREES,10,late
22,11,3,FINGER,BODY PARTS,11,late
22,11,4,RASH,,4,late
22,11,5,ACCORDION,INSTRUMENTS,13,late
22,11,6,R,,6,late
22,11,7,MONARCH,INSECTS,8,late
22,11,8,GUITAR,INSTRUMENTS,15,late
22,11,9,XYLOPHONE,INSTRUMENTS,4,late
22,11,10,BANGLES,,10,late
22,11,11,AND,,11,late
22,12,1,AUSTRALIA,COUNTRIES,5,late
22,12,2,LARGEST,,2,late
22,12,3,CARROT,VEGETABLES,6,late
22,12,4,PIG,MAMMALS,7,late
22,12,5,ITALY,COUNTRIES,2,late
22,12,6,ZEBRA,MAMMALS,1,late
22,12,7,VIOLIN,INSTRUMENTS,16,late
22,12,8,ELEPHANT,MAMMALS,8,late
22,12,9,ETHIOPIA,COUNTRIES,15,late
22,12,10,CELERY,VEGETABLES,16,late
22,12,11,POLAND,COUNTRIES,13,late
22,12,12,LION,MAMMALS,14,late
22,12,13,LETTUCE,VEGETABLES,12,late
22,13,1,CHICAGO,CITIES,12,late
22,13,2,CHEEK,,2,late
22,13,3,SYDNEY,CITIES,14,late
22,13,4,SYCAMORE,TREES,8,late
22,13,5,GIRL,,5,late
22,13,6,HORNET,INSECTS,10,late
22,13,7,MOSQUITO,INSECTS,9,late
22,13,8,HOME,,8,late
22,13,9,MANTIS,INSECTS,4,late
22,13,10,SWEATER,CLOTHING,5,late
22,13,11,BERLIN,CITIES,1,late
22,13,12,TROUSERS,CLOTHING,2,late
22,14,1,SAXOPHONE,INSTRUMENTS,13,late
22,14,2,WIRE,TOOLS,15,late
22,14,3,VIOLIN,INSTRUMENTS,16,late
22,14,4,SCREW,,4,late
22,14,5,WEDGE,TOOLS,5,late
22,14,6,RASPBERRY,FRUITS,9,late
22,14,7,HICKORY,TREES,8,late
22,14,8,CALL,,8,late
22,14,9,PLUM,FRUITS,2,late
22,15,1,LEOPARD,MAMMALS,14,late
22,15,2,CHAT,,2,late
22,15,3,KAZOO,INSTRUMENTS,16,late
22,15,4,SWITZERLAND,COUNTRIES,12,late
22,15,5,JAPAN,COUNTRIES,9,late
22,15,6,SQUIRREL,MAMMALS,13,late
22,15,7,COLTS,,7,late
22,15,8,CLARINET,INSTRUMENTS,1,late
22,15,9,SEATTLE,,9,late
22,15,10,SAW,TOOLS,8,late
22,15,11,ENGLAND,COUNTRIES,7,late
22,15,12,CHISEL,TOOLS,11,late
22,15,13,PROTRACTOR,TOOLS,2,late
23,0,1,SWEATER,CLOTHING,1,early
23,0,2,GLOVES,CLOTHING,3,early
23,0,3,TROUSERS,CLOTHING,4,early
23,0,4,MANTIS,INSECTS,5,early
23,0,5,HORNET,INSECTS,6,early
23,0,6,RENO,CITIES,14,early
23,0,7,MILLIPEDE,INSECTS,7,early
23,0,8,SYDNEY,CITIES,16,early
23,0,9,OAK,TREES,8,early
23,0,10,TEAK,TREES,12,early
23,0,11,MOSQUITO,INSECTS,8,early
23,0,12,MANTIS,INSECTS,5,early
23,0,13,BERLIN,CITIES,13,early
23,1,1,TAMBOURINE,INSTRUMENTS,13,early
23,1,2,TUBA,INSTRUMENTS,15,early
23,1,3,TRUMPET,INSTRUMENTS,16,early
23,1,4,PICCOLO,INSTRUMENTS,14,early
23,1,5,ROME,CITIES,12,early
23,1,6,MONTREAL,CITIES,11,early
23,1,7,PARIS-DALLAS,,7,early
23,1,8,BROILER,KITCHEN-RELATED,2,early
23,1,9,OVEN,KITCHEN-RELATED,1,early
23,1,10,THERMOMETER,KITCHEN-RELATED,4,early
23,1,11,MUG,KITCHEN-RELATED,3,early
23,1,12,ELVIS,,12,early
23,1,13,STOMACH,BODY PARTS,8,early
23,1,14,ARM,,14,early
23,2,1,ELEPHANT,MAMMALS,13,early
23,2,2,EGG,,2,early
23,2,3,ZEBRA,MAMMALS,15,early
23,2,4,LION,MAMMALS,16,early
23,2,5,TROMBONE,INSTRUMENTS,3,early
23,2,6,VIOLA,INSTRUMENTS,1,early
23,2,7,BASS,INSTRUMENTS,2,early
23,2,8,MARACAS,INSTRUMENTS,4,early
23,2,9,AUSTRALIA,COUNTRIES,5,early
23,2,10,HOLLAND,,10,early
23,2,11,ITALY,COUNTRIES,8,early
23,2,12,CELERY,VEGETABLES,9,early
23,2,13,LETTUCE,VEGETABLES,10,early
23,2,14,CARROTS,,14,early
23,2,15,YAMS,VEGETABLES,12,early
23,2,16,ETHIOPIA,COUNTRIES,7,early
23,3,1,SPINACH,VEGETABLES,13,early
23,3,2,ARTICHOKE,VEGETABLES,15,early
23,3,3,POTATO,VEGETABLES,14,early
23,3,4,GARLIC,VEGETABLES,16,early
23,3,5,SUIT,CLOTHING,4,early
23,3,6,CAMISOLE,CLOTHING,3,early
23,3,7,BLOUSE,CLOTHING,2,early
23,3,8,JACKET,CLOTHING,1,early
23,3,9,RON,,9,early
23,3,10,GERMANY,COUNTRIES,7,early
23,3,11,EGYPT,COUNTRIES,5,early
23,3,12,SPINACH,VEGETABLES,13,early
23,3,13,POTATO,VEGETABLES,14,early
23,3,14,ARTICHOKE,VEGETABLES,15,early
23,3,15,CUBA,COUNTRIES,6,early
23,4,1,WIRE,TOOLS,13,early
23,4,2,HAMMER,TOOLS,14,early
23,4,3,WEDGE,TOOLS,15,early
23,4,4,SCREWS,TOOLS,16,early
23,4,5,RASPBERRY,FRUITS,1,early
23,4,6,PLUM,FRUITS,2,early
23,4,7,HONEYDEW,FRUITS,3,early
23,4,8,L,,8,early
23,4,9,HICKORY,TREES,7,early
23,4,10,MAPLE,TREES,5,early
23,4,11,PINE,TREES,6,early
23,4,12,SAXOPHONE,INSTRUMENTS,11,early
23,4,13,TRIANGLE,INSTRUMENTS,12,early
23,4,14,VIOLIN,INSTRUMENTS,9,early
23,4,15,CELLO,INSTRUMENTS,10,early
23,4,16,SAG,,16,early
23,5,1,AZALEA,FLOWERS,13,early
23,5,2,DAHLIA,FLOWERS,14,early
23,5,3,BUTTERCUP,FLOWERS,16,early
23,5,4,LOG,FLOWERS,15,early
23,5,5,SAUCER,KITCHEN-RELATED,11,early
23,5,6,DISH,KITCHEN-RELATED,12,early
23,5,7,GRIDDLE,KITCHEN-RELATED,9,early
23,5,8,STRAINER,KITCHEN-RELATED,10,early
23,5,9,BROCCOLI,VEGETABLES,7,early
23,5,10,CAULIFLOWER,VEGETABLES,5,early
23,5,11,PICKLE,VEGETABLES,8,early
23,5,12,ONION,VEGETABLES,6,early
23,5,13,FOR,,13,early
23,5,14,CARPET,BUILDING RELATED,3,early
23,5,15,FOUNDATION,BUILDING RELATED,2,early
23,5,16,ELEVATOR,BUILDING RELATED,4,early
23,6,1,GLUE,TOOLS,13,early
23,6,2,NUTS,TOOLS,14,early
23,6,3,ROLLER,,3,early
23,6,4,WASHER,TOOLS,16,early
23,6,5,VERMONT,STATES,9,early
23,6,6,WISCONSIN,STATES,10,early
23,6,7,HAWAII,STATES,12,early
23,6,8,CALIFORNIA,STATES,11,early
23,6,9,TOKYO,CITIES,6,early
23,6,10,PHILADELPHIA,CITIES,5,early
23,6,11,VANCOUVER,CITIES,8,early
23,6,12,KUMQUAT,FRUITS,1,early
23,6,13,NECTARINE,FRUITS,2,early
23,6,14,BANANA,FRUITS,3,early
23,6,15,MANGO,FRUITS,4,early
23,6,16,JERUSALEM,CITIES,7,early
23,7,1,MONKEY,MAMMALS,13,early
23,7,2,ANTELOPE,MAMMALS,14,early
23,7,3,RACCOON,,3,early
23,7,4,MOOSE,MAMMALS,16,early
23,7,5,NECTARINE,FRUITS,2,early
23,7,6,POMEGRANATE,FRUITS,6,early
23,7,7,IOWA,STATES,4,early
23,7,8,MICHIGAN,STATES,3,early
23,7,9,KANSAS,STATES,1,early
23,7,10,FLORIDA,STATES,2,early
23,7,11,PANCREAS,BODY PARTS,9,early
23,7,12,RIB,BODY PARTS,12,early
23,7,13,TOOTH,BODY PARTS,10,early
23,7,14,TONGUE,BODY PARTS,11,early
23,7,15,BANANA,FRUITS,3,early
23,7,16,LEMON,FRUITS,8,early
23,7,17,CHAIR,,0,early
23,8,1,TULIP,FLOWERS,12,late
23,8,2,ROSE,FLOWERS,4,late
23,8,3,CARNATION,FLOWERS,15,late
23,8,4,DONKEY,MAMMALS,2,late
23,8,5,HIPPOPOTAMUS,MAMMALS,5,late
23,8,6,BASE,,6,late
23,8,7,KITCHEN,BUILDING RELATED,8,late
23,8,8,BARN,BUILDING RELATED,13,late
23,8,9,GAZEBO,BUILDING RELATED,16,late
23,8,10,PETUNIA,FLOWERS,14,late
23,8,11,ZEBRA,MAMMALS,15,late
23,9,1,STRAWBERRY,FRUITS,4,late
23,9,2,KIWI,FRUITS,13,late
23,9,3,TANGELO,FRUITS,16,late
23,9,4,KITCHEN,BUILDING RELATED,8,late
23,9,5,MOUSE,MAMMALS,12,late
23,9,6,HORSE,MAMMALS,2,late
23,9,7,ELEPHANT,MAMMALS,13,late
23,9,8,WINDOW,BUILDING RELATED,3,late
23,9,9,POTTERY,,9,late
23,9,10,LAST,,10,late
23,9,11,HALLWAY,,11,late
23,9,12,KITCHEN,BUILDING RELATED,8,late
23,10,1,JAPAN,COUNTRIES,9,late
23,10,2,KAZOO,INSTRUMENTS,16,late
23,10,3,CHISEL,TOOLS,1,late
23,10,4,SAW,TOOLS,2,late
23,10,5,ALT'S,,5,late
23,10,6,PROTRACTOR,TOOLS,10,late
23,10,7,GIRAFFE,MAMMALS,1,late
23,10,8,SWITZERLAND,COUNTRIES,11,late
23,11,1,FINGER,BODY PARTS,15,late
23,11,2,ANKLE,BODY PARTS,9,late
23,11,3,HAND,BODY PARTS,16,late
23,11,4,ACCORDION,INSTRUMENTS,13,late
23,11,5,GUITAR,INSTRUMENTS,14,late
23,11,6,ASH,TREES,1,late
23,11,7,EAU,,7,late
23,11,8,CLAIRE,,8,late
23,11,9,EUCALYPTUS,TREES,7,late
23,12,1,R,,1,late
23,12,2,O,,2,late
23,12,3,JUMPER,CLOTHING,4,late
23,12,4,BELT,CLOTHING,16,late
23,12,5,EVERGREEN,TREES,11,late
23,12,6,ELK,,6,late
23,12,7,MARIMBA,INSTRUMENTS,2,late
23,12,8,BLENDER,KITCHEN-RELATED,14,late
23,12,9,MIXER,KITCHEN-RELATED,12,late
23,13,1,WASP,INSECTS,11,late
23,13,2,ALASKA,STATES,12,late
23,13,3,OKRA,VEGETABLES,13,late
23,13,4,PENNSYLVANIA,STATES,7,late
23,13,5,WISCONSIN,STATES,10,late
23,14,1,WELL,,1,late
23,14,2,PANTHER,MAMMALS,4,late
23,14,3,GO,,3,late
23,14,4,AUBERGINE,VEGETABLES,14,late
23,14,5,SQUASH,VEGETABLES,15,late
23,14,6,FIGHT,,6,late
23,14,7,TORONTO,CITIES,1,late
23,14,8,STOCKHOLM,CITIES,8,late
23,14,9,SHEEP,MAMMALS,11,late
23,15,1,FORK,KITCHEN-RELATED,1,late
23,15,2,KNIFE,KITCHEN-RELATED,16,late
23,15,3,TOASTER,KITCHEN-RELATED,6,late
23,15,4,SKILLET,KITCHEN-RELATED,14,late
23,15,5,GIRDLE,CLOTHING,2,late
23,15,6,UNDERWEAR,CLOTHING,5,late
23,15,7,DRESS,CLOTHING,8,late
23,15,8,PANTS,CLOTHING,15,late
23,15,9,MONTANA,STATES,10,late
23,15,10,LILY,FLOWERS,9,late
23,15,11,SUNFLOWER,FLOWERS,11,late
23,15,12,NARCISSUS,FLOWERS,7,late
24,0,1,FLYING,,1,early
24,0,2,ELEPHANT,MAMMALS,14,early
24,0,3,PIG,MAMMALS,15,early
24,0,4,ZEBRA,MAMMALS,16,early
24,0,5,ETHIOPIA,COUNTRIES,2,early
24,0,6,ITALY,COUNTRIES,4,early
24,0,7,AUSTRALIA,COUNTRIES,3,early
24,0,8,POLAND,COUNTRIES,1,early
24,0,9,MARACAS,INSTRUMENTS,6,early
24,0,10,TROMBONE,INSTRUMENTS,7,early
24,0,11,VIOLA,INSTRUMENTS,5,early
24,0,12,CARROTS,,12,early
24,0,13,LETTUCE,VEGETABLES,11,early
24,0,14,CELERY,VEGETABLES,9,early
24,0,15,CARROTS,,15,early
24,0,16,CELERY,VEGETABLES,9,early
24,0,17,BASS,INSTRUMENTS,8,early
24,1,1,SCOTTISH,,1,early
24,1,2,ARMS,BODY PARTS,14,early
24,1,3,SONIC,,3,early
24,1,4,HIPS,,4,early
24,1,5,TAURUS,,5,early
24,1,6,MONTREAL,CITIES,2,early
24,1,7,DALLAS,CITIES,4,early
24,1,8,ROYALS,,8,early
24,1,9,THERMOMETER,KITCHEN-RELATED,6,early
24,1,10,MOM,,10,early
24,1,11,OVEN,KITCHEN-RELATED,8,early
24,1,12,TUBE,,12,early
24,1,13,TRUMPET,INSTRUMENTS,10,early
24,1,14,ANOTHER,,14,early
24,1,15,TO,,15,early
24,1,16,INSTRUMENT,,16,early
24,2,1,EGYPT,COUNTRIES,13,early
24,2,2,CUBA,COUNTRIES,14,early
24,2,3,GERMANY,COUNTRIES,15,early
24,2,4,IRAN,COUNTRIES,16,early
24,2,5,SPINACH,VEGETABLES,4,early
24,2,6,ARTICHOKE,VEGETABLES,3,early
24,2,7,POTATO,VEGETABLES,1,early
24,2,8,GARLIC,VEGETABLES,2,early
24,2,9,LOBBY,BUILDING RELATED,11,early
24,2,10,CHIMNEY,BUILDING RELATED,12,early
24,2,11,FURNACE,BUILDING RELATED,9,early
24,2,12,CLOSET,BUILDING RELATED,10,early
24,3,1,ANKLE,BODY PARTS,9,early
24,3,2,SHANKER,,2,early
24,3,3,BLICK,,3,early
24,3,4,XYLOPHONE,INSTRUMENTS,13,early
24,3,5,GUITAR,INSTRUMENTS,14,early
24,3,6,LARVA,INSECTS,1,early
24,3,7,WORMS,,7,early
24,3,8,MONARCH,INSECTS,4,early
24,3,9,WILLOW,TREES,5,early
24,3,10,EUCALYPTUS,TREES,6,early
24,3,11,EUCALYPTUS,TREES,6,early
24,3,12,WORMS,,12,early
24,3,13,WORMS,,13,early
24,3,14,MONARCH,INSECTS,4,early
24,4,1,SUNFLOWER,FLOWERS,14,early
24,4,2,MOVIE,,2,early
24,4,3,CARSON,,3,early
24,4,4,KISS,,4,early
24,4,5,DAISY,FLOWERS,16,early
24,4,6,MONTANA,STATES,4,early
24,4,7,UTAH,STATES,1,early
24,4,8,ARIZONA,STATES,3,early
24,4,9,MEAN,,9,early
24,4,10,UNDERWEAR,CLOTHING,9,early
24,4,11,BIRD,,11,early
24,4,12,VIDEOS,,12,early
24,4,13,PANTS,CLOTHING,12,early
24,4,14,DRESS,CLOTHING,11,early
24,4,15,FORK,KITCHEN-RELATED,8,early
24,4,16,TOASTER,KITCHEN-RELATED,5,early
24,4,17,NICE,,0,early
24,4,18,SKILLET,KITCHEN-RELATED,7,early
24,5,1,STRAWBERRY,FRUITS,13,early
24,5,2,TANGELA,,2,early
24,5,3,KIWI,FRUITS,15,early
24,5,4,GUAVA,FRUITS,16,early
24,5,5,CORRIDOR,BUILDING RELATED,6,early
24,5,6,DOOR,BUILDING RELATED,5,early
24,5,7,WINDOW,BUILDING RELATED,8,early
24,5,8,CAUGHT,,8,early
24,5,9,SPATULA,KITCHEN-RELATED,1,early
24,5,10,GLASS,KITCHEN-RELATED,3,early
24,5,11,REFRIGERATOR,KITCHEN-RELATED,4,early
24,5,12,COW,MAMMALS,10,early
24,5,13,GIRAFFE,MAMMALS,9,early
24,5,14,MOUSE,MAMMALS,11,early
24,5,15,HORSE,MAMMALS,12,early
24,6,1,TEXAS,STATES,13,early
24,6,2,PENNSYLVANIA,STATES,14,early
24,6,3,OHIO,STATES,15,early
24,6,4,ALASKA,STATES,16,early
24,6,5,VODKA,,5,early
24,6,6,OKRA,VEGETABLES,11,early
24,6,7,PUMPKIN,VEGETABLES,10,early
24,6,8,GINGER,VEGETABLES,9,early
24,6,9,WASP,INSECTS,2,early
24,6,10,CHRYSALIS,INSECTS,1,early
24,6,11,TERMITE,INSECTS,3,early
24,6,12,FETAL,,12,early
24,6,13,RABBIT,MAMMALS,6,early
24,6,14,FOX,MAMMALS,5,early
24,6,15,RHINOCEROS,MAMMALS,7,early
24,6,16,FOX,MAMMALS,5,early
24,6,17,RABBIT,MAMMALS,6,early
24,6,18,RHINOCEROS,MAMMALS,7,early
24,7,1,SQUASH,VEGETABLES,16,early
24,7,2,BIKINI,,2,early
24,7,3,ZUCCHINI,VEGETABLES,14,early
24,7,4,MIAMI,CITIES,5,early
24,7,5,STOCKHOLM,CITIES,6,early
24,7,6,BOMBAY,CITIES,7,early
24,7,7,TORONTO,CITIES,8,early
24,7,8,WOLF,MAMMALS,3,early
24,7,9,SHEEP,MAMMALS,1,early
24,7,10,PANTHER,MAMMALS,2,early
24,7,11,SHEEP,MAMMALS,1,early
24,7,12,HINDER,,12,early
24,8,1,CHICAGO,CITIES,12,late
24,8,2,BERLIN,CITIES,15,late
24,8,3,SYDNEY,CITIES,3,late
24,8,4,GLOVES,CLOTHING,13,late
24,8,5,SYCAMORE,TREES,14,late
24,8,6,TINK,,6,late
24,8,7,TINK,,7,late
24,8,8,TINK,,8,late
24,8,9,BROTH,,9,late
24,8,10,HORNET,INSECTS,10,late
24,9,1,CHISEL,TOOLS,16,late
24,9,2,SWITZERLAND,COUNTRIES,15,late
24,9,3,JAPAN,COUNTRIES,13,late
24,9,4,TRANCE,,4,late
24,9,5,SEARCH,,5,late
24,9,6,CLARINET,INSTRUMENTS,2,late
24,9,7,SAW,TOOLS,4,late
24,9,8,PIANO,INSTRUMENTS,8,late
24,9,9,BOATS,,9,late
24,9,10,PROTRACTOR,TOOLS,7,late
24,10,1,ELEVATOR,BUILDING RELATED,5,late
24,10,2,CARPET,BUILDING RELATED,11,late
24,10,3,AZALEA,FLOWERS,13,late
24,10,4,DAHLIA,FLOWERS,4,late
24,10,5,GRIDDLE,KITCHEN-RELATED,10,late
24,10,6,STRAINER,KITCHEN-RELATED,16,late
24,10,7,SASHA,,7,late
24,10,8,FOUNDATION,BUILDING RELATED,2,late
24,10,9,BROCCOLI,VEGETABLES,14,late
24,10,10,CAULIFLOWER,VEGETABLES,1,late
24,10,11,LOG,FLOWERS,6,late
24,10,12,SORE,,12,late
24,10,13,OR,,13,late
24,10,14,ONION,VEGETABLES,3,late
24,10,15,BUTTERCUP,FLOWERS,15,late
24,11,1,VIOLIN,INSTRUMENTS,4,late
24,11,2,CHOW,,2,late
24,11,3,TRIANGLE,INSTRUMENTS,16,late
24,11,4,SAXOPHONE,INSTRUMENTS,9,late
24,11,5,WEDGES,,5,late
24,11,6,RASPBERRY,FRUITS,8,late
24,11,7,CLOUDY,,7,late
24,11,8,HONEYDEW,FRUITS,15,late
24,11,9,CRYING,,9,late
24,11,10,HICKORY,TREES,3,late
24,11,11,SCREWS,TOOLS,12,late
24,11,12,Y,,12,late
24,12,1,FACE,BODY PARTS,1,late
24,12,2,BORN,,2,late
24,12,3,HIPPOPOTAMUS,MAMMALS,6,late
24,12,4,ROSE,FLOWERS,4,late
24,12,5,-,,5,late
24,12,6,NIA,,6,late
24,12,7,DOG,MAMMALS,10,late
24,12,8,DONKEY,MAMMALS,8,late
24,12,9,HIPPOPOTAMUS,MAMMALS,6,late
24,12,10,TIGER,MAMMALS,16,late
24,12,11,ART,,11,late
24,12,12,YOUR,,12,late
24,12,13,YOUR,,13,late
24,13,1,HOLLANDER,,1,late
24,13,2,HOTEL,,2,late
24,13,3,CUP,KITCHEN-RELATED,16,late
24,13,4,ROSE,FLOWERS,4,late
24,13,5,CHURCH,,5,late
24,13,6,BANJO,INSTRUMENTS,2,late
24,13,7,JUMPER,CLOTHING,1,late
24,13,8,HARMONICA,INSTRUMENTS,4,late
24,13,9,UKULELE,INSTRUMENTS,11,late
24,13,10,ANDROID,,10,late
24,13,11,DOLLYWOOD,,11,late
24,13,12,EVERGREEN,TREES,8,late
24,14,1,MICHIGAN,STATES,16,late
24,14,2,IOWA,STATES,2,late
24,14,3,MONKEY,MAMMALS,1,late
24,14,4,TOOTH,BODY PARTS,15,late
24,14,5,FLORIDA,STATES,12,late
24,15,1,JERUSALEM,CITIES,15,late
24,15,2,GROWTH,,2,late
24,15,3,PHILADELPHIA,CITIES,1,late
24,15,4,WISCONSIN,STATES,2,late
24,15,5,VERMONT,STATES,13,late
24,15,6,VANCOUVER,CITIES,8,late
24,15,7,HAWAII,STATES,9,late
24,15,8,TOKYO,CITIES,4,late
24,15,9,KUMQUAT,FRUITS,10,late
24,15,10,GOOGLE,,10,late
24,15,11,NUTS,TOOLS,3,late
24,15,12,NECTARINE,FRUITS,6,late
25,0,1,MONTREAL,CITIES,10,early
25,0,2,PARIS,CITIES,12,early
25,0,3,DALLAS,CITIES,11,early
25,0,4,LOVE,,4,early
25,0,5,R,,5,early
25,0,6,STOMACH,BODY PARTS,7,early
25,0,7,TUBA,INSTRUMENTS,15,early
25,0,8,TRUMPET,INSTRUMENTS,13,early
25,0,9,TAMBOURINE,INSTRUMENTS,14,early
25,0,10,PICCOLO,INSTRUMENTS,16,early
25,1,1,RULER,TOOLS,1,early
25,1,2,WASHER,TOOLS,2,early
25,1,3,BLUE,,3,early
25,1,4,KNOTS,,4,early
25,1,5,MANGO,FRUITS,9,early
25,1,6,JOURNEY,,6,early
25,1,7,BANANA,FRUITS,12,early
25,1,8,KUMQUAT,FRUITS,11,early
25,1,9,VANCOUVER,CITIES,7,early
25,1,10,VERMONT,STATES,13,early
25,1,11,WISCONSIN,STATES,14,early
25,1,12,HAWAII,STATES,16,early
25,1,13,TOKYO,CITIES,6,early
25,2,1,RUTABAGA,VEGETABLES,1,early
25,2,2,ALASKA,STATES,16,early
25,2,3,TEXAS,STATES,15,early
25,2,4,PENNSYLVANIA,STATES,14,early
25,2,5,GINGER,VEGETABLES,2,early
25,2,6,OKRA,VEGETABLES,4,early
25,2,7,RABBIT,MAMMALS,6,early
25,2,8,SHARKS,,8,early
25,2,9,CHRYSALIS,INSECTS,12,early
25,2,10,TERMITE,INSECTS,9,early
25,3,1,-,,1,early
25,3,2,GRIDDLE,KITCHEN-RELATED,15,early
25,3,3,DELILAH,,3,early
25,3,4,AZALEA,FLOWERS,7,early
25,3,5,BUTTERCUP,FLOWERS,6,early
25,3,6,CAULIFLOWER,VEGETABLES,12,early
25,3,7,BROCCOLI,VEGETABLES,10,early
25,3,8,ONION,VEGETABLES,9,early
25,3,9,LOG,FLOWERS,8,early
25,4,1,RED,,1,early
25,4,2,CHOOSE,,2,early
25,4,3,TONGUE,BODY PARTS,3,early
25,4,4,PANCREAS,BODY PARTS,4,early
25,4,5,CLEMENTINE,FRUITS,5,early
25,4,6,HAIR,,6,early
25,4,7,LEMON,FRUITS,8,early
25,4,8,IOWA,STATES,13,early
25,4,9,KANSAS,STATES,15,early
25,4,10,MICHIGAN,STATES,16,early
25,4,11,FLORIDA,STATES,14,early
25,5,1,ASH,TREES,1,early
25,5,2,WILLOW,TREES,3,early
25,5,3,TUMBLR,,3,early
25,5,4,ANKLE,BODY PARTS,8,early
25,5,5,HAND,BODY PARTS,5,early
25,5,6,LIPS,,6,early
25,5,7,SINGER,,7,early
25,5,8,XYLOPHONE,INSTRUMENTS,11,early
25,5,9,GUITAR,INSTRUMENTS,10,early
25,5,10,BONGOS,INSTRUMENTS,9,early
25,6,1,SPATULA,KITCHEN-RELATED,1,early
25,6,2,HOT,,2,early
25,6,3,CALL,,3,early
25,6,4,CORRIDOR,BUILDING RELATED,6,early
25,6,5,DOOR,BUILDING RELATED,7,early
25,6,6,WINDOW,BUILDING RELATED,8,early
25,6,7,MOUSE,MAMMALS,13,early
25,6,8,COW,MAMMALS,14,early
25,6,9,GIRAFFE,MAMMALS,15,early
25,7,1,KIDNEY,BODY PARTS,1,early
25,7,2,SHOULDER,BODY PARTS,2,early
25,7,3,ELBOW,BODY PARTS,3,early
25,7,4,TORONTO,CITIES,13,early
25,7,5,MIAMI,CITIES,14,early
25,7,6,BOMBAY,CITIES,16,early
25,7,7,STOCKHOLM,CITIES,15,early
25,7,8,AUBERGINE,VEGETABLES,11,early
25,7,9,ZUCCHINI,VEGETABLES,9,early
25,7,10,SQUASH,VEGETABLES,10,early
25,8,1,CUBA,COUNTRIES,1,late
25,8,2,EGYPT,COUNTRIES,2,late
25,8,3,IRAN,COUNTRIES,14,late
25,8,4,BLOUSE,CLOTHING,6,late
25,8,5,CAMISOLE,CLOTHING,7,late
25,8,6,SUIT,CLOTHING,11,late
25,8,7,JACKET,CLOTHING,16,late
25,9,1,JUMPER,CLOTHING,14,late
25,9,2,BANJO,INSTRUMENTS,15,late
25,9,3,HARMONICA,INSTRUMENTS,16,late
25,9,4,SPRUCE,TREES,10,late
25,9,5,EVERGREEN,TREES,4,late
25,9,6,MIXER,KITCHEN-RELATED,3,late
25,9,7,COLANDER,KITCHEN-RELATED,5,late
25,9,8,SHIRT,CLOTHING,12,late
25,9,9,COTTONWOOD,TREES,13,late
25,10,1,AMBER,,1,late
25,10,2,HICKORY,TREES,2,late
25,10,3,LIAR,,3,late
25,10,4,ELM,TREES,9,late
25,10,5,QUALM,,5,late
25,10,6,VIOLIN,INSTRUMENTS,5,late
25,10,7,RASPBERRY,FRUITS,4,late
25,10,8,CELLO,INSTRUMENTS,13,late
25,11,1,GLEN,,1,late
25,11,2,SWITZERLAND,COUNTRIES,15,late
25,11,3,JAPAN,COUNTRIES,16,late
25,11,4,FRANCE,COUNTRIES,10,late
25,11,5,CHISEL,TOOLS,2,late
25,11,6,CAT,MAMMALS,5,late
25,11,7,SQUIRREL,MAMMALS,13,late
25,11,8,CLARINET,INSTRUMENTS,9,late
25,12,1,TURRET,,1,late
25,12,2,LETTUCE,VEGETABLES,14,late
25,12,3,LETTUCE,VEGETABLES,14,late
25,12,4,BIG,,4,late
25,12,5,ITALY,COUNTRIES,13,late
25,12,6,MARACAS,INSTRUMENTS,12,late
25,12,7,ELEPHANT,MAMMALS,1,late
25,12,8,ZEBRA,MAMMALS,2,late
25,13,1,KNUCKLE,BODY PARTS,1,late
25,13,2,CHASE,,2,late
25,13,3,HIPPOPOTAMUS,MAMMALS,9,late
25,13,4,KITCHEN,BUILDING RELATED,16,late
25,13,5,TULIP,FLOWERS,2,late
25,13,6,CARNATION,FLOWERS,14,late
25,13,7,DONKEY,MAMMALS,15,late
25,14,1,MILLIPEDE,INSECTS,16,late
25,14,2,WASP,INSECTS,11,late
25,14,3,HORNET,INSECTS,4,late
25,14,4,LOVE,,4,late
25,14,5,TROUSERS,CLOTHING,1,late
25,14,6,BRA,CLOTHING,15,late
25,14,7,CALL,,7,late
25,14,8,CIDER,,8,late
25,14,9,CHEAP,,9,late
25,14,10,SYCAMORE,TREES,6,late
25,14,11,CHICAGO,CITIES,13,late
25,14,12,BERLIN,CITIES,12,late
25,15,1,UTAH,STATES,9,late
25,15,2,ARIZONA,STATES,13,late
25,15,3,MONTANA,STATES,14,late
25,15,4,MAINE,STATES,15,late
25,15,5,PANTS,CLOTHING,16,late
25,15,6,DAISY,FLOWERS,11,late
25,15,7,SKILLET,KITCHEN-RELATED,12,late
25,15,8,UNDERWEAR,CLOTHING,1,late
25,15,9,NICE,,9,late
26,0,1,EVERGREEN,TREES,7,early
26,0,2,SPRUCE,TREES,5,early
26,0,3,TOP,,3,early
26,0,4,MIXER,KITCHEN-RELATED,14,early
26,0,5,BLENDER,KITCHEN-RELATED,16,early
26,0,6,BELT,CLOTHING,3,early
26,0,7,JUMPER,CLOTHING,2,early
26,0,8,ROAD,,8,early
26,0,9,OAK,TREES,6,early
26,0,10,CALENDAR,,10,early
26,0,11,UKULELE,INSTRUMENTS,9,early
26,0,12,BANJO,INSTRUMENTS,10,early
26,0,13,HARMONICA,INSTRUMENTS,11,early
26,0,14,COTTONWOOD,TREES,8,early
26,1,1,MONKEY,MAMMALS,13,early
26,1,2,ANTELOPE,MAMMALS,14,early
26,1,3,RACCOON,,3,early
26,1,4,GOOSE,,4,early
26,1,5,FLORIDA,STATES,5,early
26,1,6,MICHIGAN,STATES,6,early
26,1,7,KANSAS,STATES,7,early
26,1,8,CANTALOUPE,,8,early
26,1,9,HAIR,,9,early
26,1,10,-,,10,early
26,1,11,PANCREAS,BODY PARTS,1,early
26,1,12,TONGUE,BODY PARTS,2,early
26,2,1,CELERY,VEGETABLES,16,early
26,2,2,YAMS,VEGETABLES,14,early
26,2,3,LETTUCE,VEGETABLES,13,early
26,2,4,MARACAS,INSTRUMENTS,1,early
26,2,5,TROMBONE,INSTRUMENTS,2,early
26,2,6,BASS,INSTRUMENTS,4,early
26,2,7,VIOLA,INSTRUMENTS,3,early
26,2,8,ETHIOPIA,COUNTRIES,8,early
26,2,9,AUSTRALIA,COUNTRIES,6,early
26,2,10,POLAND,COUNTRIES,7,early
26,2,11,LION,MAMMALS,9,early
26,2,12,TAGGED,,12,early
26,2,13,MONKEY,MAMMALS,13,early
26,3,1,CALL,,1,early
26,3,2,CORRIDOR,BUILDING RELATED,13,early
26,3,3,DOOR,BUILDING RELATED,15,early
26,3,4,WINDOW,BUILDING RELATED,14,early
26,3,5,STRAWBERRY,FRUITS,1,early
26,3,6,KIWI,FRUITS,3,early
26,3,7,TANGELO,FRUITS,2,early
26,3,8,GIRAFFE,MAMMALS,9,early
26,3,9,COW,MAMMALS,10,early
26,3,10,HORSE,MAMMALS,11,early
26,3,11,REFRIGERATOR,KITCHEN-RELATED,5,early
26,3,12,SPATULA,KITCHEN-RELATED,6,early
26,3,13,GLASS,KITCHEN-RELATED,7,early
26,3,14,POMEGRANATE,FRUITS,11,early
26,3,15,ACTUALLY,,15,early
26,3,16,GUAVA,FRUITS,4,early
26,4,1,MONTANA,STATES,13,early
26,4,2,ARIZONA,STATES,14,early
26,4,3,UTAH,STATES,15,early
26,4,4,MAIN,,4,early
26,4,5,DRESS,CLOTHING,1,early
26,4,6,PANTS,CLOTHING,2,early
26,4,7,UNDERWEAR,CLOTHING,3,early
26,4,8,TURTLE,,8,early
26,4,9,KNIFE,KITCHEN-RELATED,9,early
26,4,10,SKILLET,KITCHEN-RELATED,10,early
26,4,11,TOASTER,KITCHEN-RELATED,11,early
26,4,12,BORK,,12,early
26,4,13,SUNFLOWER,FLOWERS,5,early
26,4,14,LILY,FLOWERS,7,early
26,4,15,NARCISSIST,,15,early
26,4,16,DAISY,FLOWERS,8,early
26,5,1,BULBS,,1,early
26,5,2,PROTRACTOR,TOOLS,15,early
26,5,3,CHISEL,TOOLS,13,early
26,5,4,SAW,TOOLS,14,early
26,5,5,ENGLAND,COUNTRIES,10,early
26,5,6,FRANCE,COUNTRIES,9,early
26,5,7,SWITZERLAND,COUNTRIES,12,early
26,5,8,JAPAN,COUNTRIES,11,early
26,5,9,LEOPARD,MAMMALS,2,early
26,5,10,CAT,MAMMALS,4,early
26,5,11,SQUIRREL,MAMMALS,1,early
26,5,12,SERIT,,12,early
26,5,13,PIANO,INSTRUMENTS,5,early
26,5,14,KAZOO,INSTRUMENTS,6,early
26,5,15,CLARINET,INSTRUMENTS,8,early
26,5,16,DRUM,INSTRUMENTS,7,early
26,6,1,SQUASH,VEGETABLES,16,early
26,6,2,OVER,,2,early
26,6,3,AGAIN,,3,early
26,6,4,/,,4,early
26,6,5,ZUCCHINI,VEGETABLES,15,early
26,6,6,STOCKHOLM,CITIES,1,early
26,6,7,BOMBAY,CITIES,2,early
26,6,8,MIAMI,CITIES,4,early
26,6,9,TORONTO,CITIES,3,early
26,6,10,WOLF,MAMMALS,12,early
26,6,11,PANTHER,MAMMALS,10,early
26,6,12,AND,,12,early
26,6,13,GO,,13,early
26,7,1,NECTARINE,FRUITS,9,early
26,7,2,APPLE,,2,early
26,7,3,TOKYO,CITIES,14,early
26,7,4,PHILADELPHIA,CITIES,16,early
26,7,5,HAWAII,STATES,1,early
26,7,6,WISCONSIN,STATES,2,early
26,7,7,CALIFORNIA,STATES,4,early
26,7,8,VERMONT,STATES,3,early
26,7,9,GROUPON,,9,early
26,8,1,SPINACH,VEGETABLES,16,late
26,8,2,GARLIC,VEGETABLES,15,late
26,8,3,SOUP,,3,late
26,8,4,POTATO,VEGETABLES,5,late
26,8,5,GERMANY,COUNTRIES,6,late
26,8,6,OR,,6,late
26,8,7,ON,,7,late
26,8,8,CUBA,COUNTRIES,9,late
26,8,9,JACKET,CLOTHING,1,late
26,8,10,BLOUSE,CLOTHING,10,late
26,8,11,ROBBIE,,11,late
26,8,12,FURNACE,BUILDING RELATED,13,late
26,9,1,SATYR,,1,late
26,9,2,TROUSERS,CLOTHING,13,late
26,9,3,BRA,CLOTHING,15,late
26,9,4,SYDNEY,CITIES,1,late
26,9,5,TEAK,TREES,14,late
26,9,6,MOSQUITO,INSECTS,12,late
26,9,7,OR,,7,late
26,9,8,NET,,8,late
26,9,9,CLAWS,,9,late
26,10,1,FINGER,BODY PARTS,16,late
26,10,2,ANKLE,BODY PARTS,5,late
26,10,3,LEFT,,3,late
26,10,4,ACCORDION,INSTRUMENTS,4,late
26,10,5,WARM,,5,late
26,10,6,LARVAE,,6,late
26,10,7,WATCH,,7,late
26,10,8,EUCALYPTUS,TREES,2,late
26,11,1,MONTREAL,CITIES,16,late
26,11,2,PARIS,CITIES,1,late
26,11,3,SAD,,3,late
26,11,4,TROMBONE,INSTRUMENTS,2,late
26,11,5,TAMBOURINE,INSTRUMENTS,12,late
26,11,6,PICCOLO,INSTRUMENTS,9,late
26,11,7,STOMACH,BODY PARTS,15,late
26,11,8,PARIS,CITIES,1,late
26,11,9,THERMOMETER,KITCHEN-RELATED,3,late
26,11,10,DALLAS,CITIES,4,late
26,12,1,RHINOCEROS,MAMMALS,16,late
26,12,2,ALASKA,STATES,5,late
26,12,3,PHILADELPHIA,CITIES,16,late
26,12,4,TEXAS,STATES,11,late
26,13,1,ALCOVE,BUILDING RELATED,11,late
26,13,2,CARNATION,FLOWERS,15,late
26,13,3,KITCHEN,BUILDING RELATED,16,late
26,13,4,AIRBASE,,4,late
26,13,5,HARD,,5,late
26,13,6,TULIP,FLOWERS,2,late
26,13,7,ROSE,FLOWERS,10,late
26,13,8,DOG,MAMMALS,12,late
26,13,9,KITCHEN,BUILDING RELATED,16,late
26,14,1,ELEVATOR,BUILDING RELATED,16,late
26,14,2,LOG,FLOWERS,14,late
26,14,3,FOUNDATION,BUILDING RELATED,4,late
26,14,4,ONION,VEGETABLES,9,late
26,14,5,FLOOR,BUILDING RELATED,8,late
26,14,6,CARPET,BUILDING RELATED,1,late
26,14,7,PICKLE,VEGETABLES,2,late
26,14,8,BROCCOLI,VEGETABLES,13,late
26,14,9,CAULIFLOWER,VEGETABLES,15,late
26,15,1,FAKE,,1,late
26,15,2,HAMMER,TOOLS,2,late
26,15,3,WIRE,TOOLS,14,late
26,15,4,ELM,TREES,4,late
26,15,5,HI,,5,late
27,0,1,RIDDLE,,1,early
27,0,2,STRAINER,KITCHEN-RELATED,16,early
27,0,3,AZALEA,FLOWERS,3,early
27,0,4,DAHLIA,FLOWERS,4,early
27,0,5,CARPET,BUILDING RELATED,11,early
27,0,6,FLOOR,BUILDING RELATED,12,early
27,0,7,CAULIFLOWER,VEGETABLES,7,early
27,0,8,ONION,VEGETABLES,8,early
27,0,9,BROCCOLI,VEGETABLES,5,early
27,0,10,GOOGLE,,10,early
27,0,11,FOUNDATION,BUILDING RELATED,9,early
27,0,12,ELEVATOR,BUILDING RELATED,10,early
27,0,13,BUTTERCUP,FLOWERS,2,early
27,0,14,LOG,FLOWERS,1,early
27,1,1,DOOR,BUILDING RELATED,16,early
27,1,2,CORRIDOR,BUILDING RELATED,15,early
27,1,3,WINDOWS,,3,early
27,1,4,CALL,,4,early
27,1,5,HOW,,5,early
27,1,6,GIRAFFE,MAMMALS,11,early
27,1,7,HORSE,MAMMALS,9,early
27,1,8,MOUSE,MAMMALS,10,early
27,1,9,STRAWBERRY,FRUITS,2,early
27,1,10,KIWI,FRUITS,3,early
27,1,11,ANGELO,,11,early
27,1,12,GUAVA,FRUITS,1,early
27,1,13,HOT,,13,early
27,1,14,GLASS,KITCHEN-RELATED,8,early
27,2,1,PROTRACTOR,TOOLS,15,early
27,2,2,SAW,TOOLS,16,early
27,2,3,BOATS,,3,early
27,2,4,CHISEL,TOOLS,14,early
27,2,5,LEOPARD,MAMMALS,11,early
27,2,6,SQUIRREL,MAMMALS,10,early
27,2,7,FERRETS,,7,early
27,2,8,FRANCE,COUNTRIES,7,early
27,2,9,SWITZERLAND,COUNTRIES,8,early
27,2,10,WIND,,10,early
27,2,11,JAPAN,COUNTRIES,5,early
27,2,12,PIANO,INSTRUMENTS,3,early
27,2,13,CLARINET,INSTRUMENTS,1,early
27,2,14,FROM,,14,early
27,2,15,KAZOO,INSTRUMENTS,4,early
27,3,1,MOG,,1,early
27,3,2,THERMOMETER,KITCHEN-RELATED,16,early
27,3,3,ROBIN,,3,early
27,3,4,BROILER,KITCHEN-RELATED,13,early
27,3,5,ROME,CITIES,5,early
27,3,6,IRIS,,6,early
27,3,7,MONTREAL,CITIES,7,early
27,3,8,DALLAS,CITIES,8,early
27,3,9,TRUMPET,INSTRUMENTS,3,early
27,3,10,PICCOLO,INSTRUMENTS,1,early
27,3,11,TAMBOURINE,INSTRUMENTS,2,early
27,3,12,-,,12,early
27,4,1,KITCHEN,BUILDING RELATED,15,early
27,4,2,BARN,BUILDING RELATED,16,early
27,4,3,ALCO,,3,early
27,4,4,GAZEBO,BUILDING RELATED,13,early
27,4,5,HEART,BODY PARTS,9,early
27,4,6,BASS,INSTRUMENTS,5,early
27,4,7,E,,7,early
27,4,8,R,,8,early
27,4,9,UNCLE,,9,early
27,4,10,JUNIOR,,10,early
27,4,11,TULIP,FLOWERS,4,early
27,4,12,CARNATION,FLOWERS,2,early
27,4,13,ROSE,FLOWERS,3,early
27,4,14,DOG,MAMMALS,6,early
27,4,15,DONKEY,MAMMALS,7,early
27,4,16,TIGER,MAMMALS,5,early
27,5,1,CEDAR,TREES,13,early
27,5,2,HOME,,2,early
27,5,3,PINK,,3,early
27,5,4,SYCAMORE,TREES,16,early
27,5,5,SWEATER,CLOTHING,11,early
27,5,6,WOLVES,,6,early
27,5,7,BRA,CLOTHING,10,early
27,5,8,TROUSERS,CLOTHING,9,early
27,5,9,RENO,CITIES,1,early
27,5,10,SYDNEY,CITIES,3,early
27,5,11,BERLIN,CITIES,2,early
27,5,12,CHICAGO,CITIES,4,early
27,5,13,MANTIS,INSECTS,7,early
27,5,14,CORNET,,14,early
27,5,15,WASP,INSECTS,8,early
27,5,16,MOSQUITO,INSECTS,6,early
27,6,1,MAPLE,TREES,13,early
27,6,2,HICKORY,TREES,14,early
27,6,3,VINE,,3,early
27,6,4,TRIANGLE,INSTRUMENTS,5,early
27,6,5,HELLO,,5,early
27,6,6,IOWA,STATES,11,early
27,6,7,WEDGE,TOOLS,3,early
27,6,8,SHIMMER,,8,early
27,6,9,SCREWS,TOOLS,1,early
27,6,10,WIRE,TOOLS,2,early
27,7,1,PANTHER,MAMMALS,13,early
27,7,2,GOAT,MAMMALS,14,early
27,7,3,SHEEP,MAMMALS,15,early
27,7,4,TORONTO,CITIES,2,early
27,7,5,MIAMI,CITIES,3,early
27,7,6,BOMBAY,CITIES,1,early
27,7,7,STOCKHOLM,CITIES,4,early
27,7,8,ZUCCHINI,VEGETABLES,10,early
27,7,9,SQUASH,VEGETABLES,9,early
27,7,10,AUBERGINE,VEGETABLES,11,early
27,7,11,COLORS,,11,early
27,7,12,SHOULDER,BODY PARTS,5,early
27,7,13,KIDNEY,BODY PARTS,6,early
27,7,14,ELBOW,BODY PARTS,8,early
27,8,1,CALIFORNIA,STATES,15,late
27,8,2,CLUE,,2,late
27,8,3,TOKYO,CITIES,13,late
27,8,4,KUMQUAT,FRUITS,14,late
27,8,5,JERUSALEM,CITIES,7,late
27,8,6,VERMONT,STATES,8,late
27,8,7,WASHER,TOOLS,6,late
27,8,8,VANCOUVER,CITIES,5,late
27,8,9,PHILADELPHIA,CITIES,9,late
27,8,10,RULER,TOOLS,10,late
27,8,11,MANGO,FRUITS,11,late
27,8,12,TANGERINE,,12,late
27,8,13,BANANA,FRUITS,4,late
27,8,14,HAWAII,STATES,3,late
27,8,15,WISCONSIN,STATES,2,late
27,9,1,FOX,MAMMALS,15,late
27,9,2,RAMA,,2,late
27,9,3,CHRYSALIS,INSECTS,1,late
27,9,4,RABBIT,MAMMALS,2,late
27,9,5,RUTABAGA,VEGETABLES,11,late
27,9,6,BEATLES,,6,late
27,9,7,OKRA,VEGETABLES,6,late
27,9,8,ALASKA,STATES,4,late
27,9,9,PENNSYLVANIA,STATES,13,late
27,9,10,GINGER,VEGETABLES,14,late
27,9,11,TERMITE,INSECTS,5,late
27,9,12,OHIO,STATES,7,late
27,10,1,ELEPHANT,MAMMALS,16,late
27,10,2,BIOLA,,2,late
27,10,3,TROMBONE,INSTRUMENTS,2,late
27,10,4,FOR,,4,late
27,10,5,RENT,,5,late
27,10,6,LETTUCE,VEGETABLES,9,late
27,10,7,CELERY,VEGETABLES,10,late
27,10,8,ZEBRA,MAMMALS,12,late
27,10,9,YAMS,VEGETABLES,11,late
27,10,10,LION,MAMMALS,7,late
27,10,11,CHECK,,11,late
27,10,12,AUSTRALIA,COUNTRIES,6,late
27,10,13,ETHIOPIA,COUNTRIES,13,late
27,10,14,MARACAS,INSTRUMENTS,14,late
27,10,15,ILLY,,15,late
27,11,1,SHIRT,CLOTHING,14,late
27,11,2,ROBE,CLOTHING,16,late
27,11,3,BLENDER,KITCHEN-RELATED,15,late
27,11,4,MIXER,KITCHEN-RELATED,12,late
27,11,5,OUT,,5,late
27,11,6,COTTONWOOD,TREES,8,late
27,11,7,OAK,TREES,6,late
27,11,8,SPRUCE,TREES,13,late
27,11,9,EVERGREEN,TREES,1,late
27,11,10,CALL,,10,late
27,11,11,LINDER,,11,late
27,11,12,BANJO,INSTRUMENTS,4,late
27,11,13,MARIMBA,INSTRUMENTS,5,late
27,11,14,UKULELE,INSTRUMENTS,9,late
27,12,1,GROSS,,1,late
27,12,2,ARTICHOKE,VEGETABLES,11,late
27,12,3,IRAN,COUNTRIES,12,late
27,12,4,CLOSET,BUILDING RELATED,14,late
27,12,5,EGYPT,COUNTRIES,13,late
27,12,6,POTATO,VEGETABLES,1,late
27,12,7,JACKET,CLOTHING,2,late
27,12,8,ROBBIE,,8,late
27,12,9,SUIT,CLOTHING,8,late
27,12,10,GERMANY,COUNTRIES,7,late
27,12,11,CAMISOLE,CLOTHING,9,late
27,12,12,CUBA,COUNTRIES,10,late
27,13,1,RIB,BODY PARTS,4,late
27,13,2,PANCREAS,BODY PARTS,16,late
27,13,3,IOWA,STATES,11,late
27,13,4,FLORIDA,STATES,8,late
27,13,5,MICHIGAN,STATES,10,late
27,13,6,MONKEY,MAMMALS,9,late
27,13,7,LIPS,,7,late
27,13,8,CLEMENTINE,FRUITS,7,late
27,13,9,POMEGRANATE,FRUITS,3,late
27,13,10,LEMON,FRUITS,1,late
27,13,11,RACCOON,,11,late
27,14,1,EUCALYPTUS,TREES,15,late
27,14,2,POPLAR,TREES,13,late
27,14,3,XYLOPHONE,INSTRUMENTS,14,late
27,14,4,FINGER,BODY PARTS,3,late
27,14,5,LARVAE,,5,late
27,14,6,WILLOW,TREES,2,late
27,14,7,SCORPION,INSECTS,7,late
27,14,8,WORM,INSECTS,8,late
27,14,9,GO,,9,late
27,14,10,BRONCOS,,10,late
27,14,11,GUITAR,INSTRUMENTS,9,late
27,14,12,LIPS,,12,late
27,15,1,GIRDLE,CLOTHING,15,late
27,15,2,DRESS,CLOTHING,16,late
27,15,3,NICE,,3,late
27,15,4,SUNFLOWER,FLOWERS,8,late
27,15,5,UTAH,STATES,1,late
27,15,6,POSTER,,6,late
27,15,7,ARIZONA,STATES,3,late
27,15,8,SKILLET,KITCHEN-RELATED,4,late
27,15,9,MAINE,STATES,5,late
27,15,10,NARCISSIST,,10,late
27,15,11,MONTANA,STATES,9,late
27,15,12,FORKS,,12,late
27,15,13,DAISY,FLOWERS,13,late
27,15,14,REALLY,,14,late
28,0,1,TOMATO,,1,early
28,0,2,SPINACH,VEGETABLES,2,early
28,0,3,ARTICHOKE,VEGETABLES,3,early
28,0,4,GARLIC,VEGETABLES,4,early
28,0,5,BLOUSE,CLOTHING,5,early
28,0,6,SOOT,,6,early
28,0,7,CHIMNEY,BUILDING RELATED,9,early
28,0,8,HURON,,8,early
28,0,9,EGYPT,COUNTRIES,14,early
28,0,10,CUBA,COUNTRIES,13,early
28,0,11,JACKET,CLOTHING,7,early
28,0,12,CHIMNEY,BUILDING RELATED,9,early
28,0,13,FURNACE,BUILDING RELATED,12,early
28,1,1,STOMACH,BODY PARTS,16,early
28,1,2,ARM,,2,early
28,1,3,PICCOLO,INSTRUMENTS,5,early
28,1,4,TUBA,INSTRUMENTS,6,early
28,1,5,TRUMPET,INSTRUMENTS,7,early
28,1,6,THERMOMETER,KITCHEN-RELATED,1,early
28,1,7,MUG,KITCHEN-RELATED,3,early
28,1,8,FURNACE,BUILDING RELATED,12,early
28,1,9,PARIS,CITIES,12,early
28,2,1,UKULELE,INSTRUMENTS,1,early
28,2,2,HARMONICA,INSTRUMENTS,3,early
28,2,3,BANJO,INSTRUMENTS,4,early
28,2,4,BELT,CLOTHING,13,early
28,2,5,SPRUCE,TREES,6,early
28,2,6,EVERGREEN,TREES,5,early
28,2,7,COTTONWOOD,TREES,7,early
28,2,8,MARIMBA,INSTRUMENTS,2,early
28,3,1,E,,1,early
28,3,2,R,,2,early
28,3,3,FACE,BODY PARTS,14,early
28,3,4,KNUCKLE,BODY PARTS,15,early
28,3,5,HEART,BODY PARTS,16,early
28,3,6,CARNATION,FLOWERS,9,early
28,3,7,ROSE,FLOWERS,10,early
28,3,8,TULIP,FLOWERS,11,early
28,3,9,TIGER,MAMMALS,1,early
28,3,10,ZEBRA,MAMMALS,7,early
28,3,11,HIPPOPOTAMUS,MAMMALS,3,early
28,3,12,DONKEY,MAMMALS,2,early
28,3,13,ALCOVE,BUILDING RELATED,7,early
28,4,1,JERUSALEM,CITIES,16,early
28,4,2,MANGO,FRUITS,5,early
28,4,3,BANANA,FRUITS,8,early
28,4,4,VANCOUVER,CITIES,14,early
28,4,5,HAWAII,STATES,12,early
28,4,6,CALIFORNIA,STATES,10,early
28,4,7,VERMONT,STATES,9,early
28,4,8,WISCONSIN,STATES,11,early
28,4,9,TOKYO,CITIES,13,early
28,4,10,KUMQUAT,FRUITS,7,early
28,4,11,NUTS,TOOLS,2,early
28,5,1,STUCK,,1,early
28,5,2,ON,,2,early
28,5,3,BAY,,3,early
28,5,4,KIDNEY,BODY PARTS,9,early
28,5,5,BUT,,5,early
28,5,6,PANTHER,MAMMALS,3,early
28,5,7,SHEEP,MAMMALS,4,early
28,5,8,WEALTH,,8,early
28,6,1,WIRE,TOOLS,2,early
28,6,2,WEDGE,TOOLS,1,early
28,6,3,SCREWS,TOOLS,3,early
28,6,4,HAMMER,TOOLS,4,early
28,6,5,BIG,,5,early
28,6,6,RASPBERRY,FRUITS,6,early
28,6,7,HONEYDEW,FRUITS,7,early
28,6,8,TRYING,,8,early
28,6,9,MAPLE,TREES,10,early
28,6,10,HICKORY,TREES,9,early
28,6,11,TRIANGLE,INSTRUMENTS,13,early
28,6,12,SAXOPHONE,INSTRUMENTS,16,early
28,6,13,CELLO,INSTRUMENTS,14,early
28,7,1,BERLIN,CITIES,16,early
28,7,2,MANTIS,INSECTS,9,early
28,7,3,MOSQUITO,INSECTS,11,early
28,7,4,MILLIPEDE,INSECTS,10,early
28,7,5,BRA,CLOTHING,5,early
28,7,6,TROUSERS,CLOTHING,7,early
28,7,7,CLUBS,,7,early
28,7,8,CHEEK,,8,early
28,8,1,PENNSYLVANIA,STATES,2,late
28,8,2,CHRYSALIS,INSECTS,15,late
28,8,3,RUTABAGA,VEGETABLES,6,late
28,9,1,GIRAFFES,,1,late
28,9,2,WINDOW,BUILDING RELATED,5,late
28,9,3,REFRIGERATOR,KITCHEN-RELATED,12,late
28,9,4,CORRIDOR,BUILDING RELATED,13,late
28,10,1,SAXOPHONE,INSTRUMENTS,16,late
28,10,2,WILLOW,TREES,9,late
28,10,3,LARVA,INSECTS,15,late
28,11,1,ZEBRA,MAMMALS,7,late
28,11,2,LION,MAMMALS,8,late
28,11,3,PIG,MAMMALS,10,late
28,11,4,CARROT,VEGETABLES,11,late
28,11,5,ETHIOPIA,COUNTRIES,6,late
28,11,6,AUSTRALIA,COUNTRIES,1,late
28,11,7,POLAND,COUNTRIES,12,late
28,11,8,MARACAS,INSTRUMENTS,15,late
28,11,9,ELEPHANT,MAMMALS,14,late
28,12,1,FLORIDA,STATES,13,late
28,12,2,MOOSE,MAMMALS,1,late
28,12,3,CLEMENTINE,FRUITS,2,late
28,12,4,POMEGRANATE,FRUITS,3,late
28,12,5,LEMON,FRUITS,4,late
28,12,6,ANTELOPE,MAMMALS,15,late
28,13,1,BROCCOLI,VEGETABLES,15,late
28,13,2,ONION,VEGETABLES,16,late
28,13,3,HEY,,3,late
28,13,4,COLE,,4,late
28,13,5,FOUNDATION,BUILDING RELATED,9,late
28,14,1,PIANO,INSTRUMENTS,1,late
28,14,2,FAULTS,,2,late
28,14,3,CHISEL,TOOLS,8,late
28,14,4,SWITZERLAND,COUNTRIES,16,late
28,15,1,SKILLET,KITCHEN-RELATED,1,late
28,15,2,GIRDLE,CLOTHING,2,late
28,15,3,NARCISSUS,FLOWERS,15,late
28,15,4,SUNFLOWER,FLOWERS,12,late
28,15,5,UNDERWEAR,CLOTHING,7,late
29,0,1,CHICAGO,CITIES,13,early
29,0,2,BERLIN,CITIES,15,early
29,0,3,SYDNEY,CITIES,16,early
29,0,4,MANTIS,INSECTS,5,early
29,0,5,TEAK,TREES,1,early
29,0,6,SETTER,,6,early
29,0,7,SYCAMORE,TREES,3,early
29,0,8,BRA,CLOTHING,11,early
29,0,9,TROUSERS,CLOTHING,9,early
29,1,1,GAZEBO,BUILDING RELATED,13,early
29,1,2,KITCHEN,BUILDING RELATED,14,early
29,1,3,BARN,BUILDING RELATED,15,early
29,1,4,ELKO,,4,early
29,1,5,HEART,BODY PARTS,1,early
29,1,6,KNUCKLE,BODY PARTS,3,early
29,1,7,EAR,BODY PARTS,4,early
29,1,8,NOSE,,8,early
29,1,9,HIPPOPOTAMUS,MAMMALS,5,early
29,1,10,DOG,MAMMALS,8,early
29,1,11,ROSE,FLOWERS,9,early
29,1,12,TULIP,FLOWERS,10,early
29,1,13,CARNATION,FLOWERS,11,early
29,1,14,PETUNIA,FLOWERS,12,early
29,2,1,ITALY,COUNTRIES,13,early
29,2,2,AUSTRALIA,COUNTRIES,14,early
29,2,3,ETHIOPIA,COUNTRIES,15,early
29,2,4,POLAND,COUNTRIES,16,early
29,2,5,BIG,,5,early
29,2,6,LION,MAMMALS,2,early
29,2,7,ELEPHANT,MAMMALS,3,early
29,2,8,ZEBRA,MAMMALS,4,early
29,2,9,LETTUCE,VEGETABLES,5,early
29,2,10,SALARY,,10,early
29,2,11,YAMS,VEGETABLES,7,early
29,2,12,CARROT,VEGETABLES,8,early
29,2,13,BASS,INSTRUMENTS,9,early
29,2,14,TROMBONE,INSTRUMENTS,12,early
29,3,1,ARMS,BODY PARTS,14,early
29,3,2,PELVIS,BODY PARTS,15,early
29,3,3,STOMACH,BODY PARTS,16,early
29,3,4,ROME,CITIES,5,early
29,3,5,PARIS,CITIES,6,early
29,3,6,DALLAS,CITIES,7,early
29,3,7,MONTREAL,CITIES,8,early
29,3,8,PICCOLO,INSTRUMENTS,1,early
29,3,9,TUBA,INSTRUMENTS,2,early
29,3,10,TRUMPET,INSTRUMENTS,3,early
29,3,11,TAMBOURINE,INSTRUMENTS,4,early
29,3,12,OPEN,,12,early
29,3,13,BROILER,KITCHEN-RELATED,11,early
29,3,14,MUG,KITCHEN-RELATED,10,early
29,4,1,MIXER,KITCHEN-RELATED,13,early
29,4,2,CALL,,2,early
29,4,3,LINDER,,3,early
29,4,4,BLENDER,KITCHEN-RELATED,16,early
29,4,5,JUMPER,CLOTHING,1,early
29,4,6,ROBE,CLOTHING,2,early
29,4,7,SHIRT,CLOTHING,4,early
29,4,8,BANJO,INSTRUMENTS,5,early
29,4,9,UKULELE,INSTRUMENTS,6,early
29,4,10,MARAMBA,,10,early
29,4,11,EVERGREEN,TREES,10,early
29,4,12,OAK,TREES,9,early
29,4,13,COTTONWOOD,TREES,11,early
29,5,1,FELLOW,,1,early
29,5,2,DOPPLER,,2,early
29,5,3,EUCALYPTUS,TREES,16,early
29,5,4,SCORPION,INSECTS,1,early
29,5,5,LARVA,INSECTS,2,early
29,5,6,MONARCH,INSECTS,4,early
29,5,7,GUITAR,INSTRUMENTS,6,early
29,5,8,XYLOPHONE,INSTRUMENTS,7,early
29,5,9,BANJO,INSTRUMENTS,5,early
29,6,1,DOOR,BUILDING RELATED,11,early
29,6,2,REFRIGERATOR,KITCHEN-RELATED,14,early
29,6,3,SPATULA,KITCHEN-RELATED,15,early
29,6,4,TELL,,4,early
29,6,5,MOUSE,MAMMALS,2,early
29,6,6,HORSE,MAMMALS,3,early
29,6,7,GIRAFFES,,7,early
29,6,8,KIWI,FRUITS,5,early
29,6,9,GUAVA,FRUITS,6,early
29,6,10,STRAWBERRY,FRUITS,7,early
29,6,11,ANGELO,,11,early
29,6,12,ALL,,12,early
29,6,13,WINDOW,BUILDING RELATED,10,early
29,6,14,GLASS,KITCHEN-RELATED,13,early
29,6,15,DOOR,BUILDING RELATED,11,early
29,7,1,PUMPKIN,VEGETABLES,16,early
29,7,2,KARAOKE,,2,early
29,7,3,RUTABAGA,VEGETABLES,14,early
29,7,4,OHIO,STATES,1,early
29,7,5,PENNSYLVANIA,STATES,2,early
29,7,6,ALASKA,STATES,3,early
29,7,7,TEXAS,STATES,4,early
29,7,8,FOX,MAMMALS,7,early
29,7,9,RHINOCEROS,MAMMALS,5,early
29,7,10,LLAMA,MAMMALS,6,early
29,7,11,DOG,MAMMALS,8,early
29,7,12,TERMITE,INSECTS,9,early
29,7,13,WASP,INSECTS,10,early
29,7,14,CHRYSALIS,INSECTS,11,early
29,8,1,KUMQUAT,FRUITS,1,late
29,8,2,BANANA,FRUITS,5,late
29,8,3,RULER,TOOLS,10,late
29,8,4,NUTS,TOOLS,11,late
29,8,5,HAWAII,STATES,4,late
29,8,6,TOKYO,CITIES,7,late
29,8,7,PHILADELPHIA,CITIES,16,late
29,8,8,JERUSALEM,CITIES,13,late
29,8,9,WASHER,TOOLS,6,late
29,8,10,NECTARINE,FRUITS,12,late
29,9,1,BUTTERCUP,FLOWERS,13,late
29,9,2,DAHLIA,FLOWERS,15,late
29,9,3,FOUNDATION,BUILDING RELATED,16,late
29,9,4,CELIA,,4,late
29,9,5,DISH,KITCHEN-RELATED,2,late
29,9,6,FLOOR,BUILDING RELATED,3,late
29,9,7,STRAINER,KITCHEN-RELATED,5,late
29,9,8,ONION,VEGETABLES,7,late
29,9,9,LOG,FLOWERS,6,late
29,9,10,ECHO,,10,late
29,9,11,CAULIFLOWER,VEGETABLES,10,late
29,9,12,CHERUBIM,,12,late
29,10,1,VIOLIN,INSTRUMENTS,12,late
29,10,2,TRELLO,,2,late
29,10,3,SAXOPHONE,INSTRUMENTS,15,late
29,10,4,WIRE,TOOLS,16,late
29,10,5,HAMMER,TOOLS,5,late
29,10,6,TRIANGLE,INSTRUMENTS,8,late
29,10,7,SCREWS,TOOLS,7,late
29,10,8,L,,8,late
29,10,9,BAKERY,,9,late
29,10,10,HONEYDEW,FRUITS,3,late
29,11,1,CAT,MAMMALS,15,late
29,11,2,FRANCE,COUNTRIES,3,late
29,11,3,SWITZERLAND,COUNTRIES,10,late
29,11,4,ENGLAND,COUNTRIES,14,late
29,11,5,DRUMS,,5,late
29,11,6,LEOPARD,MAMMALS,12,late
29,11,7,SQUIRRELS,,7,late
29,12,1,WOKE,,1,late
29,12,2,SHEEP,MAMMALS,15,late
29,12,3,FOOT,BODY PARTS,16,late
29,12,4,MIAMI,CITIES,9,late
29,12,5,TORONTO,CITIES,10,late
29,12,6,GOAT,MAMMALS,2,late
29,12,7,SQUASH,VEGETABLES,3,late
29,12,8,STOCKHOLM,CITIES,1,late
29,12,9,HIT,,9,late
29,12,10,ME,,10,late
29,12,11,SHOULDER,BODY PARTS,6,late
29,12,12,CALL,,12,late
29,12,13,BONES,,13,late
29,13,1,SUNFLOWER,FLOWERS,11,late
29,13,2,PANTS,CLOTHING,12,late
29,13,3,TRUSS,,3,late
29,13,4,TURTLE,,4,late
29,13,5,ARIZONA,STATES,14,late
29,13,6,MONTANA,STATES,2,late
29,13,7,MAINE,STATES,3,late
29,13,8,UTAH,STATES,4,late
29,13,9,CHLOE,,9,late
29,13,10,NICE,,10,late
29,13,11,FORK,KITCHEN-RELATED,8,late
29,14,1,TOOTH,BODY PARTS,16,late
29,14,2,FLORIDA,STATES,15,late
29,14,3,PANCREAS,BODY PARTS,10,late
29,14,4,MOOSE,MAMMALS,6,late
29,14,5,MICHIGAN,STATES,3,late
29,14,6,FLORIDA,STATES,15,late
29,14,7,RACCOON,,7,late
29,15,1,SPINACH,VEGETABLES,16,late
29,15,2,TAMMY,,2,late
29,15,3,SOULE,,3,late
29,15,4,SHOE,,4,late
29,15,5,GERMANY,COUNTRIES,11,late
29,15,6,IRAN,COUNTRIES,1,late
29,15,7,CUBA,COUNTRIES,2,late
29,15,8,POTATO,VEGETABLES,3,late
29,15,9,ARTICHOKE,VEGETABLES,10,late
